Fitter report for top
Fri Apr 10 19:11:47 2026
Quartus Prime Version 16.1.1 Build 200 11/30/2016 SJ Standard Edition


---------------------
; Table of Contents ;
---------------------
  1. Legal Notice
  2. Fitter Summary
  3. Fitter Settings
  4. Parallel Compilation
  5. Incremental Compilation Preservation Summary
  6. Incremental Compilation Partition Settings
  7. Incremental Compilation Placement Preservation
  8. Pin-Out File
  9. Fitter Resource Usage Summary
 10. Fitter Partition Statistics
 11. Input Pins
 12. Output Pins
 13. Bidir Pins
 14. Dual Purpose and Dedicated Pins
 15. I/O Bank Usage
 16. All Package Pins
 17. I/O Assignment Warnings
 18. Fitter Resource Utilization by Entity
 19. Delay Chain Summary
 20. Pad To Core Delay Chain Fanout
 21. Control Signals
 22. Global & Other Fast Signals
 23. Fitter RAM Summary
 24. Fitter DSP Block Usage Summary
 25. DSP Block Details
 26. Routing Usage Summary
 27. LAB Logic Elements
 28. LAB-wide Signals
 29. LAB Signals Sourced
 30. LAB Signals Sourced Out
 31. LAB Distinct Inputs
 32. I/O Rules Summary
 33. I/O Rules Details
 34. I/O Rules Matrix
 35. Fitter Device Options
 36. Operating Settings and Conditions
 37. Estimated Delay Added for Hold Timing Summary
 38. Estimated Delay Added for Hold Timing Details
 39. Fitter Messages
 40. Fitter Suppressed Messages



----------------
; Legal Notice ;
----------------
Copyright (C) 2016  Intel Corporation. All rights reserved.
Your use of Intel Corporation's design tools, logic functions 
and other software and tools, and its AMPP partner logic 
functions, and any output files from any of the foregoing 
(including device programming or simulation files), and any 
associated documentation or information are expressly subject 
to the terms and conditions of the Intel Program License 
Subscription Agreement, the Intel Quartus Prime License Agreement,
the Intel MegaCore Function License Agreement, or other 
applicable license agreement, including, without limitation, 
that your use is for the sole purpose of programming logic 
devices manufactured by Intel and sold by Intel or its 
authorized distributors.  Please refer to the applicable 
agreement for further details.



+--------------------------------------------------------------------------------------+
; Fitter Summary                                                                       ;
+------------------------------------+-------------------------------------------------+
; Fitter Status                      ; Successful - Fri Apr 10 19:11:47 2026           ;
; Quartus Prime Version              ; 16.1.1 Build 200 11/30/2016 SJ Standard Edition ;
; Revision Name                      ; top                                             ;
; Top-level Entity Name              ; top                                             ;
; Family                             ; MAX 10                                          ;
; Device                             ; 10M50DAF484C7G                                  ;
; Timing Models                      ; Final                                           ;
; Total logic elements               ; 22,783 / 49,760 ( 46 % )                        ;
;     Total combinational functions  ; 21,913 / 49,760 ( 44 % )                        ;
;     Dedicated logic registers      ; 5,516 / 49,760 ( 11 % )                         ;
; Total registers                    ; 5516                                            ;
; Total pins                         ; 20 / 360 ( 6 % )                                ;
; Total virtual pins                 ; 0                                               ;
; Total memory bits                  ; 524,288 / 1,677,312 ( 31 % )                    ;
; Embedded Multiplier 9-bit elements ; 6 / 288 ( 2 % )                                 ;
; Total PLLs                         ; 0 / 4 ( 0 % )                                   ;
; UFM blocks                         ; 0 / 1 ( 0 % )                                   ;
; ADC blocks                         ; 0 / 2 ( 0 % )                                   ;
+------------------------------------+-------------------------------------------------+


+------------------------------------------------------------------------------------------------------------------------------------------------------------+
; Fitter Settings                                                                                                                                            ;
+----------------------------------------------------------------------------+---------------------------------------+---------------------------------------+
; Option                                                                     ; Setting                               ; Default Value                         ;
+----------------------------------------------------------------------------+---------------------------------------+---------------------------------------+
; Device                                                                     ; 10M50DAF484C7G                        ;                                       ;
; Minimum Core Junction Temperature                                          ; 0                                     ;                                       ;
; Maximum Core Junction Temperature                                          ; 85                                    ;                                       ;
; Fit Attempts to Skip                                                       ; 0                                     ; 0.0                                   ;
; Use smart compilation                                                      ; Off                                   ; Off                                   ;
; Enable parallel Assembler and TimeQuest Timing Analyzer during compilation ; On                                    ; On                                    ;
; Enable compact report table                                                ; Off                                   ; Off                                   ;
; Auto Merge PLLs                                                            ; On                                    ; On                                    ;
; Router Timing Optimization Level                                           ; Normal                                ; Normal                                ;
; Perform Clocking Topology Analysis During Routing                          ; Off                                   ; Off                                   ;
; Placement Effort Multiplier                                                ; 1.0                                   ; 1.0                                   ;
; Router Effort Multiplier                                                   ; 1.0                                   ; 1.0                                   ;
; Optimize Hold Timing                                                       ; All Paths                             ; All Paths                             ;
; Optimize Multi-Corner Timing                                               ; On                                    ; On                                    ;
; PowerPlay Power Optimization During Fitting                                ; Normal compilation                    ; Normal compilation                    ;
; SSN Optimization                                                           ; Off                                   ; Off                                   ;
; Optimize Timing                                                            ; Normal compilation                    ; Normal compilation                    ;
; Optimize Timing for ECOs                                                   ; Off                                   ; Off                                   ;
; Regenerate Full Fit Report During ECO Compiles                             ; Off                                   ; Off                                   ;
; Optimize IOC Register Placement for Timing                                 ; Normal                                ; Normal                                ;
; Final Placement Optimizations                                              ; Automatically                         ; Automatically                         ;
; Fitter Initial Placement Seed                                              ; 1                                     ; 1                                     ;
; Periphery to Core Placement and Routing Optimization                       ; Off                                   ; Off                                   ;
; PCI I/O                                                                    ; Off                                   ; Off                                   ;
; Weak Pull-Up Resistor                                                      ; Off                                   ; Off                                   ;
; Enable Bus-Hold Circuitry                                                  ; Off                                   ; Off                                   ;
; Auto Packed Registers                                                      ; Auto                                  ; Auto                                  ;
; Auto Delay Chains                                                          ; On                                    ; On                                    ;
; Auto Delay Chains for High Fanout Input Pins                               ; Off                                   ; Off                                   ;
; Allow Single-ended Buffer for Differential-XSTL Input                      ; Off                                   ; Off                                   ;
; Treat Bidirectional Pin as Output Pin                                      ; Off                                   ; Off                                   ;
; Perform Physical Synthesis for Combinational Logic for Fitting             ; Off                                   ; Off                                   ;
; Perform Physical Synthesis for Combinational Logic for Performance         ; Off                                   ; Off                                   ;
; Perform Register Duplication for Performance                               ; Off                                   ; Off                                   ;
; Perform Logic to Memory Mapping for Fitting                                ; Off                                   ; Off                                   ;
; Perform Register Retiming for Performance                                  ; Off                                   ; Off                                   ;
; Perform Asynchronous Signal Pipelining                                     ; Off                                   ; Off                                   ;
; Fitter Effort                                                              ; Auto Fit                              ; Auto Fit                              ;
; Physical Synthesis Effort Level                                            ; Normal                                ; Normal                                ;
; Logic Cell Insertion - Logic Duplication                                   ; Auto                                  ; Auto                                  ;
; Auto Register Duplication                                                  ; Auto                                  ; Auto                                  ;
; Auto Global Clock                                                          ; On                                    ; On                                    ;
; Auto Global Register Control Signals                                       ; On                                    ; On                                    ;
; Reserve all unused pins                                                    ; As input tri-stated with weak pull-up ; As input tri-stated with weak pull-up ;
; Synchronizer Identification                                                ; Auto                                  ; Auto                                  ;
; Enable Beneficial Skew Optimization                                        ; On                                    ; On                                    ;
; Optimize Design for Metastability                                          ; On                                    ; On                                    ;
; Force Fitter to Avoid Periphery Placement Warnings                         ; Off                                   ; Off                                   ;
; Enable input tri-state on active configuration pins in user mode           ; Off                                   ; Off                                   ;
+----------------------------------------------------------------------------+---------------------------------------+---------------------------------------+


+------------------------------------------+
; Parallel Compilation                     ;
+----------------------------+-------------+
; Processors                 ; Number      ;
+----------------------------+-------------+
; Number detected on machine ; 16          ;
; Maximum allowed            ; 16          ;
;                            ;             ;
; Average used               ; 1.99        ;
; Maximum used               ; 16          ;
;                            ;             ;
; Usage by Processor         ; % Time Used ;
;     Processor 1            ; 100.0%      ;
;     Processor 2            ;   7.0%      ;
;     Processor 3            ;   6.9%      ;
;     Processor 4            ;   6.9%      ;
;     Processor 5            ;   6.9%      ;
;     Processor 6            ;   6.9%      ;
;     Processor 7            ;   6.8%      ;
;     Processor 8            ;   6.8%      ;
;     Processors 9-16        ;   6.3%      ;
+----------------------------+-------------+


+----------------------------------------------------------------------------------------------------+
; Incremental Compilation Preservation Summary                                                       ;
+---------------------+----------------------+----------------------------+--------------------------+
; Type                ; Total [A + B]        ; From Design Partitions [A] ; From Rapid Recompile [B] ;
+---------------------+----------------------+----------------------------+--------------------------+
; Placement (by node) ;                      ;                            ;                          ;
;     -- Requested    ; 0.00 % ( 0 / 27564 ) ; 0.00 % ( 0 / 27564 )       ; 0.00 % ( 0 / 27564 )     ;
;     -- Achieved     ; 0.00 % ( 0 / 27564 ) ; 0.00 % ( 0 / 27564 )       ; 0.00 % ( 0 / 27564 )     ;
;                     ;                      ;                            ;                          ;
; Routing (by net)    ;                      ;                            ;                          ;
;     -- Requested    ; 0.00 % ( 0 / 0 )     ; 0.00 % ( 0 / 0 )           ; 0.00 % ( 0 / 0 )         ;
;     -- Achieved     ; 0.00 % ( 0 / 0 )     ; 0.00 % ( 0 / 0 )           ; 0.00 % ( 0 / 0 )         ;
+---------------------+----------------------+----------------------------+--------------------------+


+----------------------------------------------------------------------------------------------------------------------------------------------------------------------------------------+
; Incremental Compilation Partition Settings                                                                                                                                             ;
+--------------------------------+----------------+-------------------+-------------------------+------------------------+------------------------------+--------------------------------+
; Partition Name                 ; Partition Type ; Netlist Type Used ; Preservation Level Used ; Netlist Type Requested ; Preservation Level Requested ; Contents                       ;
+--------------------------------+----------------+-------------------+-------------------------+------------------------+------------------------------+--------------------------------+
; Top                            ; User-created   ; Source File       ; N/A                     ; Source File            ; N/A                          ;                                ;
; hard_block:auto_generated_inst ; Auto-generated ; Source File       ; N/A                     ; Source File            ; N/A                          ; hard_block:auto_generated_inst ;
+--------------------------------+----------------+-------------------+-------------------------+------------------------+------------------------------+--------------------------------+


+------------------------------------------------------------------------------------------------------------------------------------+
; Incremental Compilation Placement Preservation                                                                                     ;
+--------------------------------+-----------------------+-------------------------+-------------------+---------------------+-------+
; Partition Name                 ; Preservation Achieved ; Preservation Level Used ; Netlist Type Used ; Preservation Method ; Notes ;
+--------------------------------+-----------------------+-------------------------+-------------------+---------------------+-------+
; Top                            ; 0.00 % ( 0 / 27548 )  ; N/A                     ; Source File       ; N/A                 ;       ;
; hard_block:auto_generated_inst ; 0.00 % ( 0 / 16 )     ; N/A                     ; Source File       ; N/A                 ;       ;
+--------------------------------+-----------------------+-------------------------+-------------------+---------------------+-------+


+--------------+
; Pin-Out File ;
+--------------+
The pin-out file can be found in E:/soc26prj/Quartus/output_files/top.pin.


+----------------------------------------------------------------------------+
; Fitter Resource Usage Summary                                              ;
+---------------------------------------------+------------------------------+
; Resource                                    ; Usage                        ;
+---------------------------------------------+------------------------------+
; Total logic elements                        ; 22,783 / 49,760 ( 46 % )     ;
;     -- Combinational with no register       ; 17267                        ;
;     -- Register only                        ; 870                          ;
;     -- Combinational with a register        ; 4646                         ;
;                                             ;                              ;
; Logic element usage by number of LUT inputs ;                              ;
;     -- 4 input functions                    ; 15560                        ;
;     -- 3 input functions                    ; 4943                         ;
;     -- <=2 input functions                  ; 1410                         ;
;     -- Register only                        ; 870                          ;
;                                             ;                              ;
; Logic elements by mode                      ;                              ;
;     -- normal mode                          ; 21120                        ;
;     -- arithmetic mode                      ; 793                          ;
;                                             ;                              ;
; Total registers*                            ; 5,516 / 51,509 ( 11 % )      ;
;     -- Dedicated logic registers            ; 5,516 / 49,760 ( 11 % )      ;
;     -- I/O registers                        ; 0 / 1,749 ( 0 % )            ;
;                                             ;                              ;
; Total LABs:  partially or completely used   ; 1,654 / 3,110 ( 53 % )       ;
; Virtual pins                                ; 0                            ;
; I/O pins                                    ; 20 / 360 ( 6 % )             ;
;     -- Clock pins                           ; 4 / 8 ( 50 % )               ;
;     -- Dedicated input pins                 ; 1 / 1 ( 100 % )              ;
;                                             ;                              ;
; M9Ks                                        ; 64 / 182 ( 35 % )            ;
; UFM blocks                                  ; 0 / 1 ( 0 % )                ;
; ADC blocks                                  ; 0 / 2 ( 0 % )                ;
; Total block memory bits                     ; 524,288 / 1,677,312 ( 31 % ) ;
; Total block memory implementation bits      ; 589,824 / 1,677,312 ( 35 % ) ;
; Embedded Multiplier 9-bit elements          ; 6 / 288 ( 2 % )              ;
; PLLs                                        ; 0 / 4 ( 0 % )                ;
; Global signals                              ; 6                            ;
;     -- Global clocks                        ; 6 / 20 ( 30 % )              ;
; JTAGs                                       ; 0 / 1 ( 0 % )                ;
; CRC blocks                                  ; 0 / 1 ( 0 % )                ;
; Remote update blocks                        ; 0 / 1 ( 0 % )                ;
; Oscillator blocks                           ; 0 / 1 ( 0 % )                ;
; Impedance control blocks                    ; 0 / 1 ( 0 % )                ;
; Average interconnect usage (total/H/V)      ; 25.9% / 24.7% / 27.5%        ;
; Peak interconnect usage (total/H/V)         ; 72.1% / 69.9% / 75.2%        ;
; Maximum fan-out                             ; 5253                         ;
; Highest non-global fan-out                  ; 270                          ;
; Total fan-out                               ; 101224                       ;
; Average fan-out                             ; 3.56                         ;
+---------------------------------------------+------------------------------+
*  Register count does not include registers inside RAM blocks or DSP blocks.



+-------------------------------------------------------------------------------------------------------+
; Fitter Partition Statistics                                                                           ;
+---------------------------------------------+------------------------+--------------------------------+
; Statistic                                   ; Top                    ; hard_block:auto_generated_inst ;
+---------------------------------------------+------------------------+--------------------------------+
; Difficulty Clustering Region                ; Low                    ; Low                            ;
;                                             ;                        ;                                ;
; Total logic elements                        ; 22783 / 49760 ( 46 % ) ; 0 / 49760 ( 0 % )              ;
;     -- Combinational with no register       ; 17267                  ; 0                              ;
;     -- Register only                        ; 870                    ; 0                              ;
;     -- Combinational with a register        ; 4646                   ; 0                              ;
;                                             ;                        ;                                ;
; Logic element usage by number of LUT inputs ;                        ;                                ;
;     -- 4 input functions                    ; 15560                  ; 0                              ;
;     -- 3 input functions                    ; 4943                   ; 0                              ;
;     -- <=2 input functions                  ; 1410                   ; 0                              ;
;     -- Register only                        ; 870                    ; 0                              ;
;                                             ;                        ;                                ;
; Logic elements by mode                      ;                        ;                                ;
;     -- normal mode                          ; 21120                  ; 0                              ;
;     -- arithmetic mode                      ; 793                    ; 0                              ;
;                                             ;                        ;                                ;
; Total registers                             ; 5516                   ; 0                              ;
;     -- Dedicated logic registers            ; 5516 / 49760 ( 11 % )  ; 0 / 49760 ( 0 % )              ;
;     -- I/O registers                        ; 0                      ; 0                              ;
;                                             ;                        ;                                ;
; Total LABs:  partially or completely used   ; 1654 / 3110 ( 53 % )   ; 0 / 3110 ( 0 % )               ;
;                                             ;                        ;                                ;
; Virtual pins                                ; 0                      ; 0                              ;
; I/O pins                                    ; 20                     ; 0                              ;
; Embedded Multiplier 9-bit elements          ; 6 / 288 ( 2 % )        ; 0 / 288 ( 0 % )                ;
; Total memory bits                           ; 524288                 ; 0                              ;
; Total RAM block bits                        ; 589824                 ; 0                              ;
; M9K                                         ; 64 / 182 ( 35 % )      ; 0 / 182 ( 0 % )                ;
; Clock control block                         ; 6 / 24 ( 25 % )        ; 0 / 24 ( 0 % )                 ;
; User Flash Memory                           ; 1 / 1 ( 100 % )        ; 0 / 1 ( 0 % )                  ;
; Analog-to-Digital Converter                 ; 2 / 2 ( 100 % )        ; 0 / 2 ( 0 % )                  ;
;                                             ;                        ;                                ;
; Connections                                 ;                        ;                                ;
;     -- Input Connections                    ; 9                      ; 0                              ;
;     -- Registered Input Connections         ; 0                      ; 0                              ;
;     -- Output Connections                   ; 9                      ; 0                              ;
;     -- Registered Output Connections        ; 0                      ; 0                              ;
;                                             ;                        ;                                ;
; Internal Connections                        ;                        ;                                ;
;     -- Total Connections                    ; 101348                 ; 8                              ;
;     -- Registered Connections               ; 28745                  ; 0                              ;
;                                             ;                        ;                                ;
; External Connections                        ;                        ;                                ;
;     -- Top                                  ; 18                     ; 0                              ;
;     -- hard_block:auto_generated_inst       ; 0                      ; 0                              ;
;                                             ;                        ;                                ;
; Partition Interface                         ;                        ;                                ;
;     -- Input Ports                          ; 8                      ; 0                              ;
;     -- Output Ports                         ; 3                      ; 0                              ;
;     -- Bidir Ports                          ; 9                      ; 0                              ;
;                                             ;                        ;                                ;
; Registered Ports                            ;                        ;                                ;
;     -- Registered Input Ports               ; 0                      ; 0                              ;
;     -- Registered Output Ports              ; 0                      ; 0                              ;
;                                             ;                        ;                                ;
; Port Connectivity                           ;                        ;                                ;
;     -- Input Ports driven by GND            ; 0                      ; 0                              ;
;     -- Output Ports driven by GND           ; 0                      ; 0                              ;
;     -- Input Ports driven by VCC            ; 0                      ; 0                              ;
;     -- Output Ports driven by VCC           ; 0                      ; 0                              ;
;     -- Input Ports with no Source           ; 0                      ; 0                              ;
;     -- Output Ports with no Source          ; 0                      ; 0                              ;
;     -- Input Ports with no Fanout           ; 0                      ; 0                              ;
;     -- Output Ports with no Fanout          ; 0                      ; 0                              ;
+---------------------------------------------+------------------------+--------------------------------+


+-----------------------------------------------------------------------------------------------------------------------------------------------------------------------------------------------------------------------------------------------------------------------------------------------+
; Input Pins                                                                                                                                                                                                                                                                                    ;
+--------------+-------+----------+--------------+--------------+--------------+-----------------------+--------------------+--------+----------------+---------------+-----------------+----------+--------------+--------------+---------------------------+----------------------+-----------+
; Name         ; Pin # ; I/O Bank ; X coordinate ; Y coordinate ; Z coordinate ; Combinational Fan-Out ; Registered Fan-Out ; Global ; Input Register ; Power Up High ; PCI I/O Enabled ; Bus Hold ; Weak Pull Up ; I/O Standard ; Termination Control Block ; Location assigned by ; Slew Rate ;
+--------------+-------+----------+--------------+--------------+--------------+-----------------------+--------------------+--------+----------------+---------------+-----------------+----------+--------------+--------------+---------------------------+----------------------+-----------+
; CLK          ; M8    ; 2        ; 0            ; 18           ; 14           ; 5253                  ; 0                  ; yes    ; no             ; no            ; yes             ; no       ; Off          ; 2.5 V        ; --                        ; Fitter               ; 0         ;
; RESETn       ; N4    ; 2        ; 0            ; 23           ; 14           ; 465                   ; 0                  ; yes    ; no             ; no            ; yes             ; no       ; Off          ; 2.5 V        ; --                        ; Fitter               ; 0         ;
; TCK          ; M9    ; 2        ; 0            ; 18           ; 21           ; 327                   ; 0                  ; yes    ; no             ; no            ; yes             ; no       ; Off          ; 2.5 V        ; --                        ; Fitter               ; 0         ;
; TDI          ; D12   ; 7        ; 51           ; 54           ; 0            ; 2                     ; 0                  ; no     ; no             ; no            ; yes             ; no       ; Off          ; 2.5 V        ; --                        ; Fitter               ; 0         ;
; timer0_extin ; A5    ; 8        ; 31           ; 39           ; 14           ; 1                     ; 0                  ; no     ; no             ; no            ; yes             ; no       ; Off          ; 2.5 V        ; --                        ; Fitter               ; 0         ;
; timer1_extin ; E17   ; 6        ; 78           ; 43           ; 14           ; 0                     ; 0                  ; no     ; no             ; no            ; yes             ; no       ; Off          ; 2.5 V        ; --                        ; Fitter               ; 0         ;
; uart1_rxd    ; A6    ; 8        ; 34           ; 39           ; 28           ; 1                     ; 0                  ; no     ; no             ; no            ; yes             ; no       ; Off          ; 2.5 V        ; --                        ; Fitter               ; 0         ;
; uart2_rxd    ; E18   ; 6        ; 78           ; 49           ; 0            ; 0                     ; 0                  ; no     ; no             ; no            ; yes             ; no       ; Off          ; 2.5 V        ; --                        ; Fitter               ; 0         ;
+--------------+-------+----------+--------------+--------------+--------------+-----------------------+--------------------+--------+----------------+---------------+-----------------+----------+--------------+--------------+---------------------------+----------------------+-----------+


+------------------------------------------------------------------------------------------------------------------------------------------------------------------------------------------------------------------------------------------------------------------------------------------------------------------------------------------------------------------------------------------------------------------------------------------------------------+
; Output Pins                                                                                                                                                                                                                                                                                                                                                                                                                                                ;
+-----------+-------+----------+--------------+--------------+--------------+-----------------+------------------------+---------------+-----------+-----------------+------------+---------------+----------+--------------+--------------+------------------+-----------------------------------+---------------------------+----------------------------+-----------------------------+----------------------+----------------------+---------------------+
; Name      ; Pin # ; I/O Bank ; X coordinate ; Y coordinate ; Z coordinate ; Output Register ; Output Enable Register ; Power Up High ; Slew Rate ; PCI I/O Enabled ; Open Drain ; TRI Primitive ; Bus Hold ; Weak Pull Up ; I/O Standard ; Current Strength ; Termination                       ; Termination Control Block ; Output Buffer Pre-emphasis ; Voltage Output Differential ; Location assigned by ; Output Enable Source ; Output Enable Group ;
+-----------+-------+----------+--------------+--------------+--------------+-----------------+------------------------+---------------+-----------+-----------------+------------+---------------+----------+--------------+--------------+------------------+-----------------------------------+---------------------------+----------------------------+-----------------------------+----------------------+----------------------+---------------------+
; TDO       ; B12   ; 7        ; 49           ; 54           ; 0            ; no              ; no                     ; no            ; 2         ; yes             ; no         ; yes           ; no       ; Off          ; 2.5 V        ; Default          ; Series 50 Ohm without Calibration ; --                        ; no                         ; no                          ; Fitter               ; -                    ; -                   ;
; uart1_txd ; D8    ; 8        ; 31           ; 39           ; 0            ; no              ; no                     ; no            ; 2         ; no              ; no         ; no            ; no       ; Off          ; 2.5 V        ; Default          ; Series 50 Ohm without Calibration ; --                        ; no                         ; no                          ; Fitter               ; -                    ; -                   ;
; uart2_txd ; AA20  ; 4        ; 62           ; 0            ; 21           ; no              ; no                     ; no            ; 2         ; no              ; no         ; no            ; no       ; Off          ; 2.5 V        ; Default          ; Series 50 Ohm without Calibration ; --                        ; no                         ; no                          ; Fitter               ; -                    ; -                   ;
+-----------+-------+----------+--------------+--------------+--------------+-----------------+------------------------+---------------+-----------+-----------------+------------+---------------+----------+--------------+--------------+------------------+-----------------------------------+---------------------------+----------------------------+-----------------------------+----------------------+----------------------+---------------------+


+-------------------------------------------------------------------------------------------------------------------------------------------------------------------------------------------------------------------------------------------------------------------------------------------------------------------------------------------------------------------------------------------------------------------------------------------------------------------------------------------------------------------------------------------------------------------------------------------------------+
; Bidir Pins                                                                                                                                                                                                                                                                                                                                                                                                                                                                                                                                                                                            ;
+---------------------+-------+----------+--------------+--------------+--------------+-----------------------+--------------------+--------+----------------+-----------------+------------------------+---------------+-----------+-----------------+------------+----------+--------------+--------------+------------------+-----------------------------------+---------------------------+----------------------------+----------------------+----------------------+-----------------------------------------------------------------------------------------------------------------------------+
; Name                ; Pin # ; I/O Bank ; X coordinate ; Y coordinate ; Z coordinate ; Combinational Fan-Out ; Registered Fan-Out ; Global ; Input Register ; Output Register ; Output Enable Register ; Power Up High ; Slew Rate ; PCI I/O Enabled ; Open Drain ; Bus Hold ; Weak Pull Up ; I/O Standard ; Current Strength ; Output Termination                ; Termination Control Block ; Output Buffer Pre-emphasis ; Location assigned by ; Output Enable Source ; Output Enable Group                                                                                                         ;
+---------------------+-------+----------+--------------+--------------+--------------+-----------------------+--------------------+--------+----------------+-----------------+------------------------+---------------+-----------+-----------------+------------+----------+--------------+--------------+------------------+-----------------------------------+---------------------------+----------------------------+----------------------+----------------------+-----------------------------------------------------------------------------------------------------------------------------+
; TMS                 ; A11   ; 7        ; 51           ; 54           ; 7            ; 26                    ; 0                  ; no     ; no             ; no              ; no                     ; no            ; 2         ; yes             ; no         ; no       ; Off          ; 2.5 V        ; Default          ; Series 50 Ohm without Calibration ; --                        ; no                         ; Fitter               ; 0 pF                 ; CORTEXM3INTEGRATIONDS:u_CORTEXM3INTEGRATION|cortexm3ds_logic:u_cortexm3ds_logic|J0doz6 (inverted)                           ;
; b_pad_gpio_porta[0] ; E10   ; 8        ; 36           ; 39           ; 21           ; 2                     ; 0                  ; no     ; no             ; no              ; no                     ; no            ; 2         ; yes             ; no         ; no       ; Off          ; 2.5 V        ; Default          ; Series 50 Ohm without Calibration ; --                        ; no                         ; Fitter               ; 0 pF                 ; cmsdk_apb_subsystem:u_apb_subsystem|gpio:gen_apb_gpio_0.u_gpio_0|gpio_apbif:x_gpio_apbif|int_gpio_swporta_ddr[0] (inverted) ;
; b_pad_gpio_porta[1] ; D9    ; 8        ; 31           ; 39           ; 7            ; 2                     ; 0                  ; no     ; no             ; no              ; no                     ; no            ; 2         ; yes             ; no         ; no       ; Off          ; 2.5 V        ; Default          ; Series 50 Ohm without Calibration ; --                        ; no                         ; Fitter               ; 0 pF                 ; cmsdk_apb_subsystem:u_apb_subsystem|gpio:gen_apb_gpio_0.u_gpio_0|gpio_apbif:x_gpio_apbif|int_gpio_swporta_ddr[1] (inverted) ;
; b_pad_gpio_porta[2] ; B7    ; 8        ; 34           ; 39           ; 21           ; 2                     ; 0                  ; no     ; no             ; no              ; no                     ; no            ; 2         ; yes             ; no         ; no       ; Off          ; 2.5 V        ; Default          ; Series 50 Ohm without Calibration ; --                        ; no                         ; Fitter               ; 0 pF                 ; cmsdk_apb_subsystem:u_apb_subsystem|gpio:gen_apb_gpio_0.u_gpio_0|gpio_apbif:x_gpio_apbif|int_gpio_swporta_ddr[2] (inverted) ;
; b_pad_gpio_porta[3] ; C7    ; 8        ; 34           ; 39           ; 0            ; 2                     ; 0                  ; no     ; no             ; no              ; no                     ; no            ; 2         ; yes             ; no         ; no       ; Off          ; 2.5 V        ; Default          ; Series 50 Ohm without Calibration ; --                        ; no                         ; Fitter               ; 0 pF                 ; cmsdk_apb_subsystem:u_apb_subsystem|gpio:gen_apb_gpio_0.u_gpio_0|gpio_apbif:x_gpio_apbif|int_gpio_swporta_ddr[3] (inverted) ;
; b_pad_gpio_porta[4] ; E11   ; 8        ; 36           ; 39           ; 14           ; 2                     ; 0                  ; no     ; no             ; no              ; no                     ; no            ; 2         ; yes             ; no         ; no       ; Off          ; 2.5 V        ; Default          ; Series 50 Ohm without Calibration ; --                        ; no                         ; Fitter               ; 0 pF                 ; cmsdk_apb_subsystem:u_apb_subsystem|gpio:gen_apb_gpio_0.u_gpio_0|gpio_apbif:x_gpio_apbif|int_gpio_swporta_ddr[4] (inverted) ;
; b_pad_gpio_porta[5] ; J10   ; 8        ; 34           ; 39           ; 7            ; 2                     ; 0                  ; no     ; no             ; no              ; no                     ; no            ; 2         ; yes             ; no         ; no       ; Off          ; 2.5 V        ; Default          ; Series 50 Ohm without Calibration ; --                        ; no                         ; Fitter               ; 0 pF                 ; cmsdk_apb_subsystem:u_apb_subsystem|gpio:gen_apb_gpio_0.u_gpio_0|gpio_apbif:x_gpio_apbif|int_gpio_swporta_ddr[5] (inverted) ;
; b_pad_gpio_porta[6] ; H11   ; 8        ; 34           ; 39           ; 14           ; 2                     ; 0                  ; no     ; no             ; no              ; no                     ; no            ; 2         ; yes             ; no         ; no       ; Off          ; 2.5 V        ; Default          ; Series 50 Ohm without Calibration ; --                        ; no                         ; Fitter               ; 0 pF                 ; cmsdk_apb_subsystem:u_apb_subsystem|gpio:gen_apb_gpio_0.u_gpio_0|gpio_apbif:x_gpio_apbif|int_gpio_swporta_ddr[6] (inverted) ;
; b_pad_gpio_porta[7] ; C8    ; 8        ; 36           ; 39           ; 28           ; 2                     ; 0                  ; no     ; no             ; no              ; no                     ; no            ; 2         ; yes             ; no         ; no       ; Off          ; 2.5 V        ; Default          ; Series 50 Ohm without Calibration ; --                        ; no                         ; Fitter               ; 0 pF                 ; cmsdk_apb_subsystem:u_apb_subsystem|gpio:gen_apb_gpio_0.u_gpio_0|gpio_apbif:x_gpio_apbif|int_gpio_swporta_ddr[7] (inverted) ;
+---------------------+-------+----------+--------------+--------------+--------------+-----------------------+--------------------+--------+----------------+-----------------+------------------------+---------------+-----------+-----------------+------------+----------+--------------+--------------+------------------+-----------------------------------+---------------------------+----------------------------+----------------------+----------------------+-----------------------------------------------------------------------------------------------------------------------------+


+-----------------------------------------------------------------------------------------------------------------------------------------+
; Dual Purpose and Dedicated Pins                                                                                                         ;
+----------+----------------------------------------------------+--------------------------------+---------------------+------------------+
; Location ; Pin Name                                           ; Reserved As                    ; User Signal Name    ; Pin Type         ;
+----------+----------------------------------------------------+--------------------------------+---------------------+------------------+
; H2       ; DIFFIO_RX_L17n, DIFFOUT_L17n, TMS, Low_Speed       ; Reserved as secondary function ; ~ALTERA_TMS~        ; Dual Purpose Pin ;
; G2       ; DIFFIO_RX_L17p, DIFFOUT_L17p, TCK, Low_Speed       ; Reserved as secondary function ; ~ALTERA_TCK~        ; Dual Purpose Pin ;
; L4       ; DIFFIO_RX_L18n, DIFFOUT_L18n, TDI, Low_Speed       ; Reserved as secondary function ; ~ALTERA_TDI~        ; Dual Purpose Pin ;
; M5       ; DIFFIO_RX_L18p, DIFFOUT_L18p, TDO, Low_Speed       ; Reserved as secondary function ; ~ALTERA_TDO~        ; Dual Purpose Pin ;
; D9       ; DIFFIO_RX_T42n, DIFFOUT_T42n, DEV_CLRn, Low_Speed  ; Use as regular IO              ; b_pad_gpio_porta[1] ; Dual Purpose Pin ;
; H10      ; CONFIG_SEL, Low_Speed                              ; Reserved as secondary function ; ~ALTERA_CONFIG_SEL~ ; Dual Purpose Pin ;
; H9       ; nCONFIG, Low_Speed                                 ; Reserved as secondary function ; ~ALTERA_nCONFIG~    ; Dual Purpose Pin ;
; G9       ; DIFFIO_RX_T50p, DIFFOUT_T50p, nSTATUS, Low_Speed   ; Reserved as secondary function ; ~ALTERA_nSTATUS~    ; Dual Purpose Pin ;
; F8       ; DIFFIO_RX_T50n, DIFFOUT_T50n, CONF_DONE, Low_Speed ; Reserved as secondary function ; ~ALTERA_CONF_DONE~  ; Dual Purpose Pin ;
+----------+----------------------------------------------------+--------------------------------+---------------------+------------------+


+------------------------------------------------------------+
; I/O Bank Usage                                             ;
+----------+------------------+---------------+--------------+
; I/O Bank ; Usage            ; VCCIO Voltage ; VREF Voltage ;
+----------+------------------+---------------+--------------+
; 1A       ; 0 / 16 ( 0 % )   ; 2.5V          ; --           ;
; 1B       ; 4 / 24 ( 17 % )  ; 2.5V          ; --           ;
; 2        ; 3 / 36 ( 8 % )   ; 2.5V          ; --           ;
; 3        ; 0 / 48 ( 0 % )   ; 2.5V          ; --           ;
; 4        ; 1 / 48 ( 2 % )   ; 2.5V          ; --           ;
; 5        ; 0 / 40 ( 0 % )   ; 2.5V          ; --           ;
; 6        ; 2 / 60 ( 3 % )   ; 2.5V          ; --           ;
; 7        ; 3 / 52 ( 6 % )   ; 2.5V          ; --           ;
; 8        ; 15 / 36 ( 42 % ) ; 2.5V          ; --           ;
+----------+------------------+---------------+--------------+


+---------------------------------------------------------------------------------------------------------------------------------------------------------------------------------------+
; All Package Pins                                                                                                                                                                      ;
+----------+------------+----------+------------------------------------------------+--------+-----------------------+---------+------------+-----------------+----------+--------------+
; Location ; Pad Number ; I/O Bank ; Pin Name/Usage                                 ; Dir.   ; I/O Standard          ; Voltage ; I/O Type   ; User Assignment ; Bus Hold ; Weak Pull Up ;
+----------+------------+----------+------------------------------------------------+--------+-----------------------+---------+------------+-----------------+----------+--------------+
; A1       ;            ;          ; GND                                            ; gnd    ;                       ;         ; --         ;                 ; --       ; --           ;
; A2       ; 481        ; 8        ; RESERVED_INPUT_WITH_WEAK_PULLUP                ;        ;                       ;         ; Column I/O ;                 ; no       ; On           ;
; A3       ; 483        ; 8        ; RESERVED_INPUT_WITH_WEAK_PULLUP                ;        ;                       ;         ; Column I/O ;                 ; no       ; On           ;
; A4       ; 475        ; 8        ; RESERVED_INPUT_WITH_WEAK_PULLUP                ;        ;                       ;         ; Column I/O ;                 ; no       ; On           ;
; A5       ; 473        ; 8        ; timer0_extin                                   ; input  ; 2.5 V                 ;         ; Column I/O ; N               ; no       ; Off          ;
; A6       ; 471        ; 8        ; uart1_rxd                                      ; input  ; 2.5 V                 ;         ; Column I/O ; N               ; no       ; Off          ;
; A7       ; 445        ; 7        ; RESERVED_INPUT_WITH_WEAK_PULLUP                ;        ;                       ;         ; Column I/O ;                 ; no       ; On           ;
; A8       ; 447        ; 7        ; RESERVED_INPUT_WITH_WEAK_PULLUP                ;        ;                       ;         ; Column I/O ;                 ; no       ; On           ;
; A9       ; 449        ; 7        ; RESERVED_INPUT_WITH_WEAK_PULLUP                ;        ;                       ;         ; Column I/O ;                 ; no       ; On           ;
; A10      ; 439        ; 7        ; RESERVED_INPUT_WITH_WEAK_PULLUP                ;        ;                       ;         ; Column I/O ;                 ; no       ; On           ;
; A11      ; 437        ; 7        ; TMS                                            ; bidir  ; 2.5 V                 ;         ; Column I/O ; N               ; no       ; Off          ;
; A12      ; 435        ; 7        ; RESERVED_INPUT_WITH_WEAK_PULLUP                ;        ;                       ;         ; Column I/O ;                 ; no       ; On           ;
; A13      ; 433        ; 7        ; RESERVED_INPUT_WITH_WEAK_PULLUP                ;        ;                       ;         ; Column I/O ;                 ; no       ; On           ;
; A14      ; 425        ; 7        ; RESERVED_INPUT_WITH_WEAK_PULLUP                ;        ;                       ;         ; Column I/O ;                 ; no       ; On           ;
; A15      ; 421        ; 7        ; RESERVED_INPUT_WITH_WEAK_PULLUP                ;        ;                       ;         ; Column I/O ;                 ; no       ; On           ;
; A16      ; 419        ; 7        ; RESERVED_INPUT_WITH_WEAK_PULLUP                ;        ;                       ;         ; Column I/O ;                 ; no       ; On           ;
; A17      ; 407        ; 7        ; RESERVED_INPUT_WITH_WEAK_PULLUP                ;        ;                       ;         ; Column I/O ;                 ; no       ; On           ;
; A18      ; 405        ; 7        ; RESERVED_INPUT_WITH_WEAK_PULLUP                ;        ;                       ;         ; Column I/O ;                 ; no       ; On           ;
; A19      ; 403        ; 7        ; RESERVED_INPUT_WITH_WEAK_PULLUP                ;        ;                       ;         ; Column I/O ;                 ; no       ; On           ;
; A20      ; 401        ; 7        ; RESERVED_INPUT_WITH_WEAK_PULLUP                ;        ;                       ;         ; Column I/O ;                 ; no       ; On           ;
; A21      ; 371        ; 6        ; RESERVED_INPUT_WITH_WEAK_PULLUP                ;        ;                       ;         ; Row I/O    ;                 ; no       ; On           ;
; A22      ;            ;          ; GND                                            ; gnd    ;                       ;         ; --         ;                 ; --       ; --           ;
; AA1      ; 133        ; 3        ; RESERVED_INPUT_WITH_WEAK_PULLUP                ;        ;                       ;         ; Column I/O ;                 ; no       ; On           ;
; AA2      ; 135        ; 3        ; RESERVED_INPUT_WITH_WEAK_PULLUP                ;        ;                       ;         ; Column I/O ;                 ; no       ; On           ;
; AA3      ; 153        ; 3        ; RESERVED_INPUT_WITH_WEAK_PULLUP                ;        ;                       ;         ; Column I/O ;                 ; --       ; --           ;
; AA4      ;            ;          ; GND                                            ; gnd    ;                       ;         ; --         ;                 ; --       ; --           ;
; AA5      ; 157        ; 3        ; RESERVED_INPUT_WITH_WEAK_PULLUP                ;        ;                       ;         ; Column I/O ;                 ; no       ; On           ;
; AA6      ; 156        ; 3        ; RESERVED_INPUT_WITH_WEAK_PULLUP                ;        ;                       ;         ; Column I/O ;                 ; no       ; On           ;
; AA7      ; 158        ; 3        ; RESERVED_INPUT_WITH_WEAK_PULLUP                ;        ;                       ;         ; Column I/O ;                 ; no       ; On           ;
; AA8      ; 165        ; 3        ; RESERVED_INPUT_WITH_WEAK_PULLUP                ;        ;                       ;         ; Column I/O ;                 ; no       ; On           ;
; AA9      ; 169        ; 3        ; RESERVED_INPUT_WITH_WEAK_PULLUP                ;        ;                       ;         ; Column I/O ;                 ; no       ; On           ;
; AA10     ; 170        ; 3        ; RESERVED_INPUT_WITH_WEAK_PULLUP                ;        ;                       ;         ; Column I/O ;                 ; no       ; On           ;
; AA11     ; 180        ; 4        ; RESERVED_INPUT_WITH_WEAK_PULLUP                ;        ;                       ;         ; Column I/O ;                 ; no       ; On           ;
; AA12     ; 182        ; 4        ; RESERVED_INPUT_WITH_WEAK_PULLUP                ;        ;                       ;         ; Column I/O ;                 ; no       ; On           ;
; AA13     ; 197        ; 4        ; RESERVED_INPUT_WITH_WEAK_PULLUP                ;        ;                       ;         ; Column I/O ;                 ; --       ; --           ;
; AA14     ; 201        ; 4        ; RESERVED_INPUT_WITH_WEAK_PULLUP                ;        ;                       ;         ; Column I/O ;                 ; no       ; On           ;
; AA15     ; 205        ; 4        ; RESERVED_INPUT_WITH_WEAK_PULLUP                ;        ;                       ;         ; Column I/O ;                 ; no       ; On           ;
; AA16     ; 211        ; 4        ; RESERVED_INPUT_WITH_WEAK_PULLUP                ;        ;                       ;         ; Column I/O ;                 ; no       ; On           ;
; AA17     ; 212        ; 4        ; RESERVED_INPUT_WITH_WEAK_PULLUP                ;        ;                       ;         ; Column I/O ;                 ; no       ; On           ;
; AA18     ;            ;          ; GND                                            ; gnd    ;                       ;         ; --         ;                 ; --       ; --           ;
; AA19     ; 217        ; 4        ; RESERVED_INPUT_WITH_WEAK_PULLUP                ;        ;                       ;         ; Column I/O ;                 ; no       ; On           ;
; AA20     ; 227        ; 4        ; uart2_txd                                      ; output ; 2.5 V                 ;         ; Column I/O ; N               ; no       ; Off          ;
; AA21     ; 245        ; 5        ; RESERVED_INPUT_WITH_WEAK_PULLUP                ;        ;                       ;         ; Row I/O    ;                 ; no       ; On           ;
; AA22     ; 247        ; 5        ; RESERVED_INPUT_WITH_WEAK_PULLUP                ;        ;                       ;         ; Row I/O    ;                 ; no       ; On           ;
; AB1      ;            ;          ; GND                                            ; gnd    ;                       ;         ; --         ;                 ; --       ; --           ;
; AB2      ; 145        ; 3        ; RESERVED_INPUT_WITH_WEAK_PULLUP                ;        ;                       ;         ; Column I/O ;                 ; no       ; On           ;
; AB3      ; 147        ; 3        ; RESERVED_INPUT_WITH_WEAK_PULLUP                ;        ;                       ;         ; Column I/O ;                 ; no       ; On           ;
; AB4      ; 155        ; 3        ; RESERVED_INPUT_WITH_WEAK_PULLUP                ;        ;                       ;         ; Column I/O ;                 ; no       ; On           ;
; AB5      ; 159        ; 3        ; RESERVED_INPUT_WITH_WEAK_PULLUP                ;        ;                       ;         ; Column I/O ;                 ; no       ; On           ;
; AB6      ; 161        ; 3        ; RESERVED_INPUT_WITH_WEAK_PULLUP                ;        ;                       ;         ; Column I/O ;                 ; no       ; On           ;
; AB7      ; 163        ; 3        ; RESERVED_INPUT_WITH_WEAK_PULLUP                ;        ;                       ;         ; Column I/O ;                 ; no       ; On           ;
; AB8      ; 167        ; 3        ; RESERVED_INPUT_WITH_WEAK_PULLUP                ;        ;                       ;         ; Column I/O ;                 ; no       ; On           ;
; AB9      ; 171        ; 3        ; RESERVED_INPUT_WITH_WEAK_PULLUP                ;        ;                       ;         ; Column I/O ;                 ; no       ; On           ;
; AB10     ; 177        ; 4        ; RESERVED_INPUT_WITH_WEAK_PULLUP                ;        ;                       ;         ; Column I/O ;                 ; no       ; On           ;
; AB11     ; 179        ; 4        ; RESERVED_INPUT_WITH_WEAK_PULLUP                ;        ;                       ;         ; Column I/O ;                 ; no       ; On           ;
; AB12     ; 181        ; 4        ; RESERVED_INPUT_WITH_WEAK_PULLUP                ;        ;                       ;         ; Column I/O ;                 ; no       ; On           ;
; AB13     ; 183        ; 4        ; RESERVED_INPUT_WITH_WEAK_PULLUP                ;        ;                       ;         ; Column I/O ;                 ; no       ; On           ;
; AB14     ; 199        ; 4        ; RESERVED_INPUT_WITH_WEAK_PULLUP                ;        ;                       ;         ; Column I/O ;                 ; no       ; On           ;
; AB15     ; 203        ; 4        ; RESERVED_INPUT_WITH_WEAK_PULLUP                ;        ;                       ;         ; Column I/O ;                 ; no       ; On           ;
; AB16     ; 209        ; 4        ; RESERVED_INPUT_WITH_WEAK_PULLUP                ;        ;                       ;         ; Column I/O ;                 ; no       ; On           ;
; AB17     ; 241        ; 4        ; RESERVED_INPUT_WITH_WEAK_PULLUP                ;        ;                       ;         ; Column I/O ;                 ; no       ; On           ;
; AB18     ; 243        ; 4        ; RESERVED_INPUT_WITH_WEAK_PULLUP                ;        ;                       ;         ; Column I/O ;                 ; no       ; On           ;
; AB19     ; 213        ; 4        ; RESERVED_INPUT_WITH_WEAK_PULLUP                ;        ;                       ;         ; Column I/O ;                 ; no       ; On           ;
; AB20     ; 215        ; 4        ; RESERVED_INPUT_WITH_WEAK_PULLUP                ;        ;                       ;         ; Column I/O ;                 ; no       ; On           ;
; AB21     ; 225        ; 4        ; RESERVED_INPUT_WITH_WEAK_PULLUP                ;        ;                       ;         ; Column I/O ;                 ; no       ; On           ;
; AB22     ;            ;          ; GND                                            ; gnd    ;                       ;         ; --         ;                 ; --       ; --           ;
; B1       ; 495        ; 8        ; RESERVED_INPUT_WITH_WEAK_PULLUP                ;        ;                       ;         ; Column I/O ;                 ; no       ; On           ;
; B2       ; 493        ; 8        ; RESERVED_INPUT_WITH_WEAK_PULLUP                ;        ;                       ;         ; Column I/O ;                 ; no       ; On           ;
; B3       ; 484        ; 8        ; RESERVED_INPUT_WITH_WEAK_PULLUP                ;        ;                       ;         ; Column I/O ;                 ; no       ; On           ;
; B4       ; 486        ; 8        ; RESERVED_INPUT_WITH_WEAK_PULLUP                ;        ;                       ;         ; Column I/O ;                 ; no       ; On           ;
; B5       ; 485        ; 8        ; RESERVED_INPUT_WITH_WEAK_PULLUP                ;        ;                       ;         ; Column I/O ;                 ; no       ; On           ;
; B6       ;            ;          ; GND                                            ; gnd    ;                       ;         ; --         ;                 ; --       ; --           ;
; B7       ; 469        ; 8        ; b_pad_gpio_porta[2]                            ; bidir  ; 2.5 V                 ;         ; Column I/O ; N               ; no       ; Off          ;
; B8       ; 451        ; 7        ; RESERVED_INPUT_WITH_WEAK_PULLUP                ;        ;                       ;         ; Column I/O ;                 ; no       ; On           ;
; B9       ;            ;          ; GND                                            ; gnd    ;                       ;         ; --         ;                 ; --       ; --           ;
; B10      ; 448        ; 7        ; RESERVED_INPUT_WITH_WEAK_PULLUP                ;        ;                       ;         ; Column I/O ;                 ; no       ; On           ;
; B11      ; 443        ; 7        ; RESERVED_INPUT_WITH_WEAK_PULLUP                ;        ;                       ;         ; Column I/O ;                 ; no       ; On           ;
; B12      ; 441        ; 7        ; TDO                                            ; output ; 2.5 V                 ;         ; Column I/O ; N               ; no       ; Off          ;
; B13      ;            ;          ; GND                                            ; gnd    ;                       ;         ; --         ;                 ; --       ; --           ;
; B14      ; 427        ; 7        ; RESERVED_INPUT_WITH_WEAK_PULLUP                ;        ;                       ;         ; Column I/O ;                 ; no       ; On           ;
; B15      ; 423        ; 7        ; RESERVED_INPUT_WITH_WEAK_PULLUP                ;        ;                       ;         ; Column I/O ;                 ; --       ; --           ;
; B16      ; 417        ; 7        ; RESERVED_INPUT_WITH_WEAK_PULLUP                ;        ;                       ;         ; Column I/O ;                 ; no       ; On           ;
; B17      ; 402        ; 7        ; RESERVED_INPUT_WITH_WEAK_PULLUP                ;        ;                       ;         ; Column I/O ;                 ; no       ; On           ;
; B18      ;            ;          ; GND                                            ; gnd    ;                       ;         ; --         ;                 ; --       ; --           ;
; B19      ; 399        ; 7        ; RESERVED_INPUT_WITH_WEAK_PULLUP                ;        ;                       ;         ; Column I/O ;                 ; no       ; On           ;
; B20      ; 369        ; 6        ; RESERVED_INPUT_WITH_WEAK_PULLUP                ;        ;                       ;         ; Row I/O    ;                 ; no       ; On           ;
; B21      ; 367        ; 6        ; RESERVED_INPUT_WITH_WEAK_PULLUP                ;        ;                       ;         ; Row I/O    ;                 ; no       ; On           ;
; B22      ; 365        ; 6        ; RESERVED_INPUT_WITH_WEAK_PULLUP                ;        ;                       ;         ; Row I/O    ;                 ; no       ; On           ;
; C1       ; 33         ; 1B       ; RESERVED_INPUT_WITH_WEAK_PULLUP                ;        ;                       ;         ; Row I/O    ;                 ; --       ; --           ;
; C2       ; 499        ; 8        ; RESERVED_INPUT_WITH_WEAK_PULLUP                ;        ;                       ;         ; Column I/O ;                 ; no       ; On           ;
; C3       ; 497        ; 8        ; RESERVED_INPUT_WITH_WEAK_PULLUP                ;        ;                       ;         ; Column I/O ;                 ; no       ; On           ;
; C4       ; 487        ; 8        ; RESERVED_INPUT_WITH_WEAK_PULLUP                ;        ;                       ;         ; Column I/O ;                 ; no       ; On           ;
; C5       ; 489        ; 8        ; RESERVED_INPUT_WITH_WEAK_PULLUP                ;        ;                       ;         ; Column I/O ;                 ; no       ; On           ;
; C6       ; 477        ; 8        ; RESERVED_INPUT_WITH_WEAK_PULLUP                ;        ;                       ;         ; Column I/O ;                 ; no       ; On           ;
; C7       ; 467        ; 8        ; b_pad_gpio_porta[3]                            ; bidir  ; 2.5 V                 ;         ; Column I/O ; N               ; no       ; Off          ;
; C8       ; 465        ; 8        ; b_pad_gpio_porta[7]                            ; bidir  ; 2.5 V                 ;         ; Column I/O ; N               ; no       ; Off          ;
; C9       ; 450        ; 7        ; RESERVED_INPUT_WITH_WEAK_PULLUP                ;        ;                       ;         ; Column I/O ;                 ; no       ; On           ;
; C10      ; 442        ; 7        ; RESERVED_INPUT_WITH_WEAK_PULLUP                ;        ;                       ;         ; Column I/O ;                 ; no       ; On           ;
; C11      ; 440        ; 7        ; RESERVED_INPUT_WITH_WEAK_PULLUP                ;        ;                       ;         ; Column I/O ;                 ; no       ; On           ;
; C12      ; 436        ; 7        ; RESERVED_INPUT_WITH_WEAK_PULLUP                ;        ;                       ;         ; Column I/O ;                 ; no       ; On           ;
; C13      ; 426        ; 7        ; RESERVED_INPUT_WITH_WEAK_PULLUP                ;        ;                       ;         ; Column I/O ;                 ; no       ; On           ;
; C14      ; 424        ; 7        ; RESERVED_INPUT_WITH_WEAK_PULLUP                ;        ;                       ;         ; Column I/O ;                 ; no       ; On           ;
; C15      ; 418        ; 7        ; RESERVED_INPUT_WITH_WEAK_PULLUP                ;        ;                       ;         ; Column I/O ;                 ; no       ; On           ;
; C16      ; 416        ; 7        ; RESERVED_INPUT_WITH_WEAK_PULLUP                ;        ;                       ;         ; Column I/O ;                 ; no       ; On           ;
; C17      ; 391        ; 7        ; RESERVED_INPUT_WITH_WEAK_PULLUP                ;        ;                       ;         ; Column I/O ;                 ; no       ; On           ;
; C18      ; 400        ; 7        ; RESERVED_INPUT_WITH_WEAK_PULLUP                ;        ;                       ;         ; Column I/O ;                 ; no       ; On           ;
; C19      ; 397        ; 7        ; RESERVED_INPUT_WITH_WEAK_PULLUP                ;        ;                       ;         ; Column I/O ;                 ; no       ; On           ;
; C20      ; 357        ; 6        ; RESERVED_INPUT_WITH_WEAK_PULLUP                ;        ;                       ;         ; Row I/O    ;                 ; no       ; On           ;
; C21      ; 347        ; 6        ; RESERVED_INPUT_WITH_WEAK_PULLUP                ;        ;                       ;         ; Row I/O    ;                 ; no       ; On           ;
; C22      ; 343        ; 6        ; RESERVED_INPUT_WITH_WEAK_PULLUP                ;        ;                       ;         ; Row I/O    ;                 ; no       ; On           ;
; D1       ; 35         ; 1B       ; RESERVED_INPUT_WITH_WEAK_PULLUP                ;        ;                       ;         ; Row I/O    ;                 ; no       ; On           ;
; D2       ; 31         ; 1B       ; RESERVED_INPUT_WITH_WEAK_PULLUP                ;        ;                       ;         ; Row I/O    ;                 ; no       ; On           ;
; D3       ; 29         ; 1B       ; RESERVED_INPUT_WITH_WEAK_PULLUP                ;        ;                       ;         ; Row I/O    ;                 ; no       ; On           ;
; D4       ;            ;          ; GND                                            ; gnd    ;                       ;         ; --         ;                 ; --       ; --           ;
; D5       ; 491        ; 8        ; RESERVED_INPUT_WITH_WEAK_PULLUP                ;        ;                       ;         ; Column I/O ;                 ; no       ; On           ;
; D6       ; 496        ; 8        ; RESERVED_INPUT_WITH_WEAK_PULLUP                ;        ;                       ;         ; Column I/O ;                 ; no       ; On           ;
; D7       ; 479        ; 8        ; RESERVED_INPUT_WITH_WEAK_PULLUP                ;        ;                       ;         ; Column I/O ;                 ; --       ; --           ;
; D8       ; 472        ; 8        ; uart1_txd                                      ; output ; 2.5 V                 ;         ; Column I/O ; N               ; no       ; Off          ;
; D9       ; 474        ; 8        ; b_pad_gpio_porta[1]                            ; bidir  ; 2.5 V                 ;         ; Column I/O ; N               ; no       ; Off          ;
; D10      ; 476        ; 8        ; RESERVED_INPUT_WITH_WEAK_PULLUP                ;        ;                       ;         ; Column I/O ;                 ; no       ; On           ;
; D11      ;            ;          ; GND                                            ; gnd    ;                       ;         ; --         ;                 ; --       ; --           ;
; D12      ; 438        ; 7        ; TDI                                            ; input  ; 2.5 V                 ;         ; Column I/O ; N               ; no       ; Off          ;
; D13      ; 431        ; 7        ; RESERVED_INPUT_WITH_WEAK_PULLUP                ;        ;                       ;         ; Column I/O ;                 ; no       ; On           ;
; D14      ; 428        ; 7        ; RESERVED_INPUT_WITH_WEAK_PULLUP                ;        ;                       ;         ; Column I/O ;                 ; no       ; On           ;
; D15      ; 404        ; 7        ; RESERVED_INPUT_WITH_WEAK_PULLUP                ;        ;                       ;         ; Column I/O ;                 ; no       ; On           ;
; D16      ;            ;          ; GND                                            ; gnd    ;                       ;         ; --         ;                 ; --       ; --           ;
; D17      ; 389        ; 7        ; RESERVED_INPUT_WITH_WEAK_PULLUP                ;        ;                       ;         ; Column I/O ;                 ; no       ; On           ;
; D18      ; 385        ; 6        ; RESERVED_INPUT_WITH_WEAK_PULLUP                ;        ;                       ;         ; Row I/O    ;                 ; no       ; On           ;
; D19      ; 359        ; 6        ; RESERVED_INPUT_WITH_WEAK_PULLUP                ;        ;                       ;         ; Row I/O    ;                 ; no       ; On           ;
; D20      ;            ;          ; GND                                            ; gnd    ;                       ;         ; --         ;                 ; --       ; --           ;
; D21      ; 345        ; 6        ; RESERVED_INPUT_WITH_WEAK_PULLUP                ;        ;                       ;         ; Row I/O    ;                 ; --       ; --           ;
; D22      ; 341        ; 6        ; RESERVED_INPUT_WITH_WEAK_PULLUP                ;        ;                       ;         ; Row I/O    ;                 ; no       ; On           ;
; E1       ; 41         ; 1B       ; RESERVED_INPUT_WITH_WEAK_PULLUP                ;        ;                       ;         ; Row I/O    ;                 ; no       ; On           ;
; E2       ;            ;          ; GND                                            ; gnd    ;                       ;         ; --         ;                 ; --       ; --           ;
; E3       ; 3          ; 1A       ; RESERVED_INPUT_WITH_WEAK_PULLUP                ;        ;                       ;         ; Row I/O    ;                 ; no       ; On           ;
; E4       ; 1          ; 1A       ; RESERVED_INPUT_WITH_WEAK_PULLUP                ;        ;                       ;         ; Row I/O    ;                 ; no       ; On           ;
; E5       ;            ;          ; NC                                             ;        ;                       ;         ; --         ;                 ; --       ; --           ;
; E6       ; 498        ; 8        ; RESERVED_INPUT_WITH_WEAK_PULLUP                ;        ;                       ;         ; Column I/O ;                 ; no       ; On           ;
; E7       ;            ;          ; GND                                            ; gnd    ;                       ;         ; --         ;                 ; --       ; --           ;
; E8       ; 488        ; 8        ; RESERVED_INPUT_WITH_WEAK_PULLUP                ;        ;                       ;         ; Column I/O ;                 ; no       ; On           ;
; E9       ; 478        ; 8        ; RESERVED_INPUT_WITH_WEAK_PULLUP                ;        ;                       ;         ; Column I/O ;                 ; no       ; On           ;
; E10      ; 466        ; 8        ; b_pad_gpio_porta[0]                            ; bidir  ; 2.5 V                 ;         ; Column I/O ; N               ; no       ; Off          ;
; E11      ; 464        ; 8        ; b_pad_gpio_porta[4]                            ; bidir  ; 2.5 V                 ;         ; Column I/O ; N               ; no       ; Off          ;
; E12      ; 429        ; 7        ; RESERVED_INPUT_WITH_WEAK_PULLUP                ;        ;                       ;         ; Column I/O ;                 ; no       ; On           ;
; E13      ; 430        ; 7        ; RESERVED_INPUT_WITH_WEAK_PULLUP                ;        ;                       ;         ; Column I/O ;                 ; no       ; On           ;
; E14      ; 406        ; 7        ; RESERVED_INPUT_WITH_WEAK_PULLUP                ;        ;                       ;         ; Column I/O ;                 ; no       ; On           ;
; E15      ; 390        ; 7        ; RESERVED_INPUT_WITH_WEAK_PULLUP                ;        ;                       ;         ; Column I/O ;                 ; no       ; On           ;
; E16      ; 388        ; 7        ; RESERVED_INPUT_WITH_WEAK_PULLUP                ;        ;                       ;         ; Column I/O ;                 ; no       ; On           ;
; E17      ; 366        ; 6        ; timer1_extin                                   ; input  ; 2.5 V                 ;         ; Row I/O    ; N               ; no       ; Off          ;
; E18      ; 387        ; 6        ; uart2_rxd                                      ; input  ; 2.5 V                 ;         ; Row I/O    ; N               ; no       ; Off          ;
; E19      ; 352        ; 6        ; RESERVED_INPUT_WITH_WEAK_PULLUP                ;        ;                       ;         ; Row I/O    ;                 ; no       ; On           ;
; E20      ; 355        ; 6        ; RESERVED_INPUT_WITH_WEAK_PULLUP                ;        ;                       ;         ; Row I/O    ;                 ; no       ; On           ;
; E21      ; 335        ; 6        ; RESERVED_INPUT_WITH_WEAK_PULLUP                ;        ;                       ;         ; Row I/O    ;                 ; no       ; On           ;
; E22      ; 333        ; 6        ; RESERVED_INPUT_WITH_WEAK_PULLUP                ;        ;                       ;         ; Row I/O    ;                 ; no       ; On           ;
; F1       ; 47         ; 1B       ; RESERVED_INPUT_WITH_WEAK_PULLUP                ;        ;                       ;         ; Row I/O    ;                 ; no       ; On           ;
; F2       ; 43         ; 1B       ; RESERVED_INPUT_WITH_WEAK_PULLUP                ;        ;                       ;         ; Row I/O    ;                 ; no       ; On           ;
; F3       ; 7          ; 1A       ; RESERVED_INPUT_WITH_WEAK_PULLUP                ;        ;                       ;         ; Row I/O    ;                 ; no       ; On           ;
; F4       ; 2          ; 1A       ; RESERVED_INPUT_WITH_WEAK_PULLUP                ;        ;                       ;         ; Row I/O    ;                 ; no       ; On           ;
; F5       ; 0          ; 1A       ; RESERVED_INPUT_WITH_WEAK_PULLUP                ;        ;                       ;         ; Row I/O    ;                 ; no       ; On           ;
; F6       ;            ;          ; NC                                             ;        ;                       ;         ; --         ;                 ; --       ; --           ;
; F7       ; 490        ; 8        ; RESERVED_INPUT_WITH_WEAK_PULLUP                ;        ;                       ;         ; Column I/O ;                 ; no       ; On           ;
; F8       ; 494        ; 8        ; ~ALTERA_CONF_DONE~ / RESERVED_INPUT            ; input  ; 2.5 V Schmitt Trigger ;         ; Column I/O ; N               ; no       ; Off          ;
; F9       ;            ; 8        ; VCCIO8                                         ; power  ;                       ; 2.5V    ; --         ;                 ; --       ; --           ;
; F10      ;            ;          ; GND                                            ; gnd    ;                       ;         ; --         ;                 ; --       ; --           ;
; F11      ;            ; 8        ; VCCIO8                                         ; power  ;                       ; 2.5V    ; --         ;                 ; --       ; --           ;
; F12      ;            ; 7        ; VCCIO7                                         ; power  ;                       ; 2.5V    ; --         ;                 ; --       ; --           ;
; F13      ;            ;          ; GND                                            ; gnd    ;                       ;         ; --         ;                 ; --       ; --           ;
; F14      ;            ; 7        ; VCCIO7                                         ; power  ;                       ; 2.5V    ; --         ;                 ; --       ; --           ;
; F15      ; 398        ; 7        ; RESERVED_INPUT_WITH_WEAK_PULLUP                ;        ;                       ;         ; Column I/O ;                 ; no       ; On           ;
; F16      ; 396        ; 7        ; RESERVED_INPUT_WITH_WEAK_PULLUP                ;        ;                       ;         ; Column I/O ;                 ; no       ; On           ;
; F17      ; 364        ; 6        ; RESERVED_INPUT_WITH_WEAK_PULLUP                ;        ;                       ;         ; Row I/O    ;                 ; no       ; On           ;
; F18      ; 354        ; 6        ; RESERVED_INPUT_WITH_WEAK_PULLUP                ;        ;                       ;         ; Row I/O    ;                 ; no       ; On           ;
; F19      ; 353        ; 6        ; RESERVED_INPUT_WITH_WEAK_PULLUP                ;        ;                       ;         ; Row I/O    ;                 ; no       ; On           ;
; F20      ; 342        ; 6        ; RESERVED_INPUT_WITH_WEAK_PULLUP                ;        ;                       ;         ; Row I/O    ;                 ; no       ; On           ;
; F21      ; 340        ; 6        ; RESERVED_INPUT_WITH_WEAK_PULLUP                ;        ;                       ;         ; Row I/O    ;                 ; no       ; On           ;
; F22      ; 331        ; 6        ; RESERVED_INPUT_WITH_WEAK_PULLUP                ;        ;                       ;         ; Row I/O    ;                 ; no       ; On           ;
; G1       ; 45         ; 1B       ; RESERVED_INPUT_WITH_WEAK_PULLUP                ;        ;                       ;         ; Row I/O    ;                 ; no       ; On           ;
; G2       ; 34         ; 1B       ; ~ALTERA_TCK~ / RESERVED_INPUT                  ; input  ; 2.5 V Schmitt Trigger ;         ; Row I/O    ; N               ; no       ; Off          ;
; G3       ; 11         ; 1A       ; RESERVED_INPUT_WITH_WEAK_PULLUP                ;        ;                       ;         ; Row I/O    ;                 ; no       ; On           ;
; G4       ; 5          ; 1A       ; RESERVED_INPUT_WITH_WEAK_PULLUP                ;        ;                       ;         ; Row I/O    ;                 ; no       ; On           ;
; G5       ;            ;          ; ANAIN1                                         ;        ;                       ;         ; --         ;                 ; --       ; --           ;
; G6       ;            ;          ; GND                                            ; gnd    ;                       ;         ; --         ;                 ; --       ; --           ;
; G7       ;            ;          ; VCCD_PLL3                                      ; power  ;                       ; 1.2V    ; --         ;                 ; --       ; --           ;
; G8       ;            ;          ; GND                                            ; gnd    ;                       ;         ; --         ;                 ; --       ; --           ;
; G9       ; 492        ; 8        ; ~ALTERA_nSTATUS~ / RESERVED_INPUT              ; input  ; 2.5 V Schmitt Trigger ;         ; Column I/O ; N               ; no       ; Off          ;
; G10      ;            ; 8        ; VCCIO8                                         ; power  ;                       ; 2.5V    ; --         ;                 ; --       ; --           ;
; G11      ;            ; 8        ; VCCIO8                                         ; power  ;                       ; 2.5V    ; --         ;                 ; --       ; --           ;
; G12      ;            ; 7        ; VCCIO7                                         ; power  ;                       ; 2.5V    ; --         ;                 ; --       ; --           ;
; G13      ;            ; 7        ; VCCIO7                                         ; power  ;                       ; 2.5V    ; --         ;                 ; --       ; --           ;
; G14      ;            ; 7        ; VCCIO7                                         ; power  ;                       ; 2.5V    ; --         ;                 ; --       ; --           ;
; G15      ;            ;          ; GND                                            ; gnd    ;                       ;         ; --         ;                 ; --       ; --           ;
; G16      ;            ;          ; VCCD_PLL2                                      ; power  ;                       ; 1.2V    ; --         ;                 ; --       ; --           ;
; G17      ; 386        ; 6        ; RESERVED_INPUT_WITH_WEAK_PULLUP                ;        ;                       ;         ; Row I/O    ;                 ; no       ; On           ;
; G18      ;            ;          ; GND                                            ; gnd    ;                       ;         ; --         ;                 ; --       ; --           ;
; G19      ; 330        ; 6        ; RESERVED_INPUT_WITH_WEAK_PULLUP                ;        ;                       ;         ; Row I/O    ;                 ; no       ; On           ;
; G20      ; 328        ; 6        ; RESERVED_INPUT_WITH_WEAK_PULLUP                ;        ;                       ;         ; Row I/O    ;                 ; no       ; On           ;
; G21      ;            ;          ; GND                                            ; gnd    ;                       ;         ; --         ;                 ; --       ; --           ;
; G22      ; 329        ; 6        ; RESERVED_INPUT_WITH_WEAK_PULLUP                ;        ;                       ;         ; Row I/O    ;                 ; no       ; On           ;
; H1       ; 44         ; 1B       ; RESERVED_INPUT_WITH_WEAK_PULLUP                ;        ;                       ;         ; Row I/O    ;                 ; no       ; On           ;
; H2       ; 32         ; 1B       ; ~ALTERA_TMS~ / RESERVED_INPUT_WITH_WEAK_PULLUP ; input  ; 2.5 V Schmitt Trigger ;         ; Row I/O    ; N               ; no       ; On           ;
; H3       ; 10         ; 1A       ; RESERVED_INPUT_WITH_WEAK_PULLUP                ;        ;                       ;         ; Row I/O    ;                 ; no       ; On           ;
; H4       ; 9          ; 1A       ; RESERVED_INPUT_WITH_WEAK_PULLUP                ;        ;                       ;         ; Row I/O    ;                 ; no       ; On           ;
; H5       ;            ;          ; REFGND                                         ;        ;                       ;         ; --         ;                 ; --       ; --           ;
; H6       ;            ;          ; ADC_VREF                                       ;        ;                       ;         ; --         ;                 ; --       ; --           ;
; H7       ;            ; --       ; VCCA_ADC                                       ; power  ;                       ; 2.5V    ; --         ;                 ; --       ; --           ;
; H8       ;            ; --       ; VCCA3                                          ; power  ;                       ; 2.5V    ; --         ;                 ; --       ; --           ;
; H9       ; 482        ; 8        ; ~ALTERA_nCONFIG~ / RESERVED_INPUT              ; input  ; 2.5 V Schmitt Trigger ;         ; Column I/O ; N               ; no       ; Off          ;
; H10      ; 480        ; 8        ; ~ALTERA_CONFIG_SEL~ / RESERVED_INPUT           ; input  ; 2.5 V                 ;         ; Column I/O ; N               ; no       ; Off          ;
; H11      ; 470        ; 8        ; b_pad_gpio_porta[6]                            ; bidir  ; 2.5 V                 ;         ; Column I/O ; N               ; no       ; Off          ;
; H12      ; 444        ; 7        ; RESERVED_INPUT_WITH_WEAK_PULLUP                ;        ;                       ;         ; Column I/O ;                 ; no       ; On           ;
; H13      ; 432        ; 7        ; RESERVED_INPUT_WITH_WEAK_PULLUP                ;        ;                       ;         ; Column I/O ;                 ; no       ; On           ;
; H14      ; 420        ; 7        ; RESERVED_INPUT_WITH_WEAK_PULLUP                ;        ;                       ;         ; Column I/O ;                 ; no       ; On           ;
; H15      ;            ; --       ; VCCA2                                          ; power  ;                       ; 2.5V    ; --         ;                 ; --       ; --           ;
; H16      ;            ; 6        ; VCCIO6                                         ; power  ;                       ; 2.5V    ; --         ;                 ; --       ; --           ;
; H17      ; 384        ; 6        ; RESERVED_INPUT_WITH_WEAK_PULLUP                ;        ;                       ;         ; Row I/O    ;                 ; no       ; On           ;
; H18      ; 374        ; 6        ; RESERVED_INPUT_WITH_WEAK_PULLUP                ;        ;                       ;         ; Row I/O    ;                 ; no       ; On           ;
; H19      ; 372        ; 6        ; RESERVED_INPUT_WITH_WEAK_PULLUP                ;        ;                       ;         ; Row I/O    ;                 ; no       ; On           ;
; H20      ; 375        ; 6        ; RESERVED_INPUT_WITH_WEAK_PULLUP                ;        ;                       ;         ; Row I/O    ;                 ; no       ; On           ;
; H21      ; 323        ; 6        ; RESERVED_INPUT_WITH_WEAK_PULLUP                ;        ;                       ;         ; Row I/O    ;                 ; no       ; On           ;
; H22      ; 321        ; 6        ; RESERVED_INPUT_WITH_WEAK_PULLUP                ;        ;                       ;         ; Row I/O    ;                 ; no       ; On           ;
; J1       ; 46         ; 1B       ; RESERVED_INPUT_WITH_WEAK_PULLUP                ;        ;                       ;         ; Row I/O    ;                 ; no       ; On           ;
; J2       ;            ;          ; GND                                            ; gnd    ;                       ;         ; --         ;                 ; --       ; --           ;
; J3       ; 15         ; 1A       ; RESERVED_INPUT_WITH_WEAK_PULLUP                ;        ;                       ;         ; Row I/O    ;                 ; no       ; On           ;
; J4       ; 8          ; 1A       ; RESERVED_INPUT_WITH_WEAK_PULLUP                ;        ;                       ;         ; Row I/O    ;                 ; no       ; On           ;
; J5       ;            ;          ; ANAIN2                                         ;        ;                       ;         ; --         ;                 ; --       ; --           ;
; J6       ;            ;          ; GND                                            ; gnd    ;                       ;         ; --         ;                 ; --       ; --           ;
; J7       ;            ;          ; VCCINT                                         ; power  ;                       ; 1.2V    ; --         ;                 ; --       ; --           ;
; J8       ; 4          ; 1A       ; RESERVED_INPUT_WITH_WEAK_PULLUP                ;        ;                       ;         ; Row I/O    ;                 ; no       ; On           ;
; J9       ; 6          ; 1A       ; RESERVED_INPUT_WITH_WEAK_PULLUP                ;        ;                       ;         ; Row I/O    ;                 ; no       ; On           ;
; J10      ; 468        ; 8        ; b_pad_gpio_porta[5]                            ; bidir  ; 2.5 V                 ;         ; Column I/O ; N               ; no       ; Off          ;
; J11      ; 446        ; 7        ; RESERVED_INPUT_WITH_WEAK_PULLUP                ;        ;                       ;         ; Column I/O ;                 ; no       ; On           ;
; J12      ; 434        ; 7        ; RESERVED_INPUT_WITH_WEAK_PULLUP                ;        ;                       ;         ; Column I/O ;                 ; no       ; On           ;
; J13      ; 422        ; 7        ; RESERVED_INPUT_WITH_WEAK_PULLUP                ;        ;                       ;         ; Column I/O ;                 ; no       ; On           ;
; J14      ; 368        ; 6        ; RESERVED_INPUT_WITH_WEAK_PULLUP                ;        ;                       ;         ; Row I/O    ;                 ; no       ; On           ;
; J15      ; 370        ; 6        ; RESERVED_INPUT_WITH_WEAK_PULLUP                ;        ;                       ;         ; Row I/O    ;                 ; no       ; On           ;
; J16      ;            ;          ; GND                                            ; gnd    ;                       ;         ; --         ;                 ; --       ; --           ;
; J17      ;            ; 6        ; VCCIO6                                         ; power  ;                       ; 2.5V    ; --         ;                 ; --       ; --           ;
; J18      ; 362        ; 6        ; RESERVED_INPUT_WITH_WEAK_PULLUP                ;        ;                       ;         ; Row I/O    ;                 ; no       ; On           ;
; J19      ;            ;          ; GND                                            ; gnd    ;                       ;         ; --         ;                 ; --       ; --           ;
; J20      ; 373        ; 6        ; RESERVED_INPUT_WITH_WEAK_PULLUP                ;        ;                       ;         ; Row I/O    ;                 ; no       ; On           ;
; J21      ; 327        ; 6        ; RESERVED_INPUT_WITH_WEAK_PULLUP                ;        ;                       ;         ; Row I/O    ;                 ; no       ; On           ;
; J22      ; 325        ; 6        ; RESERVED_INPUT_WITH_WEAK_PULLUP                ;        ;                       ;         ; Row I/O    ;                 ; no       ; On           ;
; K1       ; 49         ; 1B       ; RESERVED_INPUT_WITH_WEAK_PULLUP                ;        ;                       ;         ; Row I/O    ;                 ; no       ; On           ;
; K2       ; 37         ; 1B       ; RESERVED_INPUT_WITH_WEAK_PULLUP                ;        ;                       ;         ; Row I/O    ;                 ; no       ; On           ;
; K3       ;            ;          ; GND                                            ; gnd    ;                       ;         ; --         ;                 ; --       ; --           ;
; K4       ; 13         ; 1A       ; RESERVED_INPUT_WITH_WEAK_PULLUP                ;        ;                       ;         ; Row I/O    ;                 ; no       ; On           ;
; K5       ; 12         ; 1A       ; RESERVED_INPUT_WITH_WEAK_PULLUP                ;        ;                       ;         ; Row I/O    ;                 ; no       ; On           ;
; K6       ; 14         ; 1A       ; RESERVED_INPUT_WITH_WEAK_PULLUP                ;        ;                       ;         ; Row I/O    ;                 ; no       ; On           ;
; K7       ;            ; 1A       ; VCCIO1A                                        ; power  ;                       ; 2.5V    ; --         ;                 ; --       ; --           ;
; K8       ; 28         ; 1B       ; RESERVED_INPUT_WITH_WEAK_PULLUP                ;        ;                       ;         ; Row I/O    ;                 ; no       ; On           ;
; K9       ; 30         ; 1B       ; RESERVED_INPUT_WITH_WEAK_PULLUP                ;        ;                       ;         ; Row I/O    ;                 ; no       ; On           ;
; K10      ;            ;          ; GND                                            ; gnd    ;                       ;         ; --         ;                 ; --       ; --           ;
; K11      ;            ; --       ; VCC                                            ; power  ;                       ; 1.2V    ; --         ;                 ; --       ; --           ;
; K12      ;            ;          ; GND                                            ; gnd    ;                       ;         ; --         ;                 ; --       ; --           ;
; K13      ;            ; --       ; VCC                                            ; power  ;                       ; 1.2V    ; --         ;                 ; --       ; --           ;
; K14      ; 356        ; 6        ; RESERVED_INPUT_WITH_WEAK_PULLUP                ;        ;                       ;         ; Row I/O    ;                 ; no       ; On           ;
; K15      ; 358        ; 6        ; RESERVED_INPUT_WITH_WEAK_PULLUP                ;        ;                       ;         ; Row I/O    ;                 ; no       ; On           ;
; K16      ;            ; 6        ; VCCIO6                                         ; power  ;                       ; 2.5V    ; --         ;                 ; --       ; --           ;
; K17      ;            ; 6        ; VCCIO6                                         ; power  ;                       ; 2.5V    ; --         ;                 ; --       ; --           ;
; K18      ; 360        ; 6        ; RESERVED_INPUT_WITH_WEAK_PULLUP                ;        ;                       ;         ; Row I/O    ;                 ; no       ; On           ;
; K19      ; 361        ; 6        ; RESERVED_INPUT_WITH_WEAK_PULLUP                ;        ;                       ;         ; Row I/O    ;                 ; no       ; On           ;
; K20      ; 363        ; 6        ; RESERVED_INPUT_WITH_WEAK_PULLUP                ;        ;                       ;         ; Row I/O    ;                 ; no       ; On           ;
; K21      ; 326        ; 6        ; RESERVED_INPUT_WITH_WEAK_PULLUP                ;        ;                       ;         ; Row I/O    ;                 ; no       ; On           ;
; K22      ; 324        ; 6        ; RESERVED_INPUT_WITH_WEAK_PULLUP                ;        ;                       ;         ; Row I/O    ;                 ; no       ; On           ;
; L1       ; 51         ; 1B       ; RESERVED_INPUT_WITH_WEAK_PULLUP                ;        ;                       ;         ; Row I/O    ;                 ; no       ; On           ;
; L2       ; 39         ; 1B       ; RESERVED_INPUT_WITH_WEAK_PULLUP                ;        ;                       ;         ; Row I/O    ;                 ; no       ; On           ;
; L3       ;            ;          ; DNU                                            ;        ;                       ;         ; --         ;                 ; --       ; --           ;
; L4       ; 36         ; 1B       ; ~ALTERA_TDI~ / RESERVED_INPUT_WITH_WEAK_PULLUP ; input  ; 2.5 V Schmitt Trigger ;         ; Row I/O    ; N               ; no       ; On           ;
; L5       ;            ;          ; GND                                            ; gnd    ;                       ;         ; --         ;                 ; --       ; --           ;
; L6       ;            ; 1A       ; VCCIO1A                                        ; power  ;                       ; 2.5V    ; --         ;                 ; --       ; --           ;
; L7       ;            ; 1B       ; VCCIO1B                                        ; power  ;                       ; 2.5V    ; --         ;                 ; --       ; --           ;
; L8       ; 40         ; 1B       ; RESERVED_INPUT_WITH_WEAK_PULLUP                ;        ;                       ;         ; Row I/O    ;                 ; no       ; On           ;
; L9       ; 42         ; 1B       ; RESERVED_INPUT_WITH_WEAK_PULLUP                ;        ;                       ;         ; Row I/O    ;                 ; no       ; On           ;
; L10      ;            ; --       ; VCC                                            ; power  ;                       ; 1.2V    ; --         ;                 ; --       ; --           ;
; L11      ;            ; --       ; VCC                                            ; power  ;                       ; 1.2V    ; --         ;                 ; --       ; --           ;
; L12      ;            ; --       ; VCC                                            ; power  ;                       ; 1.2V    ; --         ;                 ; --       ; --           ;
; L13      ;            ;          ; GND                                            ; gnd    ;                       ;         ; --         ;                 ; --       ; --           ;
; L14      ; 344        ; 6        ; RESERVED_INPUT_WITH_WEAK_PULLUP                ;        ;                       ;         ; Row I/O    ;                 ; no       ; On           ;
; L15      ; 346        ; 6        ; RESERVED_INPUT_WITH_WEAK_PULLUP                ;        ;                       ;         ; Row I/O    ;                 ; no       ; On           ;
; L16      ;            ; 6        ; VCCIO6                                         ; power  ;                       ; 2.5V    ; --         ;                 ; --       ; --           ;
; L17      ;            ;          ; GND                                            ; gnd    ;                       ;         ; --         ;                 ; --       ; --           ;
; L18      ; 350        ; 6        ; RESERVED_INPUT_WITH_WEAK_PULLUP                ;        ;                       ;         ; Row I/O    ;                 ; no       ; On           ;
; L19      ; 349        ; 6        ; RESERVED_INPUT_WITH_WEAK_PULLUP                ;        ;                       ;         ; Row I/O    ;                 ; no       ; On           ;
; L20      ; 351        ; 6        ; RESERVED_INPUT_WITH_WEAK_PULLUP                ;        ;                       ;         ; Row I/O    ;                 ; no       ; On           ;
; L21      ;            ;          ; GND                                            ; gnd    ;                       ;         ; --         ;                 ; --       ; --           ;
; L22      ; 314        ; 5        ; RESERVED_INPUT_WITH_WEAK_PULLUP                ;        ;                       ;         ; Row I/O    ;                 ; no       ; On           ;
; M1       ; 79         ; 2        ; RESERVED_INPUT_WITH_WEAK_PULLUP                ;        ;                       ;         ; Row I/O    ;                 ; no       ; On           ;
; M2       ; 77         ; 2        ; RESERVED_INPUT_WITH_WEAK_PULLUP                ;        ;                       ;         ; Row I/O    ;                 ; --       ; --           ;
; M3       ; 50         ; 1B       ; RESERVED_INPUT_WITH_WEAK_PULLUP                ;        ;                       ;         ; Row I/O    ;                 ; no       ; On           ;
; M4       ; 48         ; 1B       ; RESERVED_INPUT_WITH_WEAK_PULLUP                ;        ;                       ;         ; Row I/O    ;                 ; no       ; On           ;
; M5       ; 38         ; 1B       ; ~ALTERA_TDO~                                   ; output ; 2.5 V                 ;         ; Row I/O    ; N               ; no       ; Off          ;
; M6       ;            ; 1B       ; VCCIO1B                                        ; power  ;                       ; 2.5V    ; --         ;                 ; --       ; --           ;
; M7       ;            ;          ; GND                                            ; gnd    ;                       ;         ; --         ;                 ; --       ; --           ;
; M8       ; 72         ; 2        ; CLK                                            ; input  ; 2.5 V                 ;         ; Row I/O    ; N               ; no       ; Off          ;
; M9       ; 74         ; 2        ; TCK                                            ; input  ; 2.5 V                 ;         ; Row I/O    ; N               ; no       ; Off          ;
; M10      ;            ;          ; GND                                            ; gnd    ;                       ;         ; --         ;                 ; --       ; --           ;
; M11      ;            ; --       ; VCC                                            ; power  ;                       ; 1.2V    ; --         ;                 ; --       ; --           ;
; M12      ;            ; --       ; VCC                                            ; power  ;                       ; 1.2V    ; --         ;                 ; --       ; --           ;
; M13      ;            ; --       ; VCC                                            ; power  ;                       ; 1.2V    ; --         ;                 ; --       ; --           ;
; M14      ; 334        ; 6        ; RESERVED_INPUT_WITH_WEAK_PULLUP                ;        ;                       ;         ; Row I/O    ;                 ; no       ; On           ;
; M15      ; 332        ; 6        ; RESERVED_INPUT_WITH_WEAK_PULLUP                ;        ;                       ;         ; Row I/O    ;                 ; no       ; On           ;
; M16      ;            ;          ; GND                                            ; gnd    ;                       ;         ; --         ;                 ; --       ; --           ;
; M17      ;            ; 6        ; VCCIO6                                         ; power  ;                       ; 2.5V    ; --         ;                 ; --       ; --           ;
; M18      ; 348        ; 6        ; RESERVED_INPUT_WITH_WEAK_PULLUP                ;        ;                       ;         ; Row I/O    ;                 ; no       ; On           ;
; M19      ;            ;          ; GND                                            ; gnd    ;                       ;         ; --         ;                 ; --       ; --           ;
; M20      ; 337        ; 6        ; RESERVED_INPUT_WITH_WEAK_PULLUP                ;        ;                       ;         ; Row I/O    ;                 ; no       ; On           ;
; M21      ; 312        ; 5        ; RESERVED_INPUT_WITH_WEAK_PULLUP                ;        ;                       ;         ; Row I/O    ;                 ; no       ; On           ;
; M22      ; 315        ; 5        ; RESERVED_INPUT_WITH_WEAK_PULLUP                ;        ;                       ;         ; Row I/O    ;                 ; no       ; On           ;
; N1       ; 87         ; 2        ; RESERVED_INPUT_WITH_WEAK_PULLUP                ;        ;                       ;         ; Row I/O    ;                 ; no       ; On           ;
; N2       ; 75         ; 2        ; RESERVED_INPUT_WITH_WEAK_PULLUP                ;        ;                       ;         ; Row I/O    ;                 ; no       ; On           ;
; N3       ; 73         ; 2        ; RESERVED_INPUT_WITH_WEAK_PULLUP                ;        ;                       ;         ; Row I/O    ;                 ; no       ; On           ;
; N4       ; 56         ; 2        ; RESETn                                         ; input  ; 2.5 V                 ;         ; Row I/O    ; N               ; no       ; Off          ;
; N5       ; 58         ; 2        ; RESERVED_INPUT_WITH_WEAK_PULLUP                ;        ;                       ;         ; Row I/O    ;                 ; no       ; On           ;
; N6       ;            ; 2        ; VCCIO2                                         ; power  ;                       ; 2.5V    ; --         ;                 ; --       ; --           ;
; N7       ;            ; 2        ; VCCIO2                                         ; power  ;                       ; 2.5V    ; --         ;                 ; --       ; --           ;
; N8       ; 84         ; 2        ; RESERVED_INPUT_WITH_WEAK_PULLUP                ;        ;                       ;         ; Row I/O    ;                 ; no       ; On           ;
; N9       ; 86         ; 2        ; RESERVED_INPUT_WITH_WEAK_PULLUP                ;        ;                       ;         ; Row I/O    ;                 ; no       ; On           ;
; N10      ;            ; --       ; VCC                                            ; power  ;                       ; 1.2V    ; --         ;                 ; --       ; --           ;
; N11      ;            ;          ; GND                                            ; gnd    ;                       ;         ; --         ;                 ; --       ; --           ;
; N12      ;            ; --       ; VCC                                            ; power  ;                       ; 1.2V    ; --         ;                 ; --       ; --           ;
; N13      ;            ;          ; GND                                            ; gnd    ;                       ;         ; --         ;                 ; --       ; --           ;
; N14      ; 320        ; 6        ; RESERVED_INPUT_WITH_WEAK_PULLUP                ;        ;                       ;         ; Row I/O    ;                 ; no       ; On           ;
; N15      ; 322        ; 6        ; RESERVED_INPUT_WITH_WEAK_PULLUP                ;        ;                       ;         ; Row I/O    ;                 ; no       ; On           ;
; N16      ;            ; 5        ; VCCIO5                                         ; power  ;                       ; 2.5V    ; --         ;                 ; --       ; --           ;
; N17      ;            ; 6        ; VCCIO6                                         ; power  ;                       ; 2.5V    ; --         ;                 ; --       ; --           ;
; N18      ; 336        ; 6        ; RESERVED_INPUT_WITH_WEAK_PULLUP                ;        ;                       ;         ; Row I/O    ;                 ; no       ; On           ;
; N19      ; 338        ; 6        ; RESERVED_INPUT_WITH_WEAK_PULLUP                ;        ;                       ;         ; Row I/O    ;                 ; no       ; On           ;
; N20      ; 339        ; 6        ; RESERVED_INPUT_WITH_WEAK_PULLUP                ;        ;                       ;         ; Row I/O    ;                 ; no       ; On           ;
; N21      ; 313        ; 5        ; RESERVED_INPUT_WITH_WEAK_PULLUP                ;        ;                       ;         ; Row I/O    ;                 ; no       ; On           ;
; N22      ; 307        ; 5        ; RESERVED_INPUT_WITH_WEAK_PULLUP                ;        ;                       ;         ; Row I/O    ;                 ; no       ; On           ;
; P1       ; 85         ; 2        ; RESERVED_INPUT_WITH_WEAK_PULLUP                ;        ;                       ;         ; Row I/O    ;                 ; no       ; On           ;
; P2       ;            ;          ; GND                                            ; gnd    ;                       ;         ; --         ;                 ; --       ; --           ;
; P3       ; 76         ; 2        ; RESERVED_INPUT_WITH_WEAK_PULLUP                ;        ;                       ;         ; Row I/O    ;                 ; no       ; On           ;
; P4       ; 57         ; 2        ; RESERVED_INPUT_WITH_WEAK_PULLUP                ;        ;                       ;         ; Row I/O    ;                 ; no       ; On           ;
; P5       ; 59         ; 2        ; RESERVED_INPUT_WITH_WEAK_PULLUP                ;        ;                       ;         ; Row I/O    ;                 ; no       ; On           ;
; P6       ;            ;          ; GND                                            ; gnd    ;                       ;         ; --         ;                 ; --       ; --           ;
; P7       ;            ; 2        ; VCCIO2                                         ; power  ;                       ; 2.5V    ; --         ;                 ; --       ; --           ;
; P8       ; 96         ; 2        ; RESERVED_INPUT_WITH_WEAK_PULLUP                ;        ;                       ;         ; Row I/O    ;                 ; no       ; On           ;
; P9       ; 142        ; 3        ; RESERVED_INPUT_WITH_WEAK_PULLUP                ;        ;                       ;         ; Column I/O ;                 ; no       ; On           ;
; P10      ; 154        ; 3        ; RESERVED_INPUT_WITH_WEAK_PULLUP                ;        ;                       ;         ; Column I/O ;                 ; no       ; On           ;
; P11      ; 166        ; 3        ; RESERVED_INPUT_WITH_WEAK_PULLUP                ;        ;                       ;         ; Column I/O ;                 ; no       ; On           ;
; P12      ; 178        ; 4        ; RESERVED_INPUT_WITH_WEAK_PULLUP                ;        ;                       ;         ; Column I/O ;                 ; no       ; On           ;
; P13      ; 198        ; 4        ; RESERVED_INPUT_WITH_WEAK_PULLUP                ;        ;                       ;         ; Column I/O ;                 ; no       ; On           ;
; P14      ; 306        ; 5        ; RESERVED_INPUT_WITH_WEAK_PULLUP                ;        ;                       ;         ; Row I/O    ;                 ; no       ; On           ;
; P15      ; 304        ; 5        ; RESERVED_INPUT_WITH_WEAK_PULLUP                ;        ;                       ;         ; Row I/O    ;                 ; no       ; On           ;
; P16      ;            ; 5        ; VCCIO5                                         ; power  ;                       ; 2.5V    ; --         ;                 ; --       ; --           ;
; P17      ;            ;          ; GND                                            ; gnd    ;                       ;         ; --         ;                 ; --       ; --           ;
; P18      ; 310        ; 5        ; RESERVED_INPUT_WITH_WEAK_PULLUP                ;        ;                       ;         ; Row I/O    ;                 ; no       ; On           ;
; P19      ; 309        ; 5        ; RESERVED_INPUT_WITH_WEAK_PULLUP                ;        ;                       ;         ; Row I/O    ;                 ; no       ; On           ;
; P20      ; 311        ; 5        ; RESERVED_INPUT_WITH_WEAK_PULLUP                ;        ;                       ;         ; Row I/O    ;                 ; no       ; On           ;
; P21      ; 305        ; 5        ; RESERVED_INPUT_WITH_WEAK_PULLUP                ;        ;                       ;         ; Row I/O    ;                 ; no       ; On           ;
; P22      ; 303        ; 5        ; RESERVED_INPUT_WITH_WEAK_PULLUP                ;        ;                       ;         ; Row I/O    ;                 ; --       ; --           ;
; R1       ; 121        ; 2        ; RESERVED_INPUT_WITH_WEAK_PULLUP                ;        ;                       ;         ; Row I/O    ;                 ; no       ; On           ;
; R2       ; 123        ; 2        ; RESERVED_INPUT_WITH_WEAK_PULLUP                ;        ;                       ;         ; Row I/O    ;                 ; no       ; On           ;
; R3       ; 78         ; 2        ; RESERVED_INPUT_WITH_WEAK_PULLUP                ;        ;                       ;         ; Row I/O    ;                 ; no       ; On           ;
; R4       ; 80         ; 2        ; RESERVED_INPUT_WITH_WEAK_PULLUP                ;        ;                       ;         ; Row I/O    ;                 ; no       ; On           ;
; R5       ; 82         ; 2        ; RESERVED_INPUT_WITH_WEAK_PULLUP                ;        ;                       ;         ; Row I/O    ;                 ; no       ; On           ;
; R6       ;            ; 2        ; VCCIO2                                         ; power  ;                       ; 2.5V    ; --         ;                 ; --       ; --           ;
; R7       ; 98         ; 2        ; RESERVED_INPUT_WITH_WEAK_PULLUP                ;        ;                       ;         ; Row I/O    ;                 ; no       ; On           ;
; R8       ;            ; --       ; VCCA1                                          ; power  ;                       ; 2.5V    ; --         ;                 ; --       ; --           ;
; R9       ; 140        ; 3        ; RESERVED_INPUT_WITH_WEAK_PULLUP                ;        ;                       ;         ; Column I/O ;                 ; no       ; On           ;
; R10      ; 152        ; 3        ; RESERVED_INPUT_WITH_WEAK_PULLUP                ;        ;                       ;         ; Column I/O ;                 ; no       ; On           ;
; R11      ; 164        ; 3        ; RESERVED_INPUT_WITH_WEAK_PULLUP                ;        ;                       ;         ; Column I/O ;                 ; no       ; On           ;
; R12      ; 176        ; 4        ; RESERVED_INPUT_WITH_WEAK_PULLUP                ;        ;                       ;         ; Column I/O ;                 ; no       ; On           ;
; R13      ; 196        ; 4        ; RESERVED_INPUT_WITH_WEAK_PULLUP                ;        ;                       ;         ; Column I/O ;                 ; no       ; On           ;
; R14      ; 294        ; 5        ; RESERVED_INPUT_WITH_WEAK_PULLUP                ;        ;                       ;         ; Row I/O    ;                 ; no       ; On           ;
; R15      ; 292        ; 5        ; RESERVED_INPUT_WITH_WEAK_PULLUP                ;        ;                       ;         ; Row I/O    ;                 ; no       ; On           ;
; R16      ;            ; 5        ; VCCIO5                                         ; power  ;                       ; 2.5V    ; --         ;                 ; --       ; --           ;
; R17      ;            ; 5        ; VCCIO5                                         ; power  ;                       ; 2.5V    ; --         ;                 ; --       ; --           ;
; R18      ; 308        ; 5        ; RESERVED_INPUT_WITH_WEAK_PULLUP                ;        ;                       ;         ; Row I/O    ;                 ; no       ; On           ;
; R19      ;            ;          ; GND                                            ; gnd    ;                       ;         ; --         ;                 ; --       ; --           ;
; R20      ; 299        ; 5        ; RESERVED_INPUT_WITH_WEAK_PULLUP                ;        ;                       ;         ; Row I/O    ;                 ; no       ; On           ;
; R21      ;            ;          ; GND                                            ; gnd    ;                       ;         ; --         ;                 ; --       ; --           ;
; R22      ; 301        ; 5        ; RESERVED_INPUT_WITH_WEAK_PULLUP                ;        ;                       ;         ; Row I/O    ;                 ; no       ; On           ;
; T1       ; 81         ; 2        ; RESERVED_INPUT_WITH_WEAK_PULLUP                ;        ;                       ;         ; Row I/O    ;                 ; no       ; On           ;
; T2       ; 83         ; 2        ; RESERVED_INPUT_WITH_WEAK_PULLUP                ;        ;                       ;         ; Row I/O    ;                 ; no       ; On           ;
; T3       ; 88         ; 2        ; RESERVED_INPUT_WITH_WEAK_PULLUP                ;        ;                       ;         ; Row I/O    ;                 ; no       ; On           ;
; T4       ;            ;          ; GND                                            ; gnd    ;                       ;         ; --         ;                 ; --       ; --           ;
; T5       ; 120        ; 2        ; RESERVED_INPUT_WITH_WEAK_PULLUP                ;        ;                       ;         ; Row I/O    ;                 ; no       ; On           ;
; T6       ; 122        ; 2        ; RESERVED_INPUT_WITH_WEAK_PULLUP                ;        ;                       ;         ; Row I/O    ;                 ; no       ; On           ;
; T7       ;            ;          ; VCCD_PLL1                                      ; power  ;                       ; 1.2V    ; --         ;                 ; --       ; --           ;
; T8       ;            ;          ; GND                                            ; gnd    ;                       ;         ; --         ;                 ; --       ; --           ;
; T9       ;            ; 3        ; VCCIO3                                         ; power  ;                       ; 2.5V    ; --         ;                 ; --       ; --           ;
; T10      ;            ; 3        ; VCCIO3                                         ; power  ;                       ; 2.5V    ; --         ;                 ; --       ; --           ;
; T11      ;            ; 3        ; VCCIO3                                         ; power  ;                       ; 2.5V    ; --         ;                 ; --       ; --           ;
; T12      ;            ; 4        ; VCCIO4                                         ; power  ;                       ; 2.5V    ; --         ;                 ; --       ; --           ;
; T13      ;            ; 4        ; VCCIO4                                         ; power  ;                       ; 2.5V    ; --         ;                 ; --       ; --           ;
; T14      ;            ;          ; GND                                            ; gnd    ;                       ;         ; --         ;                 ; --       ; --           ;
; T15      ;            ; --       ; VCCA4                                          ; power  ;                       ; 2.5V    ; --         ;                 ; --       ; --           ;
; T16      ;            ;          ; GND                                            ; gnd    ;                       ;         ; --         ;                 ; --       ; --           ;
; T17      ;            ; 5        ; VCCIO5                                         ; power  ;                       ; 2.5V    ; --         ;                 ; --       ; --           ;
; T18      ; 298        ; 5        ; RESERVED_INPUT_WITH_WEAK_PULLUP                ;        ;                       ;         ; Row I/O    ;                 ; no       ; On           ;
; T19      ; 296        ; 5        ; RESERVED_INPUT_WITH_WEAK_PULLUP                ;        ;                       ;         ; Row I/O    ;                 ; no       ; On           ;
; T20      ; 297        ; 5        ; RESERVED_INPUT_WITH_WEAK_PULLUP                ;        ;                       ;         ; Row I/O    ;                 ; no       ; On           ;
; T21      ; 293        ; 5        ; RESERVED_INPUT_WITH_WEAK_PULLUP                ;        ;                       ;         ; Row I/O    ;                 ; no       ; On           ;
; T22      ; 295        ; 5        ; RESERVED_INPUT_WITH_WEAK_PULLUP                ;        ;                       ;         ; Row I/O    ;                 ; no       ; On           ;
; U1       ; 89         ; 2        ; RESERVED_INPUT_WITH_WEAK_PULLUP                ;        ;                       ;         ; Row I/O    ;                 ; no       ; On           ;
; U2       ; 90         ; 2        ; RESERVED_INPUT_WITH_WEAK_PULLUP                ;        ;                       ;         ; Row I/O    ;                 ; no       ; On           ;
; U3       ; 93         ; 2        ; RESERVED_INPUT_WITH_WEAK_PULLUP                ;        ;                       ;         ; Row I/O    ;                 ; no       ; On           ;
; U4       ; 92         ; 2        ; RESERVED_INPUT_WITH_WEAK_PULLUP                ;        ;                       ;         ; Row I/O    ;                 ; no       ; On           ;
; U5       ; 94         ; 2        ; RESERVED_INPUT_WITH_WEAK_PULLUP                ;        ;                       ;         ; Row I/O    ;                 ; no       ; On           ;
; U6       ; 128        ; 3        ; RESERVED_INPUT_WITH_WEAK_PULLUP                ;        ;                       ;         ; Column I/O ;                 ; no       ; On           ;
; U7       ; 130        ; 3        ; RESERVED_INPUT_WITH_WEAK_PULLUP                ;        ;                       ;         ; Column I/O ;                 ; no       ; On           ;
; U8       ;            ; 3        ; VCCIO3                                         ; power  ;                       ; 2.5V    ; --         ;                 ; --       ; --           ;
; U9       ;            ; 3        ; VCCIO3                                         ; power  ;                       ; 2.5V    ; --         ;                 ; --       ; --           ;
; U10      ;            ;          ; GND                                            ; gnd    ;                       ;         ; --         ;                 ; --       ; --           ;
; U11      ;            ; 4        ; VCCIO4                                         ; power  ;                       ; 2.5V    ; --         ;                 ; --       ; --           ;
; U12      ;            ; 4        ; VCCIO4                                         ; power  ;                       ; 2.5V    ; --         ;                 ; --       ; --           ;
; U13      ;            ;          ; GND                                            ; gnd    ;                       ;         ; --         ;                 ; --       ; --           ;
; U14      ;            ; 4        ; VCCIO4                                         ; power  ;                       ; 2.5V    ; --         ;                 ; --       ; --           ;
; U15      ; 208        ; 4        ; RESERVED_INPUT_WITH_WEAK_PULLUP                ;        ;                       ;         ; Column I/O ;                 ; no       ; On           ;
; U16      ;            ;          ; VCCD_PLL4                                      ; power  ;                       ; 1.2V    ; --         ;                 ; --       ; --           ;
; U17      ; 246        ; 5        ; RESERVED_INPUT_WITH_WEAK_PULLUP                ;        ;                       ;         ; Row I/O    ;                 ; no       ; On           ;
; U18      ; 244        ; 5        ; RESERVED_INPUT_WITH_WEAK_PULLUP                ;        ;                       ;         ; Row I/O    ;                 ; no       ; On           ;
; U19      ; 282        ; 5        ; RESERVED_INPUT_WITH_WEAK_PULLUP                ;        ;                       ;         ; Row I/O    ;                 ; no       ; On           ;
; U20      ; 290        ; 5        ; RESERVED_INPUT_WITH_WEAK_PULLUP                ;        ;                       ;         ; Row I/O    ;                 ; no       ; On           ;
; U21      ; 300        ; 5        ; RESERVED_INPUT_WITH_WEAK_PULLUP                ;        ;                       ;         ; Row I/O    ;                 ; no       ; On           ;
; U22      ; 302        ; 5        ; RESERVED_INPUT_WITH_WEAK_PULLUP                ;        ;                       ;         ; Row I/O    ;                 ; no       ; On           ;
; V1       ; 91         ; 2        ; RESERVED_INPUT_WITH_WEAK_PULLUP                ;        ;                       ;         ; Row I/O    ;                 ; no       ; On           ;
; V2       ;            ;          ; GND                                            ; gnd    ;                       ;         ; --         ;                 ; --       ; --           ;
; V3       ; 95         ; 2        ; RESERVED_INPUT_WITH_WEAK_PULLUP                ;        ;                       ;         ; Row I/O    ;                 ; no       ; On           ;
; V4       ; 125        ; 3        ; RESERVED_INPUT_WITH_WEAK_PULLUP                ;        ;                       ;         ; Column I/O ;                 ; no       ; On           ;
; V5       ; 127        ; 3        ; RESERVED_INPUT_WITH_WEAK_PULLUP                ;        ;                       ;         ; Column I/O ;                 ; no       ; On           ;
; V6       ;            ;          ; GND                                            ; gnd    ;                       ;         ; --         ;                 ; --       ; --           ;
; V7       ; 136        ; 3        ; RESERVED_INPUT_WITH_WEAK_PULLUP                ;        ;                       ;         ; Column I/O ;                 ; no       ; On           ;
; V8       ; 138        ; 3        ; RESERVED_INPUT_WITH_WEAK_PULLUP                ;        ;                       ;         ; Column I/O ;                 ; no       ; On           ;
; V9       ; 160        ; 3        ; RESERVED_INPUT_WITH_WEAK_PULLUP                ;        ;                       ;         ; Column I/O ;                 ; no       ; On           ;
; V10      ; 162        ; 3        ; RESERVED_INPUT_WITH_WEAK_PULLUP                ;        ;                       ;         ; Column I/O ;                 ; no       ; On           ;
; V11      ; 172        ; 4        ; RESERVED_INPUT_WITH_WEAK_PULLUP                ;        ;                       ;         ; Column I/O ;                 ; no       ; On           ;
; V12      ; 174        ; 4        ; RESERVED_INPUT_WITH_WEAK_PULLUP                ;        ;                       ;         ; Column I/O ;                 ; no       ; On           ;
; V13      ; 192        ; 4        ; RESERVED_INPUT_WITH_WEAK_PULLUP                ;        ;                       ;         ; Column I/O ;                 ; no       ; On           ;
; V14      ; 204        ; 4        ; RESERVED_INPUT_WITH_WEAK_PULLUP                ;        ;                       ;         ; Column I/O ;                 ; no       ; On           ;
; V15      ; 216        ; 4        ; RESERVED_INPUT_WITH_WEAK_PULLUP                ;        ;                       ;         ; Column I/O ;                 ; no       ; On           ;
; V16      ; 210        ; 4        ; RESERVED_INPUT_WITH_WEAK_PULLUP                ;        ;                       ;         ; Column I/O ;                 ; no       ; On           ;
; V17      ; 242        ; 4        ; RESERVED_INPUT_WITH_WEAK_PULLUP                ;        ;                       ;         ; Column I/O ;                 ; no       ; On           ;
; V18      ; 280        ; 5        ; RESERVED_INPUT_WITH_WEAK_PULLUP                ;        ;                       ;         ; Row I/O    ;                 ; no       ; On           ;
; V19      ;            ;          ; GND                                            ; gnd    ;                       ;         ; --         ;                 ; --       ; --           ;
; V20      ; 288        ; 5        ; RESERVED_INPUT_WITH_WEAK_PULLUP                ;        ;                       ;         ; Row I/O    ;                 ; no       ; On           ;
; V21      ; 289        ; 5        ; RESERVED_INPUT_WITH_WEAK_PULLUP                ;        ;                       ;         ; Row I/O    ;                 ; no       ; On           ;
; V22      ; 291        ; 5        ; RESERVED_INPUT_WITH_WEAK_PULLUP                ;        ;                       ;         ; Row I/O    ;                 ; no       ; On           ;
; W1       ; 97         ; 2        ; RESERVED_INPUT_WITH_WEAK_PULLUP                ;        ;                       ;         ; Row I/O    ;                 ; no       ; On           ;
; W2       ; 99         ; 2        ; RESERVED_INPUT_WITH_WEAK_PULLUP                ;        ;                       ;         ; Row I/O    ;                 ; no       ; On           ;
; W3       ; 134        ; 3        ; RESERVED_INPUT_WITH_WEAK_PULLUP                ;        ;                       ;         ; Column I/O ;                 ; no       ; On           ;
; W4       ; 132        ; 3        ; RESERVED_INPUT_WITH_WEAK_PULLUP                ;        ;                       ;         ; Column I/O ;                 ; no       ; On           ;
; W5       ; 124        ; 3        ; RESERVED_INPUT_WITH_WEAK_PULLUP                ;        ;                       ;         ; Column I/O ;                 ; no       ; On           ;
; W6       ; 126        ; 3        ; RESERVED_INPUT_WITH_WEAK_PULLUP                ;        ;                       ;         ; Column I/O ;                 ; no       ; On           ;
; W7       ; 148        ; 3        ; RESERVED_INPUT_WITH_WEAK_PULLUP                ;        ;                       ;         ; Column I/O ;                 ; no       ; On           ;
; W8       ; 150        ; 3        ; RESERVED_INPUT_WITH_WEAK_PULLUP                ;        ;                       ;         ; Column I/O ;                 ; no       ; On           ;
; W9       ; 144        ; 3        ; RESERVED_INPUT_WITH_WEAK_PULLUP                ;        ;                       ;         ; Column I/O ;                 ; no       ; On           ;
; W10      ; 146        ; 3        ; RESERVED_INPUT_WITH_WEAK_PULLUP                ;        ;                       ;         ; Column I/O ;                 ; no       ; On           ;
; W11      ; 173        ; 4        ; RESERVED_INPUT_WITH_WEAK_PULLUP                ;        ;                       ;         ; Column I/O ;                 ; no       ; On           ;
; W12      ; 193        ; 4        ; RESERVED_INPUT_WITH_WEAK_PULLUP                ;        ;                       ;         ; Column I/O ;                 ; no       ; On           ;
; W13      ; 195        ; 4        ; RESERVED_INPUT_WITH_WEAK_PULLUP                ;        ;                       ;         ; Column I/O ;                 ; no       ; On           ;
; W14      ; 194        ; 4        ; RESERVED_INPUT_WITH_WEAK_PULLUP                ;        ;                       ;         ; Column I/O ;                 ; no       ; On           ;
; W15      ; 206        ; 4        ; RESERVED_INPUT_WITH_WEAK_PULLUP                ;        ;                       ;         ; Column I/O ;                 ; no       ; On           ;
; W16      ; 218        ; 4        ; RESERVED_INPUT_WITH_WEAK_PULLUP                ;        ;                       ;         ; Column I/O ;                 ; no       ; On           ;
; W17      ; 240        ; 4        ; RESERVED_INPUT_WITH_WEAK_PULLUP                ;        ;                       ;         ; Column I/O ;                 ; no       ; On           ;
; W18      ; 226        ; 4        ; RESERVED_INPUT_WITH_WEAK_PULLUP                ;        ;                       ;         ; Column I/O ;                 ; no       ; On           ;
; W19      ; 284        ; 5        ; RESERVED_INPUT_WITH_WEAK_PULLUP                ;        ;                       ;         ; Row I/O    ;                 ; no       ; On           ;
; W20      ; 286        ; 5        ; RESERVED_INPUT_WITH_WEAK_PULLUP                ;        ;                       ;         ; Row I/O    ;                 ; no       ; On           ;
; W21      ;            ;          ; GND                                            ; gnd    ;                       ;         ; --         ;                 ; --       ; --           ;
; W22      ; 283        ; 5        ; RESERVED_INPUT_WITH_WEAK_PULLUP                ;        ;                       ;         ; Row I/O    ;                 ; no       ; On           ;
; Y1       ; 129        ; 3        ; RESERVED_INPUT_WITH_WEAK_PULLUP                ;        ;                       ;         ; Column I/O ;                 ; no       ; On           ;
; Y2       ; 131        ; 3        ; RESERVED_INPUT_WITH_WEAK_PULLUP                ;        ;                       ;         ; Column I/O ;                 ; no       ; On           ;
; Y3       ; 149        ; 3        ; RESERVED_INPUT_WITH_WEAK_PULLUP                ;        ;                       ;         ; Column I/O ;                 ; no       ; On           ;
; Y4       ; 151        ; 3        ; RESERVED_INPUT_WITH_WEAK_PULLUP                ;        ;                       ;         ; Column I/O ;                 ; no       ; On           ;
; Y5       ; 137        ; 3        ; RESERVED_INPUT_WITH_WEAK_PULLUP                ;        ;                       ;         ; Column I/O ;                 ; no       ; On           ;
; Y6       ; 139        ; 3        ; RESERVED_INPUT_WITH_WEAK_PULLUP                ;        ;                       ;         ; Column I/O ;                 ; no       ; On           ;
; Y7       ; 141        ; 3        ; RESERVED_INPUT_WITH_WEAK_PULLUP                ;        ;                       ;         ; Column I/O ;                 ; no       ; On           ;
; Y8       ; 143        ; 3        ; RESERVED_INPUT_WITH_WEAK_PULLUP                ;        ;                       ;         ; Column I/O ;                 ; no       ; On           ;
; Y9       ;            ;          ; GND                                            ; gnd    ;                       ;         ; --         ;                 ; --       ; --           ;
; Y10      ; 168        ; 3        ; RESERVED_INPUT_WITH_WEAK_PULLUP                ;        ;                       ;         ; Column I/O ;                 ; no       ; On           ;
; Y11      ; 175        ; 4        ; RESERVED_INPUT_WITH_WEAK_PULLUP                ;        ;                       ;         ; Column I/O ;                 ; no       ; On           ;
; Y12      ;            ;          ; GND                                            ; gnd    ;                       ;         ; --         ;                 ; --       ; --           ;
; Y13      ; 200        ; 4        ; RESERVED_INPUT_WITH_WEAK_PULLUP                ;        ;                       ;         ; Column I/O ;                 ; no       ; On           ;
; Y14      ; 202        ; 4        ; RESERVED_INPUT_WITH_WEAK_PULLUP                ;        ;                       ;         ; Column I/O ;                 ; no       ; On           ;
; Y15      ;            ;          ; GND                                            ; gnd    ;                       ;         ; --         ;                 ; --       ; --           ;
; Y16      ; 207        ; 4        ; RESERVED_INPUT_WITH_WEAK_PULLUP                ;        ;                       ;         ; Column I/O ;                 ; no       ; On           ;
; Y17      ; 214        ; 4        ; RESERVED_INPUT_WITH_WEAK_PULLUP                ;        ;                       ;         ; Column I/O ;                 ; no       ; On           ;
; Y18      ; 219        ; 4        ; RESERVED_INPUT_WITH_WEAK_PULLUP                ;        ;                       ;         ; Column I/O ;                 ; no       ; On           ;
; Y19      ; 224        ; 4        ; RESERVED_INPUT_WITH_WEAK_PULLUP                ;        ;                       ;         ; Column I/O ;                 ; no       ; On           ;
; Y20      ; 285        ; 5        ; RESERVED_INPUT_WITH_WEAK_PULLUP                ;        ;                       ;         ; Row I/O    ;                 ; no       ; On           ;
; Y21      ; 287        ; 5        ; RESERVED_INPUT_WITH_WEAK_PULLUP                ;        ;                       ;         ; Row I/O    ;                 ; no       ; On           ;
; Y22      ; 281        ; 5        ; RESERVED_INPUT_WITH_WEAK_PULLUP                ;        ;                       ;         ; Row I/O    ;                 ; no       ; On           ;
+----------+------------+----------+------------------------------------------------+--------+-----------------------+---------+------------+-----------------+----------+--------------+
Note: Pin directions (input, output or bidir) are based on device operating in user mode.


+-----------------------------------------------------+
; I/O Assignment Warnings                             ;
+---------------------+-------------------------------+
; Pin Name            ; Reason                        ;
+---------------------+-------------------------------+
; TDO                 ; Incomplete set of assignments ;
; uart1_txd           ; Incomplete set of assignments ;
; uart2_rxd           ; Incomplete set of assignments ;
; uart2_txd           ; Incomplete set of assignments ;
; timer1_extin        ; Incomplete set of assignments ;
; TMS                 ; Incomplete set of assignments ;
; b_pad_gpio_porta[0] ; Incomplete set of assignments ;
; b_pad_gpio_porta[1] ; Incomplete set of assignments ;
; b_pad_gpio_porta[2] ; Incomplete set of assignments ;
; b_pad_gpio_porta[3] ; Incomplete set of assignments ;
; b_pad_gpio_porta[4] ; Incomplete set of assignments ;
; b_pad_gpio_porta[5] ; Incomplete set of assignments ;
; b_pad_gpio_porta[6] ; Incomplete set of assignments ;
; b_pad_gpio_porta[7] ; Incomplete set of assignments ;
; CLK                 ; Incomplete set of assignments ;
; RESETn              ; Incomplete set of assignments ;
; TCK                 ; Incomplete set of assignments ;
; TDI                 ; Incomplete set of assignments ;
; timer0_extin        ; Incomplete set of assignments ;
; uart1_rxd           ; Incomplete set of assignments ;
; TDO                 ; Missing location assignment   ;
; uart1_txd           ; Missing location assignment   ;
; uart2_rxd           ; Missing location assignment   ;
; uart2_txd           ; Missing location assignment   ;
; timer1_extin        ; Missing location assignment   ;
; TMS                 ; Missing location assignment   ;
; b_pad_gpio_porta[0] ; Missing location assignment   ;
; b_pad_gpio_porta[1] ; Missing location assignment   ;
; b_pad_gpio_porta[2] ; Missing location assignment   ;
; b_pad_gpio_porta[3] ; Missing location assignment   ;
; b_pad_gpio_porta[4] ; Missing location assignment   ;
; b_pad_gpio_porta[5] ; Missing location assignment   ;
; b_pad_gpio_porta[6] ; Missing location assignment   ;
; b_pad_gpio_porta[7] ; Missing location assignment   ;
; CLK                 ; Missing location assignment   ;
; RESETn              ; Missing location assignment   ;
; TCK                 ; Missing location assignment   ;
; TDI                 ; Missing location assignment   ;
; timer0_extin        ; Missing location assignment   ;
; uart1_rxd           ; Missing location assignment   ;
+---------------------+-------------------------------+


+----------------------------------------------------------------------------------------------------------------------------------------------------------------------------------------------------------------------------------------------------------------------------------------------------------------------------------------------------------------------------------------------------------------------------------------------------------------------------------------+
; Fitter Resource Utilization by Entity                                                                                                                                                                                                                                                                                                                                                                                                                                                  ;
+--------------------------------------------------------------------+---------------+---------------------------+---------------+-------------+------+------------+--------------+---------+-----------+------+--------------+---------------+-------------------+------------------+------------+------------------------------------------------------------------------------------------------------------------------------------------+----------------------------+--------------+
; Compilation Hierarchy Node                                         ; Logic Cells   ; Dedicated Logic Registers ; I/O Registers ; Memory Bits ; M9Ks ; UFM Blocks ; DSP Elements ; DSP 9x9 ; DSP 18x18 ; Pins ; Virtual Pins ; LUT-Only LCs  ; Register-Only LCs ; LUT/Register LCs ; ADC blocks ; Full Hierarchy Name                                                                                                                      ; Entity Name                ; Library Name ;
+--------------------------------------------------------------------+---------------+---------------------------+---------------+-------------+------+------------+--------------+---------+-----------+------+--------------+---------------+-------------------+------------------+------------+------------------------------------------------------------------------------------------------------------------------------------------+----------------------------+--------------+
; |top                                                               ; 22783 (3)     ; 5516 (0)                  ; 0 (0)         ; 524288      ; 64   ; 1          ; 6            ; 0       ; 3         ; 20   ; 0            ; 17267 (3)     ; 870 (0)           ; 4646 (0)         ; 0          ; |top                                                                                                                                     ; top                        ; work         ;
;    |AHB2MEM:U_SRAM|                                                ; 187 (152)     ; 20 (19)                   ; 0 (0)         ; 524288      ; 64   ; 0          ; 0            ; 0       ; 0         ; 0    ; 0            ; 163 (131)     ; 2 (1)             ; 22 (20)          ; 0          ; |top|AHB2MEM:U_SRAM                                                                                                                      ; AHB2MEM                    ; work         ;
;       |altsyncram:memory_rtl_0|                                    ; 35 (0)        ; 1 (0)                     ; 0 (0)         ; 524288      ; 64   ; 0          ; 0            ; 0       ; 0         ; 0    ; 0            ; 32 (0)        ; 1 (0)             ; 2 (0)            ; 0          ; |top|AHB2MEM:U_SRAM|altsyncram:memory_rtl_0                                                                                              ; altsyncram                 ; work         ;
;          |altsyncram_6kg1:auto_generated|                          ; 35 (1)        ; 1 (1)                     ; 0 (0)         ; 524288      ; 64   ; 0          ; 0            ; 0       ; 0         ; 0    ; 0            ; 32 (0)        ; 1 (1)             ; 2 (0)            ; 0          ; |top|AHB2MEM:U_SRAM|altsyncram:memory_rtl_0|altsyncram_6kg1:auto_generated                                                               ; altsyncram_6kg1            ; work         ;
;             |decode_97a:decode2|                                   ; 2 (2)         ; 0 (0)                     ; 0 (0)         ; 0           ; 0    ; 0          ; 0            ; 0       ; 0         ; 0    ; 0            ; 2 (2)         ; 0 (0)             ; 0 (0)            ; 0          ; |top|AHB2MEM:U_SRAM|altsyncram:memory_rtl_0|altsyncram_6kg1:auto_generated|decode_97a:decode2                                            ; decode_97a                 ; work         ;
;             |mux_63b:mux3|                                         ; 32 (32)       ; 0 (0)                     ; 0 (0)         ; 0           ; 0    ; 0          ; 0            ; 0       ; 0         ; 0    ; 0            ; 30 (30)       ; 0 (0)             ; 2 (2)            ; 0          ; |top|AHB2MEM:U_SRAM|altsyncram:memory_rtl_0|altsyncram_6kg1:auto_generated|mux_63b:mux3                                                  ; mux_63b                    ; work         ;
;    |BusMatrix3x3:u_BusMatrix3x3|                                   ; 342 (0)       ; 132 (0)                   ; 0 (0)         ; 0           ; 0    ; 0          ; 0            ; 0       ; 0         ; 0    ; 0            ; 182 (0)       ; 4 (0)             ; 156 (0)          ; 0          ; |top|BusMatrix3x3:u_BusMatrix3x3                                                                                                         ; BusMatrix3x3               ; work         ;
;       |InputStage:u_InputStage_0|                                  ; 62 (62)       ; 41 (41)                   ; 0 (0)         ; 0           ; 0    ; 0          ; 0            ; 0       ; 0         ; 0    ; 0            ; 6 (6)         ; 0 (0)             ; 56 (56)          ; 0          ; |top|BusMatrix3x3:u_BusMatrix3x3|InputStage:u_InputStage_0                                                                               ; InputStage                 ; work         ;
;       |InputStage:u_InputStage_1|                                  ; 41 (41)       ; 38 (38)                   ; 0 (0)         ; 0           ; 0    ; 0          ; 0            ; 0       ; 0         ; 0    ; 0            ; 3 (3)         ; 1 (1)             ; 37 (37)          ; 0          ; |top|BusMatrix3x3:u_BusMatrix3x3|InputStage:u_InputStage_1                                                                               ; InputStage                 ; work         ;
;       |InputStage:u_InputStage_2|                                  ; 34 (34)       ; 30 (30)                   ; 0 (0)         ; 0           ; 0    ; 0          ; 0            ; 0       ; 0         ; 0    ; 0            ; 4 (4)         ; 2 (2)             ; 28 (28)          ; 0          ; |top|BusMatrix3x3:u_BusMatrix3x3|InputStage:u_InputStage_2                                                                               ; InputStage                 ; work         ;
;       |OutputStage:u_outputstage_0|                                ; 120 (89)      ; 12 (2)                    ; 0 (0)         ; 0           ; 0    ; 0          ; 0            ; 0       ; 0         ; 0    ; 0            ; 90 (69)       ; 1 (1)             ; 29 (19)          ; 0          ; |top|BusMatrix3x3:u_BusMatrix3x3|OutputStage:u_outputstage_0                                                                             ; OutputStage                ; work         ;
;          |cmsdk_ahb_bm_output_arb:u_output_arb|                    ; 31 (31)       ; 10 (10)                   ; 0 (0)         ; 0           ; 0    ; 0          ; 0            ; 0       ; 0         ; 0    ; 0            ; 21 (21)       ; 0 (0)             ; 10 (10)          ; 0          ; |top|BusMatrix3x3:u_BusMatrix3x3|OutputStage:u_outputstage_0|cmsdk_ahb_bm_output_arb:u_output_arb                                        ; cmsdk_ahb_bm_output_arb    ; work         ;
;       |OutputStage:u_outputstage_1|                                ; 3 (2)         ; 2 (1)                     ; 0 (0)         ; 0           ; 0    ; 0          ; 0            ; 0       ; 0         ; 0    ; 0            ; 1 (1)         ; 0 (0)             ; 2 (1)            ; 0          ; |top|BusMatrix3x3:u_BusMatrix3x3|OutputStage:u_outputstage_1                                                                             ; OutputStage                ; work         ;
;          |cmsdk_ahb_bm_output_arb:u_output_arb|                    ; 1 (1)         ; 1 (1)                     ; 0 (0)         ; 0           ; 0    ; 0          ; 0            ; 0       ; 0         ; 0    ; 0            ; 0 (0)         ; 0 (0)             ; 1 (1)            ; 0          ; |top|BusMatrix3x3:u_BusMatrix3x3|OutputStage:u_outputstage_1|cmsdk_ahb_bm_output_arb:u_output_arb                                        ; cmsdk_ahb_bm_output_arb    ; work         ;
;       |OutputStage:u_outputstage_2|                                ; 1 (0)         ; 1 (0)                     ; 0 (0)         ; 0           ; 0    ; 0          ; 0            ; 0       ; 0         ; 0    ; 0            ; 0 (0)         ; 0 (0)             ; 1 (0)            ; 0          ; |top|BusMatrix3x3:u_BusMatrix3x3|OutputStage:u_outputstage_2                                                                             ; OutputStage                ; work         ;
;          |cmsdk_ahb_bm_output_arb:u_output_arb|                    ; 1 (1)         ; 1 (1)                     ; 0 (0)         ; 0           ; 0    ; 0          ; 0            ; 0       ; 0         ; 0    ; 0            ; 0 (0)         ; 0 (0)             ; 1 (1)            ; 0          ; |top|BusMatrix3x3:u_BusMatrix3x3|OutputStage:u_outputstage_2|cmsdk_ahb_bm_output_arb:u_output_arb                                        ; cmsdk_ahb_bm_output_arb    ; work         ;
;       |cmsdk_ahb_bm_decodeSI0:u_cmsdk_ahb_bm_decodesi0|            ; 61 (60)       ; 4 (3)                     ; 0 (0)         ; 0           ; 0    ; 0          ; 0            ; 0       ; 0         ; 0    ; 0            ; 55 (55)       ; 0 (0)             ; 6 (5)            ; 0          ; |top|BusMatrix3x3:u_BusMatrix3x3|cmsdk_ahb_bm_decodeSI0:u_cmsdk_ahb_bm_decodesi0                                                         ; cmsdk_ahb_bm_decodeSI0     ; work         ;
;          |BusMatrix3x3_default_slave:u_BusMatrix3x3_default_slave| ; 1 (1)         ; 1 (1)                     ; 0 (0)         ; 0           ; 0    ; 0          ; 0            ; 0       ; 0         ; 0    ; 0            ; 0 (0)         ; 0 (0)             ; 1 (1)            ; 0          ; |top|BusMatrix3x3:u_BusMatrix3x3|cmsdk_ahb_bm_decodeSI0:u_cmsdk_ahb_bm_decodesi0|BusMatrix3x3_default_slave:u_BusMatrix3x3_default_slave ; BusMatrix3x3_default_slave ; work         ;
;       |cmsdk_ahb_bm_decodeSI1:u_cmsdk_ahb_bm_decodesi1|            ; 16 (15)       ; 2 (1)                     ; 0 (0)         ; 0           ; 0    ; 0          ; 0            ; 0       ; 0         ; 0    ; 0            ; 14 (14)       ; 0 (0)             ; 2 (1)            ; 0          ; |top|BusMatrix3x3:u_BusMatrix3x3|cmsdk_ahb_bm_decodeSI1:u_cmsdk_ahb_bm_decodesi1                                                         ; cmsdk_ahb_bm_decodeSI1     ; work         ;
;          |BusMatrix3x3_default_slave:u_BusMatrix3x3_default_slave| ; 1 (1)         ; 1 (1)                     ; 0 (0)         ; 0           ; 0    ; 0          ; 0            ; 0       ; 0         ; 0    ; 0            ; 0 (0)         ; 0 (0)             ; 1 (1)            ; 0          ; |top|BusMatrix3x3:u_BusMatrix3x3|cmsdk_ahb_bm_decodeSI1:u_cmsdk_ahb_bm_decodesi1|BusMatrix3x3_default_slave:u_BusMatrix3x3_default_slave ; BusMatrix3x3_default_slave ; work         ;
;       |cmsdk_ahb_bm_decodeSI2:u_cmsdk_ahb_bm_decodesi2|            ; 13 (12)       ; 2 (1)                     ; 0 (0)         ; 0           ; 0    ; 0          ; 0            ; 0       ; 0         ; 0    ; 0            ; 9 (9)         ; 0 (0)             ; 4 (3)            ; 0          ; |top|BusMatrix3x3:u_BusMatrix3x3|cmsdk_ahb_bm_decodeSI2:u_cmsdk_ahb_bm_decodesi2                                                         ; cmsdk_ahb_bm_decodeSI2     ; work         ;
;          |BusMatrix3x3_default_slave:u_BusMatrix3x3_default_slave| ; 1 (1)         ; 1 (1)                     ; 0 (0)         ; 0           ; 0    ; 0          ; 0            ; 0       ; 0         ; 0    ; 0            ; 0 (0)         ; 0 (0)             ; 1 (1)            ; 0          ; |top|BusMatrix3x3:u_BusMatrix3x3|cmsdk_ahb_bm_decodeSI2:u_cmsdk_ahb_bm_decodesi2|BusMatrix3x3_default_slave:u_BusMatrix3x3_default_slave ; BusMatrix3x3_default_slave ; work         ;
;    |CORTEXM3INTEGRATIONDS:u_CORTEXM3INTEGRATION|                   ; 21844 (0)     ; 5054 (0)                  ; 0 (0)         ; 0           ; 0    ; 0          ; 6            ; 0       ; 3         ; 0    ; 0            ; 16689 (0)     ; 798 (0)           ; 4357 (0)         ; 0          ; |top|CORTEXM3INTEGRATIONDS:u_CORTEXM3INTEGRATION                                                                                         ; CORTEXM3INTEGRATIONDS      ; work         ;
;       |cortexm3ds_logic:u_cortexm3ds_logic|                        ; 21844 (21752) ; 5054 (5054)               ; 0 (0)         ; 0           ; 0    ; 0          ; 6            ; 0       ; 3         ; 0    ; 0            ; 16689 (16597) ; 798 (798)         ; 4357 (4357)      ; 0          ; |top|CORTEXM3INTEGRATIONDS:u_CORTEXM3INTEGRATION|cortexm3ds_logic:u_cortexm3ds_logic                                                     ; cortexm3ds_logic           ; work         ;
;          |lpm_add_sub:Add25|                                       ; 64 (0)        ; 0 (0)                     ; 0 (0)         ; 0           ; 0    ; 0          ; 0            ; 0       ; 0         ; 0    ; 0            ; 64 (0)        ; 0 (0)             ; 0 (0)            ; 0          ; |top|CORTEXM3INTEGRATIONDS:u_CORTEXM3INTEGRATION|cortexm3ds_logic:u_cortexm3ds_logic|lpm_add_sub:Add25                                   ; lpm_add_sub                ; work         ;
;             |add_sub_fai:auto_generated|                           ; 64 (64)       ; 0 (0)                     ; 0 (0)         ; 0           ; 0    ; 0          ; 0            ; 0       ; 0         ; 0    ; 0            ; 64 (64)       ; 0 (0)             ; 0 (0)            ; 0          ; |top|CORTEXM3INTEGRATIONDS:u_CORTEXM3INTEGRATION|cortexm3ds_logic:u_cortexm3ds_logic|lpm_add_sub:Add25|add_sub_fai:auto_generated        ; add_sub_fai                ; work         ;
;          |lpm_mult:Mult0|                                          ; 28 (0)        ; 0 (0)                     ; 0 (0)         ; 0           ; 0    ; 0          ; 6            ; 0       ; 3         ; 0    ; 0            ; 28 (0)        ; 0 (0)             ; 0 (0)            ; 0          ; |top|CORTEXM3INTEGRATIONDS:u_CORTEXM3INTEGRATION|cortexm3ds_logic:u_cortexm3ds_logic|lpm_mult:Mult0                                      ; lpm_mult                   ; work         ;
;             |mult_tns:auto_generated|                              ; 28 (28)       ; 0 (0)                     ; 0 (0)         ; 0           ; 0    ; 0          ; 6            ; 0       ; 3         ; 0    ; 0            ; 28 (28)       ; 0 (0)             ; 0 (0)            ; 0          ; |top|CORTEXM3INTEGRATIONDS:u_CORTEXM3INTEGRATION|cortexm3ds_logic:u_cortexm3ds_logic|lpm_mult:Mult0|mult_tns:auto_generated              ; mult_tns                   ; work         ;
;    |cmsdk_apb_subsystem:u_apb_subsystem|                           ; 540 (1)       ; 310 (0)                   ; 0 (0)         ; 0           ; 0    ; 0          ; 0            ; 0       ; 0         ; 0    ; 0            ; 230 (1)       ; 66 (0)            ; 244 (0)          ; 0          ; |top|cmsdk_apb_subsystem:u_apb_subsystem                                                                                                 ; cmsdk_apb_subsystem        ; work         ;
;       |cmsdk_ahb_to_apb:u_ahb_to_apb|                              ; 52 (52)       ; 50 (50)                   ; 0 (0)         ; 0           ; 0    ; 0          ; 0            ; 0       ; 0         ; 0    ; 0            ; 2 (2)         ; 0 (0)             ; 50 (50)          ; 0          ; |top|cmsdk_apb_subsystem:u_apb_subsystem|cmsdk_ahb_to_apb:u_ahb_to_apb                                                                   ; cmsdk_ahb_to_apb           ; work         ;
;       |cmsdk_apb_slave_mux:u_apb_slave_mux|                        ; 53 (53)       ; 0 (0)                     ; 0 (0)         ; 0           ; 0    ; 0          ; 0            ; 0       ; 0         ; 0    ; 0            ; 34 (34)       ; 0 (0)             ; 19 (19)          ; 0          ; |top|cmsdk_apb_subsystem:u_apb_subsystem|cmsdk_apb_slave_mux:u_apb_slave_mux                                                             ; cmsdk_apb_slave_mux        ; work         ;
;       |cmsdk_apb_timer:gen_apb_timer_0.u_apb_timer_0|              ; 156 (156)     ; 80 (80)                   ; 0 (0)         ; 0           ; 0    ; 0          ; 0            ; 0       ; 0         ; 0    ; 0            ; 64 (64)       ; 20 (20)           ; 72 (72)          ; 0          ; |top|cmsdk_apb_subsystem:u_apb_subsystem|cmsdk_apb_timer:gen_apb_timer_0.u_apb_timer_0                                                   ; cmsdk_apb_timer            ; work         ;
;       |cmsdk_apb_uart:gen_apb_uart_1.u_apb_uart_1|                 ; 191 (191)     ; 116 (116)                 ; 0 (0)         ; 0           ; 0    ; 0          ; 0            ; 0       ; 0         ; 0    ; 0            ; 75 (75)       ; 32 (32)           ; 84 (84)          ; 0          ; |top|cmsdk_apb_subsystem:u_apb_subsystem|cmsdk_apb_uart:gen_apb_uart_1.u_apb_uart_1                                                      ; cmsdk_apb_uart             ; work         ;
;       |gpio:gen_apb_gpio_0.u_gpio_0|                               ; 118 (0)       ; 64 (0)                    ; 0 (0)         ; 0           ; 0    ; 0          ; 0            ; 0       ; 0         ; 0    ; 0            ; 54 (0)        ; 14 (0)            ; 50 (0)           ; 0          ; |top|cmsdk_apb_subsystem:u_apb_subsystem|gpio:gen_apb_gpio_0.u_gpio_0                                                                    ; gpio                       ; work         ;
;          |gpio_apbif:x_gpio_apbif|                                 ; 110 (110)     ; 64 (64)                   ; 0 (0)         ; 0           ; 0    ; 0          ; 0            ; 0       ; 0         ; 0    ; 0            ; 46 (46)       ; 14 (14)           ; 50 (50)          ; 0          ; |top|cmsdk_apb_subsystem:u_apb_subsystem|gpio:gen_apb_gpio_0.u_gpio_0|gpio_apbif:x_gpio_apbif                                            ; gpio_apbif                 ; work         ;
;          |gpio_ctrl:x_gpio_ctrl|                                   ; 8 (8)         ; 0 (0)                     ; 0 (0)         ; 0           ; 0    ; 0          ; 0            ; 0       ; 0         ; 0    ; 0            ; 8 (8)         ; 0 (0)             ; 0 (0)            ; 0          ; |top|cmsdk_apb_subsystem:u_apb_subsystem|gpio:gen_apb_gpio_0.u_gpio_0|gpio_ctrl:x_gpio_ctrl                                              ; gpio_ctrl                  ; work         ;
+--------------------------------------------------------------------+---------------+---------------------------+---------------+-------------+------+------------+--------------+---------+-----------+------+--------------+---------------+-------------------+------------------+------------+------------------------------------------------------------------------------------------------------------------------------------------+----------------------------+--------------+
Note: For table entries with two numbers listed, the numbers in parentheses indicate the number of resources of the given type used by the specific entity alone. The numbers listed outside of parentheses indicate the total resources of the given type used by the specific entity and all of its sub-entities in the hierarchy.


+-----------------------------------------------------------------------------------------------------+
; Delay Chain Summary                                                                                 ;
+---------------------+----------+---------------+---------------+-----------------------+-----+------+
; Name                ; Pin Type ; Pad to Core 0 ; Pad to Core 1 ; Pad to Input Register ; TCO ; TCOE ;
+---------------------+----------+---------------+---------------+-----------------------+-----+------+
; TDO                 ; Output   ; --            ; --            ; --                    ; --  ; --   ;
; uart1_txd           ; Output   ; --            ; --            ; --                    ; --  ; --   ;
; uart2_rxd           ; Input    ; --            ; --            ; --                    ; --  ; --   ;
; uart2_txd           ; Output   ; --            ; --            ; --                    ; --  ; --   ;
; timer1_extin        ; Input    ; --            ; --            ; --                    ; --  ; --   ;
; TMS                 ; Bidir    ; --            ; (6) 868 ps    ; --                    ; --  ; --   ;
; b_pad_gpio_porta[0] ; Bidir    ; --            ; (6) 868 ps    ; --                    ; --  ; --   ;
; b_pad_gpio_porta[1] ; Bidir    ; (6) 868 ps    ; --            ; --                    ; --  ; --   ;
; b_pad_gpio_porta[2] ; Bidir    ; --            ; (6) 868 ps    ; --                    ; --  ; --   ;
; b_pad_gpio_porta[3] ; Bidir    ; (6) 868 ps    ; --            ; --                    ; --  ; --   ;
; b_pad_gpio_porta[4] ; Bidir    ; (0) 0 ps      ; --            ; --                    ; --  ; --   ;
; b_pad_gpio_porta[5] ; Bidir    ; --            ; (0) 0 ps      ; --                    ; --  ; --   ;
; b_pad_gpio_porta[6] ; Bidir    ; (6) 868 ps    ; --            ; --                    ; --  ; --   ;
; b_pad_gpio_porta[7] ; Bidir    ; (6) 868 ps    ; --            ; --                    ; --  ; --   ;
; CLK                 ; Input    ; (0) 0 ps      ; --            ; --                    ; --  ; --   ;
; RESETn              ; Input    ; (6) 873 ps    ; --            ; --                    ; --  ; --   ;
; TCK                 ; Input    ; (0) 0 ps      ; --            ; --                    ; --  ; --   ;
; TDI                 ; Input    ; --            ; (6) 868 ps    ; --                    ; --  ; --   ;
; timer0_extin        ; Input    ; --            ; (6) 868 ps    ; --                    ; --  ; --   ;
; uart1_rxd           ; Input    ; --            ; (6) 868 ps    ; --                    ; --  ; --   ;
+---------------------+----------+---------------+---------------+-----------------------+-----+------+


+--------------------------------------------------------------------------------------------------------------------------------------+
; Pad To Core Delay Chain Fanout                                                                                                       ;
+--------------------------------------------------------------------------------------------------------+-------------------+---------+
; Source Pin / Fanout                                                                                    ; Pad To Core Index ; Setting ;
+--------------------------------------------------------------------------------------------------------+-------------------+---------+
; uart2_rxd                                                                                              ;                   ;         ;
; timer1_extin                                                                                           ;                   ;         ;
; TMS                                                                                                    ;                   ;         ;
;      - CORTEXM3INTEGRATIONDS:u_CORTEXM3INTEGRATION|cortexm3ds_logic:u_cortexm3ds_logic|Alwmv6~0        ; 1                 ; 6       ;
;      - CORTEXM3INTEGRATIONDS:u_CORTEXM3INTEGRATION|cortexm3ds_logic:u_cortexm3ds_logic|Tsvmv6~0        ; 1                 ; 6       ;
;      - CORTEXM3INTEGRATIONDS:u_CORTEXM3INTEGRATION|cortexm3ds_logic:u_cortexm3ds_logic|Dcwmv6~0        ; 1                 ; 6       ;
;      - CORTEXM3INTEGRATIONDS:u_CORTEXM3INTEGRATION|cortexm3ds_logic:u_cortexm3ds_logic|L2wmv6~0        ; 1                 ; 6       ;
;      - CORTEXM3INTEGRATIONDS:u_CORTEXM3INTEGRATION|cortexm3ds_logic:u_cortexm3ds_logic|Xmwmv6~0        ; 1                 ; 6       ;
;      - CORTEXM3INTEGRATIONDS:u_CORTEXM3INTEGRATION|cortexm3ds_logic:u_cortexm3ds_logic|D5wmv6~0        ; 1                 ; 6       ;
;      - CORTEXM3INTEGRATIONDS:u_CORTEXM3INTEGRATION|cortexm3ds_logic:u_cortexm3ds_logic|Woxmz6~13       ; 1                 ; 6       ;
;      - CORTEXM3INTEGRATIONDS:u_CORTEXM3INTEGRATION|cortexm3ds_logic:u_cortexm3ds_logic|Gwvmv6~0        ; 1                 ; 6       ;
;      - CORTEXM3INTEGRATIONDS:u_CORTEXM3INTEGRATION|cortexm3ds_logic:u_cortexm3ds_logic|Gwvmv6~1        ; 1                 ; 6       ;
;      - CORTEXM3INTEGRATIONDS:u_CORTEXM3INTEGRATION|cortexm3ds_logic:u_cortexm3ds_logic|Bwwmv6~0        ; 1                 ; 6       ;
;      - CORTEXM3INTEGRATIONDS:u_CORTEXM3INTEGRATION|cortexm3ds_logic:u_cortexm3ds_logic|Lch8v6~0        ; 1                 ; 6       ;
;      - CORTEXM3INTEGRATIONDS:u_CORTEXM3INTEGRATION|cortexm3ds_logic:u_cortexm3ds_logic|Msvmv6~0        ; 1                 ; 6       ;
;      - CORTEXM3INTEGRATIONDS:u_CORTEXM3INTEGRATION|cortexm3ds_logic:u_cortexm3ds_logic|Djwmv6~0        ; 1                 ; 6       ;
;      - CORTEXM3INTEGRATIONDS:u_CORTEXM3INTEGRATION|cortexm3ds_logic:u_cortexm3ds_logic|Bbwmv6~2        ; 1                 ; 6       ;
;      - CORTEXM3INTEGRATIONDS:u_CORTEXM3INTEGRATION|cortexm3ds_logic:u_cortexm3ds_logic|Bbwmv6~3        ; 1                 ; 6       ;
;      - CORTEXM3INTEGRATIONDS:u_CORTEXM3INTEGRATION|cortexm3ds_logic:u_cortexm3ds_logic|Dcwmv6~1        ; 1                 ; 6       ;
;      - CORTEXM3INTEGRATIONDS:u_CORTEXM3INTEGRATION|cortexm3ds_logic:u_cortexm3ds_logic|Y5wmv6~0        ; 1                 ; 6       ;
;      - CORTEXM3INTEGRATIONDS:u_CORTEXM3INTEGRATION|cortexm3ds_logic:u_cortexm3ds_logic|Lch8v6~2        ; 1                 ; 6       ;
;      - CORTEXM3INTEGRATIONDS:u_CORTEXM3INTEGRATION|cortexm3ds_logic:u_cortexm3ds_logic|Lch8v6~3        ; 1                 ; 6       ;
;      - CORTEXM3INTEGRATIONDS:u_CORTEXM3INTEGRATION|cortexm3ds_logic:u_cortexm3ds_logic|Lch8v6~6        ; 1                 ; 6       ;
;      - CORTEXM3INTEGRATIONDS:u_CORTEXM3INTEGRATION|cortexm3ds_logic:u_cortexm3ds_logic|Azwmv6~0        ; 1                 ; 6       ;
;      - CORTEXM3INTEGRATIONDS:u_CORTEXM3INTEGRATION|cortexm3ds_logic:u_cortexm3ds_logic|Wr1nv6          ; 1                 ; 6       ;
;      - CORTEXM3INTEGRATIONDS:u_CORTEXM3INTEGRATION|cortexm3ds_logic:u_cortexm3ds_logic|Z3ymz6[1]~3     ; 1                 ; 6       ;
;      - CORTEXM3INTEGRATIONDS:u_CORTEXM3INTEGRATION|cortexm3ds_logic:u_cortexm3ds_logic|Sdqhw6          ; 1                 ; 6       ;
;      - CORTEXM3INTEGRATIONDS:u_CORTEXM3INTEGRATION|cortexm3ds_logic:u_cortexm3ds_logic|Woxmz6~19       ; 1                 ; 6       ;
;      - CORTEXM3INTEGRATIONDS:u_CORTEXM3INTEGRATION|cortexm3ds_logic:u_cortexm3ds_logic|Lch8v6~17       ; 1                 ; 6       ;
; b_pad_gpio_porta[0]                                                                                    ;                   ;         ;
;      - cmsdk_apb_subsystem:u_apb_subsystem|gpio:gen_apb_gpio_0.u_gpio_0|gpio_apbif:x_gpio_apbif|Mux7~0 ; 1                 ; 6       ;
;      - cmsdk_apb_subsystem:u_apb_subsystem|gpio:gen_apb_gpio_0.u_gpio_0|gpio_apbif:x_gpio_apbif|Mux7~2 ; 1                 ; 6       ;
; b_pad_gpio_porta[1]                                                                                    ;                   ;         ;
;      - cmsdk_apb_subsystem:u_apb_subsystem|gpio:gen_apb_gpio_0.u_gpio_0|gpio_apbif:x_gpio_apbif|Mux6~0 ; 0                 ; 6       ;
;      - cmsdk_apb_subsystem:u_apb_subsystem|gpio:gen_apb_gpio_0.u_gpio_0|gpio_apbif:x_gpio_apbif|Mux6~2 ; 0                 ; 6       ;
; b_pad_gpio_porta[2]                                                                                    ;                   ;         ;
;      - cmsdk_apb_subsystem:u_apb_subsystem|gpio:gen_apb_gpio_0.u_gpio_0|gpio_apbif:x_gpio_apbif|Mux5~0 ; 1                 ; 6       ;
;      - cmsdk_apb_subsystem:u_apb_subsystem|gpio:gen_apb_gpio_0.u_gpio_0|gpio_apbif:x_gpio_apbif|Mux5~2 ; 1                 ; 6       ;
; b_pad_gpio_porta[3]                                                                                    ;                   ;         ;
;      - cmsdk_apb_subsystem:u_apb_subsystem|gpio:gen_apb_gpio_0.u_gpio_0|gpio_apbif:x_gpio_apbif|Mux4~0 ; 0                 ; 6       ;
;      - cmsdk_apb_subsystem:u_apb_subsystem|gpio:gen_apb_gpio_0.u_gpio_0|gpio_apbif:x_gpio_apbif|Mux4~2 ; 0                 ; 6       ;
; b_pad_gpio_porta[4]                                                                                    ;                   ;         ;
;      - cmsdk_apb_subsystem:u_apb_subsystem|gpio:gen_apb_gpio_0.u_gpio_0|gpio_apbif:x_gpio_apbif|Mux3~0 ; 0                 ; 0       ;
;      - cmsdk_apb_subsystem:u_apb_subsystem|gpio:gen_apb_gpio_0.u_gpio_0|gpio_apbif:x_gpio_apbif|Mux3~2 ; 0                 ; 0       ;
; b_pad_gpio_porta[5]                                                                                    ;                   ;         ;
;      - cmsdk_apb_subsystem:u_apb_subsystem|gpio:gen_apb_gpio_0.u_gpio_0|gpio_apbif:x_gpio_apbif|Mux2~0 ; 1                 ; 0       ;
;      - cmsdk_apb_subsystem:u_apb_subsystem|gpio:gen_apb_gpio_0.u_gpio_0|gpio_apbif:x_gpio_apbif|Mux2~2 ; 1                 ; 0       ;
; b_pad_gpio_porta[6]                                                                                    ;                   ;         ;
;      - cmsdk_apb_subsystem:u_apb_subsystem|gpio:gen_apb_gpio_0.u_gpio_0|gpio_apbif:x_gpio_apbif|Mux1~0 ; 0                 ; 6       ;
;      - cmsdk_apb_subsystem:u_apb_subsystem|gpio:gen_apb_gpio_0.u_gpio_0|gpio_apbif:x_gpio_apbif|Mux1~2 ; 0                 ; 6       ;
; b_pad_gpio_porta[7]                                                                                    ;                   ;         ;
;      - cmsdk_apb_subsystem:u_apb_subsystem|gpio:gen_apb_gpio_0.u_gpio_0|gpio_apbif:x_gpio_apbif|Mux0~0 ; 0                 ; 6       ;
;      - cmsdk_apb_subsystem:u_apb_subsystem|gpio:gen_apb_gpio_0.u_gpio_0|gpio_apbif:x_gpio_apbif|Mux0~2 ; 0                 ; 6       ;
; CLK                                                                                                    ;                   ;         ;
; RESETn                                                                                                 ;                   ;         ;
;      - AHB2MEM:U_SRAM|hwdata_mask[0]                                                                   ; 0                 ; 6       ;
;      - AHB2MEM:U_SRAM|hwdata_mask[10]                                                                  ; 0                 ; 6       ;
;      - AHB2MEM:U_SRAM|hwdata_mask[16]                                                                  ; 0                 ; 6       ;
;      - AHB2MEM:U_SRAM|hwdata_mask[24]                                                                  ; 0                 ; 6       ;
; TCK                                                                                                    ;                   ;         ;
; TDI                                                                                                    ;                   ;         ;
;      - CORTEXM3INTEGRATIONDS:u_CORTEXM3INTEGRATION|cortexm3ds_logic:u_cortexm3ds_logic|Gul8v6~1        ; 1                 ; 6       ;
;      - CORTEXM3INTEGRATIONDS:u_CORTEXM3INTEGRATION|cortexm3ds_logic:u_cortexm3ds_logic|Vah8v6~0        ; 1                 ; 6       ;
; timer0_extin                                                                                           ;                   ;         ;
;      - cmsdk_apb_subsystem:u_apb_subsystem|cmsdk_apb_timer:gen_apb_timer_0.u_apb_timer_0|ext_in_sync1  ; 1                 ; 6       ;
; uart1_rxd                                                                                              ;                   ;         ;
;      - cmsdk_apb_subsystem:u_apb_subsystem|cmsdk_apb_uart:gen_apb_uart_1.u_apb_uart_1|rxd_sync_1~0     ; 1                 ; 6       ;
+--------------------------------------------------------------------------------------------------------+-------------------+---------+


+---------------------------------------------------------------------------------------------------------------------------------------------------------------------------------------------------------------------------------------------------------------+
; Control Signals                                                                                                                                                                                                                                               ;
+----------------------------------------------------------------------------------------------------------------------+--------------------+---------+--------------------------+--------+----------------------+------------------+---------------------------+
; Name                                                                                                                 ; Location           ; Fan-Out ; Usage                    ; Global ; Global Resource Used ; Global Line Name ; Enable Signal Source Name ;
+----------------------------------------------------------------------------------------------------------------------+--------------------+---------+--------------------------+--------+----------------------+------------------+---------------------------+
; AHB2MEM:U_SRAM|altsyncram:memory_rtl_0|altsyncram_6kg1:auto_generated|decode_97a:decode2|eq_node[0]                  ; LCCOMB_X40_Y27_N8  ; 32      ; Write enable             ; no     ; --                   ; --               ; --                        ;
; AHB2MEM:U_SRAM|altsyncram:memory_rtl_0|altsyncram_6kg1:auto_generated|decode_97a:decode2|eq_node[1]                  ; LCCOMB_X40_Y27_N14 ; 32      ; Write enable             ; no     ; --                   ; --               ; --                        ;
; BusMatrix3x3:u_BusMatrix3x3|InputStage:u_InputStage_0|load_reg~2                                                     ; LCCOMB_X39_Y23_N14 ; 38      ; Clock enable             ; no     ; --                   ; --               ; --                        ;
; BusMatrix3x3:u_BusMatrix3x3|InputStage:u_InputStage_1|load_reg                                                       ; LCCOMB_X41_Y20_N14 ; 36      ; Clock enable             ; no     ; --                   ; --               ; --                        ;
; BusMatrix3x3:u_BusMatrix3x3|InputStage:u_InputStage_2|load_reg~0                                                     ; LCCOMB_X34_Y17_N26 ; 31      ; Clock enable             ; no     ; --                   ; --               ; --                        ;
; BusMatrix3x3:u_BusMatrix3x3|OutputStage:u_outputstage_0|cmsdk_ahb_bm_output_arb:u_output_arb|reg_burst_remain[2]~1   ; LCCOMB_X37_Y23_N14 ; 2       ; Clock enable             ; no     ; --                   ; --               ; --                        ;
; BusMatrix3x3:u_BusMatrix3x3|OutputStage:u_outputstage_1|cmsdk_ahb_bm_output_arb:u_output_arb|i_no_port               ; FF_X38_Y23_N13     ; 5       ; Sync. clear              ; no     ; --                   ; --               ; --                        ;
; BusMatrix3x3:u_BusMatrix3x3|OutputStage:u_outputstage_1|i_hreadymuxm~0                                               ; LCCOMB_X39_Y31_N30 ; 4       ; Clock enable             ; no     ; --                   ; --               ; --                        ;
; CLK                                                                                                                  ; PIN_M8             ; 5253    ; Clock                    ; yes    ; Global Clock         ; GCLK3            ; --                        ;
; CORTEXM3INTEGRATIONDS:u_CORTEXM3INTEGRATION|cortexm3ds_logic:u_cortexm3ds_logic|A41jy6                               ; LCCOMB_X54_Y9_N10  ; 32      ; Clock enable             ; no     ; --                   ; --               ; --                        ;
; CORTEXM3INTEGRATIONDS:u_CORTEXM3INTEGRATION|cortexm3ds_logic:u_cortexm3ds_logic|A6e8v6~0                             ; LCCOMB_X72_Y29_N26 ; 3       ; Clock enable             ; no     ; --                   ; --               ; --                        ;
; CORTEXM3INTEGRATIONDS:u_CORTEXM3INTEGRATION|cortexm3ds_logic:u_cortexm3ds_logic|A9kiw6                               ; LCCOMB_X44_Y18_N16 ; 28      ; Clock enable             ; no     ; --                   ; --               ; --                        ;
; CORTEXM3INTEGRATIONDS:u_CORTEXM3INTEGRATION|cortexm3ds_logic:u_cortexm3ds_logic|Ab5ov6~0                             ; LCCOMB_X52_Y21_N16 ; 2       ; Clock enable             ; no     ; --                   ; --               ; --                        ;
; CORTEXM3INTEGRATIONDS:u_CORTEXM3INTEGRATION|cortexm3ds_logic:u_cortexm3ds_logic|Abd7x6                               ; LCCOMB_X50_Y18_N22 ; 14      ; Clock enable             ; no     ; --                   ; --               ; --                        ;
; CORTEXM3INTEGRATIONDS:u_CORTEXM3INTEGRATION|cortexm3ds_logic:u_cortexm3ds_logic|Add10~2                              ; LCCOMB_X46_Y34_N16 ; 13      ; Clock enable             ; no     ; --                   ; --               ; --                        ;
; CORTEXM3INTEGRATIONDS:u_CORTEXM3INTEGRATION|cortexm3ds_logic:u_cortexm3ds_logic|Aibiw6                               ; LCCOMB_X44_Y10_N14 ; 6       ; Clock enable             ; no     ; --                   ; --               ; --                        ;
; CORTEXM3INTEGRATIONDS:u_CORTEXM3INTEGRATION|cortexm3ds_logic:u_cortexm3ds_logic|Aiiiw6~0                             ; LCCOMB_X55_Y21_N6  ; 2       ; Clock enable             ; no     ; --                   ; --               ; --                        ;
; CORTEXM3INTEGRATIONDS:u_CORTEXM3INTEGRATION|cortexm3ds_logic:u_cortexm3ds_logic|All7v6~0                             ; LCCOMB_X61_Y24_N8  ; 3       ; Clock enable             ; no     ; --                   ; --               ; --                        ;
; CORTEXM3INTEGRATIONDS:u_CORTEXM3INTEGRATION|cortexm3ds_logic:u_cortexm3ds_logic|Alo7x6~0                             ; LCCOMB_X43_Y21_N6  ; 43      ; Clock enable             ; no     ; --                   ; --               ; --                        ;
; CORTEXM3INTEGRATIONDS:u_CORTEXM3INTEGRATION|cortexm3ds_logic:u_cortexm3ds_logic|Ammhw6~2                             ; LCCOMB_X16_Y13_N2  ; 55      ; Clock enable             ; no     ; --                   ; --               ; --                        ;
; CORTEXM3INTEGRATIONDS:u_CORTEXM3INTEGRATION|cortexm3ds_logic:u_cortexm3ds_logic|Apiiw6~1                             ; LCCOMB_X52_Y21_N2  ; 7       ; Clock enable             ; no     ; --                   ; --               ; --                        ;
; CORTEXM3INTEGRATIONDS:u_CORTEXM3INTEGRATION|cortexm3ds_logic:u_cortexm3ds_logic|Avciw6                               ; LCCOMB_X46_Y9_N12  ; 4       ; Clock enable             ; no     ; --                   ; --               ; --                        ;
; CORTEXM3INTEGRATIONDS:u_CORTEXM3INTEGRATION|cortexm3ds_logic:u_cortexm3ds_logic|Aw1jy6~0                             ; LCCOMB_X51_Y15_N18 ; 8       ; Clock enable             ; no     ; --                   ; --               ; --                        ;
; CORTEXM3INTEGRATIONDS:u_CORTEXM3INTEGRATION|cortexm3ds_logic:u_cortexm3ds_logic|Azd8v6~0                             ; LCCOMB_X64_Y22_N14 ; 3       ; Clock enable             ; no     ; --                   ; --               ; --                        ;
; CORTEXM3INTEGRATIONDS:u_CORTEXM3INTEGRATION|cortexm3ds_logic:u_cortexm3ds_logic|B22yx6                               ; LCCOMB_X54_Y17_N20 ; 8       ; Clock enable             ; no     ; --                   ; --               ; --                        ;
; CORTEXM3INTEGRATIONDS:u_CORTEXM3INTEGRATION|cortexm3ds_logic:u_cortexm3ds_logic|B2f8v6~0                             ; LCCOMB_X70_Y29_N2  ; 3       ; Clock enable             ; no     ; --                   ; --               ; --                        ;
; CORTEXM3INTEGRATIONDS:u_CORTEXM3INTEGRATION|cortexm3ds_logic:u_cortexm3ds_logic|B35xx6~0                             ; LCCOMB_X59_Y37_N24 ; 9       ; Clock enable             ; no     ; --                   ; --               ; --                        ;
; CORTEXM3INTEGRATIONDS:u_CORTEXM3INTEGRATION|cortexm3ds_logic:u_cortexm3ds_logic|B4d8v6~0                             ; LCCOMB_X70_Y29_N14 ; 3       ; Clock enable             ; no     ; --                   ; --               ; --                        ;
; CORTEXM3INTEGRATIONDS:u_CORTEXM3INTEGRATION|cortexm3ds_logic:u_cortexm3ds_logic|B57iw6~0                             ; LCCOMB_X51_Y27_N24 ; 8       ; Clock enable             ; no     ; --                   ; --               ; --                        ;
; CORTEXM3INTEGRATIONDS:u_CORTEXM3INTEGRATION|cortexm3ds_logic:u_cortexm3ds_logic|B6kiw6                               ; LCCOMB_X45_Y16_N8  ; 30      ; Clock enable             ; no     ; --                   ; --               ; --                        ;
; CORTEXM3INTEGRATIONDS:u_CORTEXM3INTEGRATION|cortexm3ds_logic:u_cortexm3ds_logic|B7ciw6~0                             ; LCCOMB_X45_Y7_N14  ; 16      ; Clock enable             ; no     ; --                   ; --               ; --                        ;
; CORTEXM3INTEGRATIONDS:u_CORTEXM3INTEGRATION|cortexm3ds_logic:u_cortexm3ds_logic|Ba6yx6~0                             ; LCCOMB_X63_Y15_N4  ; 10      ; Clock enable             ; no     ; --                   ; --               ; --                        ;
; CORTEXM3INTEGRATIONDS:u_CORTEXM3INTEGRATION|cortexm3ds_logic:u_cortexm3ds_logic|Be6yx6~0                             ; LCCOMB_X63_Y13_N0  ; 10      ; Clock enable             ; no     ; --                   ; --               ; --                        ;
; CORTEXM3INTEGRATIONDS:u_CORTEXM3INTEGRATION|cortexm3ds_logic:u_cortexm3ds_logic|Beciw6~0                             ; LCCOMB_X36_Y14_N22 ; 6       ; Clock enable             ; no     ; --                   ; --               ; --                        ;
; CORTEXM3INTEGRATIONDS:u_CORTEXM3INTEGRATION|cortexm3ds_logic:u_cortexm3ds_logic|Bh5xx6                               ; LCCOMB_X59_Y37_N16 ; 8       ; Clock enable             ; no     ; --                   ; --               ; --                        ;
; CORTEXM3INTEGRATIONDS:u_CORTEXM3INTEGRATION|cortexm3ds_logic:u_cortexm3ds_logic|Bi6yx6                               ; LCCOMB_X63_Y16_N16 ; 10      ; Clock enable             ; no     ; --                   ; --               ; --                        ;
; CORTEXM3INTEGRATIONDS:u_CORTEXM3INTEGRATION|cortexm3ds_logic:u_cortexm3ds_logic|Bmbiw6~0                             ; LCCOMB_X45_Y7_N28  ; 3       ; Clock enable             ; no     ; --                   ; --               ; --                        ;
; CORTEXM3INTEGRATIONDS:u_CORTEXM3INTEGRATION|cortexm3ds_logic:u_cortexm3ds_logic|Bq4yx6                               ; LCCOMB_X59_Y15_N8  ; 40      ; Clock enable             ; no     ; --                   ; --               ; --                        ;
; CORTEXM3INTEGRATIONDS:u_CORTEXM3INTEGRATION|cortexm3ds_logic:u_cortexm3ds_logic|Br0ov6~1                             ; LCCOMB_X26_Y17_N2  ; 34      ; Clock enable             ; no     ; --                   ; --               ; --                        ;
; CORTEXM3INTEGRATIONDS:u_CORTEXM3INTEGRATION|cortexm3ds_logic:u_cortexm3ds_logic|Brzhw6~0                             ; LCCOMB_X46_Y34_N2  ; 6       ; Clock enable             ; no     ; --                   ; --               ; --                        ;
; CORTEXM3INTEGRATIONDS:u_CORTEXM3INTEGRATION|cortexm3ds_logic:u_cortexm3ds_logic|Bwd8v6~0                             ; LCCOMB_X67_Y29_N4  ; 3       ; Clock enable             ; no     ; --                   ; --               ; --                        ;
; CORTEXM3INTEGRATIONDS:u_CORTEXM3INTEGRATION|cortexm3ds_logic:u_cortexm3ds_logic|C31jy6~4                             ; LCCOMB_X52_Y9_N30  ; 4       ; Clock enable             ; no     ; --                   ; --               ; --                        ;
; CORTEXM3INTEGRATIONDS:u_CORTEXM3INTEGRATION|cortexm3ds_logic:u_cortexm3ds_logic|C4ciw6~0                             ; LCCOMB_X45_Y9_N28  ; 16      ; Clock enable             ; no     ; --                   ; --               ; --                        ;
; CORTEXM3INTEGRATIONDS:u_CORTEXM3INTEGRATION|cortexm3ds_logic:u_cortexm3ds_logic|C71jy6                               ; LCCOMB_X59_Y19_N30 ; 8       ; Clock enable             ; no     ; --                   ; --               ; --                        ;
; CORTEXM3INTEGRATIONDS:u_CORTEXM3INTEGRATION|cortexm3ds_logic:u_cortexm3ds_logic|C7e8v6~0                             ; LCCOMB_X61_Y24_N12 ; 3       ; Clock enable             ; no     ; --                   ; --               ; --                        ;
; CORTEXM3INTEGRATIONDS:u_CORTEXM3INTEGRATION|cortexm3ds_logic:u_cortexm3ds_logic|Chyiw6~0                             ; LCCOMB_X11_Y17_N30 ; 32      ; Clock enable             ; no     ; --                   ; --               ; --                        ;
; CORTEXM3INTEGRATIONDS:u_CORTEXM3INTEGRATION|cortexm3ds_logic:u_cortexm3ds_logic|Cjbiw6                               ; LCCOMB_X44_Y10_N26 ; 6       ; Clock enable             ; no     ; --                   ; --               ; --                        ;
; CORTEXM3INTEGRATIONDS:u_CORTEXM3INTEGRATION|cortexm3ds_logic:u_cortexm3ds_logic|Cml7v6~0                             ; LCCOMB_X61_Y24_N2  ; 3       ; Clock enable             ; no     ; --                   ; --               ; --                        ;
; CORTEXM3INTEGRATIONDS:u_CORTEXM3INTEGRATION|cortexm3ds_logic:u_cortexm3ds_logic|Cmonv6~0                             ; LCCOMB_X39_Y27_N6  ; 26      ; Clock enable             ; no     ; --                   ; --               ; --                        ;
; CORTEXM3INTEGRATIONDS:u_CORTEXM3INTEGRATION|cortexm3ds_logic:u_cortexm3ds_logic|Cmonv6~1                             ; LCCOMB_X39_Y24_N14 ; 23      ; Clock enable             ; no     ; --                   ; --               ; --                        ;
; CORTEXM3INTEGRATIONDS:u_CORTEXM3INTEGRATION|cortexm3ds_logic:u_cortexm3ds_logic|Cn1ov6~0                             ; LCCOMB_X37_Y21_N18 ; 3       ; Clock enable             ; no     ; --                   ; --               ; --                        ;
; CORTEXM3INTEGRATIONDS:u_CORTEXM3INTEGRATION|cortexm3ds_logic:u_cortexm3ds_logic|Cp8xx6                               ; LCCOMB_X60_Y37_N28 ; 8       ; Clock enable             ; no     ; --                   ; --               ; --                        ;
; CORTEXM3INTEGRATIONDS:u_CORTEXM3INTEGRATION|cortexm3ds_logic:u_cortexm3ds_logic|Cs5xx6                               ; LCCOMB_X58_Y37_N18 ; 8       ; Clock enable             ; no     ; --                   ; --               ; --                        ;
; CORTEXM3INTEGRATIONDS:u_CORTEXM3INTEGRATION|cortexm3ds_logic:u_cortexm3ds_logic|Cwciw6~0                             ; LCCOMB_X46_Y9_N16  ; 4       ; Clock enable             ; no     ; --                   ; --               ; --                        ;
; CORTEXM3INTEGRATIONDS:u_CORTEXM3INTEGRATION|cortexm3ds_logic:u_cortexm3ds_logic|D12yx6                               ; LCCOMB_X54_Y17_N14 ; 8       ; Clock enable             ; no     ; --                   ; --               ; --                        ;
; CORTEXM3INTEGRATIONDS:u_CORTEXM3INTEGRATION|cortexm3ds_logic:u_cortexm3ds_logic|D25ov6~0                             ; LCCOMB_X62_Y17_N4  ; 8       ; Clock enable             ; no     ; --                   ; --               ; --                        ;
; CORTEXM3INTEGRATIONDS:u_CORTEXM3INTEGRATION|cortexm3ds_logic:u_cortexm3ds_logic|D3f8v6~0                             ; LCCOMB_X64_Y22_N6  ; 3       ; Clock enable             ; no     ; --                   ; --               ; --                        ;
; CORTEXM3INTEGRATIONDS:u_CORTEXM3INTEGRATION|cortexm3ds_logic:u_cortexm3ds_logic|D45xx6~0                             ; LCCOMB_X58_Y37_N6  ; 8       ; Clock enable             ; no     ; --                   ; --               ; --                        ;
; CORTEXM3INTEGRATIONDS:u_CORTEXM3INTEGRATION|cortexm3ds_logic:u_cortexm3ds_logic|D5d8v6~0                             ; LCCOMB_X64_Y22_N12 ; 3       ; Clock enable             ; no     ; --                   ; --               ; --                        ;
; CORTEXM3INTEGRATIONDS:u_CORTEXM3INTEGRATION|cortexm3ds_logic:u_cortexm3ds_logic|D7kiw6                               ; LCCOMB_X42_Y17_N4  ; 30      ; Clock enable             ; no     ; --                   ; --               ; --                        ;
; CORTEXM3INTEGRATIONDS:u_CORTEXM3INTEGRATION|cortexm3ds_logic:u_cortexm3ds_logic|Dcnov6~0                             ; LCCOMB_X29_Y17_N10 ; 26      ; Clock enable             ; no     ; --                   ; --               ; --                        ;
; CORTEXM3INTEGRATIONDS:u_CORTEXM3INTEGRATION|cortexm3ds_logic:u_cortexm3ds_logic|Dfciw6~0                             ; LCCOMB_X46_Y9_N22  ; 6       ; Clock enable             ; no     ; --                   ; --               ; --                        ;
; CORTEXM3INTEGRATIONDS:u_CORTEXM3INTEGRATION|cortexm3ds_logic:u_cortexm3ds_logic|Dg4iw6~0                             ; LCCOMB_X54_Y28_N24 ; 8       ; Clock enable             ; no     ; --                   ; --               ; --                        ;
; CORTEXM3INTEGRATIONDS:u_CORTEXM3INTEGRATION|cortexm3ds_logic:u_cortexm3ds_logic|Diwnv6                               ; LCCOMB_X52_Y42_N2  ; 12      ; Clock enable             ; no     ; --                   ; --               ; --                        ;
; CORTEXM3INTEGRATIONDS:u_CORTEXM3INTEGRATION|cortexm3ds_logic:u_cortexm3ds_logic|Dnbiw6                               ; LCCOMB_X45_Y9_N30  ; 3       ; Clock enable             ; no     ; --                   ; --               ; --                        ;
; CORTEXM3INTEGRATIONDS:u_CORTEXM3INTEGRATION|cortexm3ds_logic:u_cortexm3ds_logic|Drthw6~5                             ; LCCOMB_X50_Y47_N18 ; 2       ; Clock enable             ; no     ; --                   ; --               ; --                        ;
; CORTEXM3INTEGRATIONDS:u_CORTEXM3INTEGRATION|cortexm3ds_logic:u_cortexm3ds_logic|Dtciw6~0                             ; LCCOMB_X45_Y7_N0   ; 8       ; Clock enable             ; no     ; --                   ; --               ; --                        ;
; CORTEXM3INTEGRATIONDS:u_CORTEXM3INTEGRATION|cortexm3ds_logic:u_cortexm3ds_logic|Dtjiw6~6                             ; LCCOMB_X51_Y29_N30 ; 4       ; Clock enable             ; no     ; --                   ; --               ; --                        ;
; CORTEXM3INTEGRATIONDS:u_CORTEXM3INTEGRATION|cortexm3ds_logic:u_cortexm3ds_logic|Dvhiw6~0                             ; LCCOMB_X54_Y18_N16 ; 13      ; Clock enable             ; no     ; --                   ; --               ; --                        ;
; CORTEXM3INTEGRATIONDS:u_CORTEXM3INTEGRATION|cortexm3ds_logic:u_cortexm3ds_logic|Dxd8v6~0                             ; LCCOMB_X67_Y29_N12 ; 3       ; Clock enable             ; no     ; --                   ; --               ; --                        ;
; CORTEXM3INTEGRATIONDS:u_CORTEXM3INTEGRATION|cortexm3ds_logic:u_cortexm3ds_logic|Dxl7v6~0                             ; LCCOMB_X70_Y29_N28 ; 3       ; Clock enable             ; no     ; --                   ; --               ; --                        ;
; CORTEXM3INTEGRATIONDS:u_CORTEXM3INTEGRATION|cortexm3ds_logic:u_cortexm3ds_logic|E0f8v6~0                             ; LCCOMB_X67_Y29_N26 ; 3       ; Clock enable             ; no     ; --                   ; --               ; --                        ;
; CORTEXM3INTEGRATIONDS:u_CORTEXM3INTEGRATION|cortexm3ds_logic:u_cortexm3ds_logic|E21jy6                               ; LCCOMB_X54_Y11_N10 ; 32      ; Clock enable             ; no     ; --                   ; --               ; --                        ;
; CORTEXM3INTEGRATIONDS:u_CORTEXM3INTEGRATION|cortexm3ds_logic:u_cortexm3ds_logic|E2d8v6~0                             ; LCCOMB_X67_Y29_N14 ; 3       ; Clock enable             ; no     ; --                   ; --               ; --                        ;
; CORTEXM3INTEGRATIONDS:u_CORTEXM3INTEGRATION|cortexm3ds_logic:u_cortexm3ds_logic|E5ciw6~0                             ; LCCOMB_X45_Y7_N26  ; 16      ; Clock enable             ; no     ; --                   ; --               ; --                        ;
; CORTEXM3INTEGRATIONDS:u_CORTEXM3INTEGRATION|cortexm3ds_logic:u_cortexm3ds_logic|E8e8v6~0                             ; LCCOMB_X72_Y29_N10 ; 3       ; Clock enable             ; no     ; --                   ; --               ; --                        ;
; CORTEXM3INTEGRATIONDS:u_CORTEXM3INTEGRATION|cortexm3ds_logic:u_cortexm3ds_logic|Ebyiw6~0                             ; LCCOMB_X13_Y17_N30 ; 30      ; Clock enable             ; no     ; --                   ; --               ; --                        ;
; CORTEXM3INTEGRATIONDS:u_CORTEXM3INTEGRATION|cortexm3ds_logic:u_cortexm3ds_logic|Ee6xx6                               ; LCCOMB_X62_Y37_N12 ; 8       ; Clock enable             ; no     ; --                   ; --               ; --                        ;
; CORTEXM3INTEGRATIONDS:u_CORTEXM3INTEGRATION|cortexm3ds_logic:u_cortexm3ds_logic|Eheiw6~0                             ; LCCOMB_X44_Y19_N30 ; 7       ; Clock enable             ; no     ; --                   ; --               ; --                        ;
; CORTEXM3INTEGRATIONDS:u_CORTEXM3INTEGRATION|cortexm3ds_logic:u_cortexm3ds_logic|Ehfhw6                               ; LCCOMB_X23_Y19_N20 ; 16      ; Clock enable             ; no     ; --                   ; --               ; --                        ;
; CORTEXM3INTEGRATIONDS:u_CORTEXM3INTEGRATION|cortexm3ds_logic:u_cortexm3ds_logic|Epyiw6~0                             ; LCCOMB_X12_Y15_N28 ; 32      ; Clock enable             ; no     ; --                   ; --               ; --                        ;
; CORTEXM3INTEGRATIONDS:u_CORTEXM3INTEGRATION|cortexm3ds_logic:u_cortexm3ds_logic|Eq2nz6                               ; FF_X51_Y38_N13     ; 17      ; Clock enable             ; no     ; --                   ; --               ; --                        ;
; CORTEXM3INTEGRATIONDS:u_CORTEXM3INTEGRATION|cortexm3ds_logic:u_cortexm3ds_logic|Equal12~14                           ; LCCOMB_X55_Y23_N6  ; 20      ; Clock enable             ; no     ; --                   ; --               ; --                        ;
; CORTEXM3INTEGRATIONDS:u_CORTEXM3INTEGRATION|cortexm3ds_logic:u_cortexm3ds_logic|Etgiw6                               ; LCCOMB_X54_Y11_N30 ; 29      ; Clock enable             ; no     ; --                   ; --               ; --                        ;
; CORTEXM3INTEGRATIONDS:u_CORTEXM3INTEGRATION|cortexm3ds_logic:u_cortexm3ds_logic|Eu1jy6~3                             ; LCCOMB_X51_Y15_N10 ; 4       ; Clock enable             ; no     ; --                   ; --               ; --                        ;
; CORTEXM3INTEGRATIONDS:u_CORTEXM3INTEGRATION|cortexm3ds_logic:u_cortexm3ds_logic|Euziy6                               ; LCCOMB_X72_Y29_N6  ; 8       ; Clock enable             ; no     ; --                   ; --               ; --                        ;
; CORTEXM3INTEGRATIONDS:u_CORTEXM3INTEGRATION|cortexm3ds_logic:u_cortexm3ds_logic|F2ciw6~0                             ; LCCOMB_X44_Y10_N30 ; 8       ; Clock enable             ; no     ; --                   ; --               ; --                        ;
; CORTEXM3INTEGRATIONDS:u_CORTEXM3INTEGRATION|cortexm3ds_logic:u_cortexm3ds_logic|F46xx6                               ; LCCOMB_X62_Y37_N2  ; 8       ; Clock enable             ; no     ; --                   ; --               ; --                        ;
; CORTEXM3INTEGRATIONDS:u_CORTEXM3INTEGRATION|cortexm3ds_logic:u_cortexm3ds_logic|F46yx6~0                             ; LCCOMB_X66_Y14_N8  ; 10      ; Clock enable             ; no     ; --                   ; --               ; --                        ;
; CORTEXM3INTEGRATIONDS:u_CORTEXM3INTEGRATION|cortexm3ds_logic:u_cortexm3ds_logic|F5e8v6~0                             ; LCCOMB_X70_Y29_N16 ; 3       ; Clock enable             ; no     ; --                   ; --               ; --                        ;
; CORTEXM3INTEGRATIONDS:u_CORTEXM3INTEGRATION|cortexm3ds_logic:u_cortexm3ds_logic|F86yx6~0                             ; LCCOMB_X63_Y15_N16 ; 9       ; Clock enable             ; no     ; --                   ; --               ; --                        ;
; CORTEXM3INTEGRATIONDS:u_CORTEXM3INTEGRATION|cortexm3ds_logic:u_cortexm3ds_logic|F8kiw6                               ; LCCOMB_X44_Y18_N14 ; 28      ; Clock enable             ; no     ; --                   ; --               ; --                        ;
; CORTEXM3INTEGRATIONDS:u_CORTEXM3INTEGRATION|cortexm3ds_logic:u_cortexm3ds_logic|Fa5ov6                               ; LCCOMB_X59_Y17_N26 ; 3       ; Clock enable             ; no     ; --                   ; --               ; --                        ;
; CORTEXM3INTEGRATIONDS:u_CORTEXM3INTEGRATION|cortexm3ds_logic:u_cortexm3ds_logic|Fc6yx6~0                             ; LCCOMB_X63_Y14_N26 ; 9       ; Clock enable             ; no     ; --                   ; --               ; --                        ;
; CORTEXM3INTEGRATIONDS:u_CORTEXM3INTEGRATION|cortexm3ds_logic:u_cortexm3ds_logic|Fftnv6~5                             ; LCCOMB_X59_Y37_N22 ; 15      ; Clock enable             ; no     ; --                   ; --               ; --                        ;
; CORTEXM3INTEGRATIONDS:u_CORTEXM3INTEGRATION|cortexm3ds_logic:u_cortexm3ds_logic|Fg6yx6~0                             ; LCCOMB_X67_Y16_N4  ; 9       ; Clock enable             ; no     ; --                   ; --               ; --                        ;
; CORTEXM3INTEGRATIONDS:u_CORTEXM3INTEGRATION|cortexm3ds_logic:u_cortexm3ds_logic|Fhbiw6                               ; LCCOMB_X46_Y9_N20  ; 6       ; Clock enable             ; no     ; --                   ; --               ; --                        ;
; CORTEXM3INTEGRATIONDS:u_CORTEXM3INTEGRATION|cortexm3ds_logic:u_cortexm3ds_logic|Fs3xx6~0                             ; LCCOMB_X49_Y33_N26 ; 27      ; Clock enable             ; no     ; --                   ; --               ; --                        ;
; CORTEXM3INTEGRATIONDS:u_CORTEXM3INTEGRATION|cortexm3ds_logic:u_cortexm3ds_logic|Fuciw6~0                             ; LCCOMB_X45_Y8_N4   ; 8       ; Clock enable             ; no     ; --                   ; --               ; --                        ;
; CORTEXM3INTEGRATIONDS:u_CORTEXM3INTEGRATION|cortexm3ds_logic:u_cortexm3ds_logic|Fujiw6                               ; LCCOMB_X54_Y28_N10 ; 8       ; Clock enable             ; no     ; --                   ; --               ; --                        ;
; CORTEXM3INTEGRATIONDS:u_CORTEXM3INTEGRATION|cortexm3ds_logic:u_cortexm3ds_logic|Fwhiw6~0                             ; LCCOMB_X56_Y18_N6  ; 2       ; Clock enable             ; no     ; --                   ; --               ; --                        ;
; CORTEXM3INTEGRATIONDS:u_CORTEXM3INTEGRATION|cortexm3ds_logic:u_cortexm3ds_logic|Fyd8v6~0                             ; LCCOMB_X67_Y29_N18 ; 3       ; Clock enable             ; no     ; --                   ; --               ; --                        ;
; CORTEXM3INTEGRATIONDS:u_CORTEXM3INTEGRATION|cortexm3ds_logic:u_cortexm3ds_logic|G11jy6~4                             ; LCCOMB_X52_Y9_N0   ; 4       ; Clock enable             ; no     ; --                   ; --               ; --                        ;
; CORTEXM3INTEGRATIONDS:u_CORTEXM3INTEGRATION|cortexm3ds_logic:u_cortexm3ds_logic|G1f8v6~0                             ; LCCOMB_X64_Y22_N24 ; 3       ; Clock enable             ; no     ; --                   ; --               ; --                        ;
; CORTEXM3INTEGRATIONDS:u_CORTEXM3INTEGRATION|cortexm3ds_logic:u_cortexm3ds_logic|G3d8v6~0                             ; LCCOMB_X64_Y22_N18 ; 3       ; Clock enable             ; no     ; --                   ; --               ; --                        ;
; CORTEXM3INTEGRATIONDS:u_CORTEXM3INTEGRATION|cortexm3ds_logic:u_cortexm3ds_logic|G3uhw6~3                             ; LCCOMB_X46_Y44_N0  ; 6       ; Sync. load               ; no     ; --                   ; --               ; --                        ;
; CORTEXM3INTEGRATIONDS:u_CORTEXM3INTEGRATION|cortexm3ds_logic:u_cortexm3ds_logic|G6ciw6~0                             ; LCCOMB_X45_Y8_N20  ; 16      ; Clock enable             ; no     ; --                   ; --               ; --                        ;
; CORTEXM3INTEGRATIONDS:u_CORTEXM3INTEGRATION|cortexm3ds_logic:u_cortexm3ds_logic|G91jy6                               ; LCCOMB_X60_Y19_N26 ; 16      ; Clock enable             ; no     ; --                   ; --               ; --                        ;
; CORTEXM3INTEGRATIONDS:u_CORTEXM3INTEGRATION|cortexm3ds_logic:u_cortexm3ds_logic|G9e8v6~0                             ; LCCOMB_X61_Y24_N6  ; 3       ; Clock enable             ; no     ; --                   ; --               ; --                        ;
; CORTEXM3INTEGRATIONDS:u_CORTEXM3INTEGRATION|cortexm3ds_logic:u_cortexm3ds_logic|G9yiy6                               ; LCCOMB_X46_Y37_N24 ; 32      ; Clock enable             ; no     ; --                   ; --               ; --                        ;
; CORTEXM3INTEGRATIONDS:u_CORTEXM3INTEGRATION|cortexm3ds_logic:u_cortexm3ds_logic|Ge5ov6                               ; LCCOMB_X54_Y17_N30 ; 8       ; Clock enable             ; no     ; --                   ; --               ; --                        ;
; CORTEXM3INTEGRATIONDS:u_CORTEXM3INTEGRATION|cortexm3ds_logic:u_cortexm3ds_logic|Gecov6~0                             ; LCCOMB_X57_Y34_N14 ; 6       ; Clock enable             ; no     ; --                   ; --               ; --                        ;
; CORTEXM3INTEGRATIONDS:u_CORTEXM3INTEGRATION|cortexm3ds_logic:u_cortexm3ds_logic|Gol7v6~1                             ; LCCOMB_X49_Y28_N8  ; 5       ; Clock enable             ; no     ; --                   ; --               ; --                        ;
; CORTEXM3INTEGRATIONDS:u_CORTEXM3INTEGRATION|cortexm3ds_logic:u_cortexm3ds_logic|Gs7xx6~0                             ; LCCOMB_X62_Y37_N14 ; 8       ; Clock enable             ; no     ; --                   ; --               ; --                        ;
; CORTEXM3INTEGRATIONDS:u_CORTEXM3INTEGRATION|cortexm3ds_logic:u_cortexm3ds_logic|H11ov6~0                             ; LCCOMB_X24_Y15_N22 ; 14      ; Clock enable             ; no     ; --                   ; --               ; --                        ;
; CORTEXM3INTEGRATIONDS:u_CORTEXM3INTEGRATION|cortexm3ds_logic:u_cortexm3ds_logic|H2kiw6~3                             ; LCCOMB_X43_Y14_N24 ; 6       ; Clock enable             ; no     ; --                   ; --               ; --                        ;
; CORTEXM3INTEGRATIONDS:u_CORTEXM3INTEGRATION|cortexm3ds_logic:u_cortexm3ds_logic|H3ciw6~0                             ; LCCOMB_X46_Y9_N10  ; 8       ; Clock enable             ; no     ; --                   ; --               ; --                        ;
; CORTEXM3INTEGRATIONDS:u_CORTEXM3INTEGRATION|cortexm3ds_logic:u_cortexm3ds_logic|H6e8v6~0                             ; LCCOMB_X64_Y22_N2  ; 3       ; Clock enable             ; no     ; --                   ; --               ; --                        ;
; CORTEXM3INTEGRATIONDS:u_CORTEXM3INTEGRATION|cortexm3ds_logic:u_cortexm3ds_logic|H8bdt6                               ; LCCOMB_X45_Y1_N0   ; 1725    ; Async. clear             ; yes    ; Global Clock         ; GCLK15           ; --                        ;
; CORTEXM3INTEGRATIONDS:u_CORTEXM3INTEGRATION|cortexm3ds_logic:u_cortexm3ds_logic|He1iw6~1                             ; LCCOMB_X54_Y40_N6  ; 14      ; Clock enable             ; no     ; --                   ; --               ; --                        ;
; CORTEXM3INTEGRATIONDS:u_CORTEXM3INTEGRATION|cortexm3ds_logic:u_cortexm3ds_logic|Hgyiw6~0                             ; LCCOMB_X12_Y17_N18 ; 32      ; Clock enable             ; no     ; --                   ; --               ; --                        ;
; CORTEXM3INTEGRATIONDS:u_CORTEXM3INTEGRATION|cortexm3ds_logic:u_cortexm3ds_logic|Hibiw6                               ; LCCOMB_X46_Y9_N28  ; 6       ; Clock enable             ; no     ; --                   ; --               ; --                        ;
; CORTEXM3INTEGRATIONDS:u_CORTEXM3INTEGRATION|cortexm3ds_logic:u_cortexm3ds_logic|Hn5yx6~0                             ; LCCOMB_X57_Y13_N20 ; 31      ; Clock enable             ; no     ; --                   ; --               ; --                        ;
; CORTEXM3INTEGRATIONDS:u_CORTEXM3INTEGRATION|cortexm3ds_logic:u_cortexm3ds_logic|Hr4yx6~0                             ; LCCOMB_X51_Y15_N30 ; 17      ; Clock enable             ; no     ; --                   ; --               ; --                        ;
; CORTEXM3INTEGRATIONDS:u_CORTEXM3INTEGRATION|cortexm3ds_logic:u_cortexm3ds_logic|Hvciw6~0                             ; LCCOMB_X45_Y7_N4   ; 8       ; Clock enable             ; no     ; --                   ; --               ; --                        ;
; CORTEXM3INTEGRATIONDS:u_CORTEXM3INTEGRATION|cortexm3ds_logic:u_cortexm3ds_logic|Hyhov6~0                             ; LCCOMB_X52_Y24_N16 ; 5       ; Clock enable             ; no     ; --                   ; --               ; --                        ;
; CORTEXM3INTEGRATIONDS:u_CORTEXM3INTEGRATION|cortexm3ds_logic:u_cortexm3ds_logic|Hzd8v6~0                             ; LCCOMB_X64_Y22_N8  ; 3       ; Clock enable             ; no     ; --                   ; --               ; --                        ;
; CORTEXM3INTEGRATIONDS:u_CORTEXM3INTEGRATION|cortexm3ds_logic:u_cortexm3ds_logic|I01jy6                               ; LCCOMB_X49_Y26_N10 ; 3       ; Clock enable             ; no     ; --                   ; --               ; --                        ;
; CORTEXM3INTEGRATIONDS:u_CORTEXM3INTEGRATION|cortexm3ds_logic:u_cortexm3ds_logic|I2f8v6~0                             ; LCCOMB_X67_Y29_N20 ; 3       ; Clock enable             ; no     ; --                   ; --               ; --                        ;
; CORTEXM3INTEGRATIONDS:u_CORTEXM3INTEGRATION|cortexm3ds_logic:u_cortexm3ds_logic|I35xx6~0                             ; LCCOMB_X62_Y37_N6  ; 8       ; Clock enable             ; no     ; --                   ; --               ; --                        ;
; CORTEXM3INTEGRATIONDS:u_CORTEXM3INTEGRATION|cortexm3ds_logic:u_cortexm3ds_logic|I41jy6                               ; LCCOMB_X54_Y10_N6  ; 32      ; Clock enable             ; no     ; --                   ; --               ; --                        ;
; CORTEXM3INTEGRATIONDS:u_CORTEXM3INTEGRATION|cortexm3ds_logic:u_cortexm3ds_logic|I4d8v6~0                             ; LCCOMB_X70_Y29_N12 ; 3       ; Clock enable             ; no     ; --                   ; --               ; --                        ;
; CORTEXM3INTEGRATIONDS:u_CORTEXM3INTEGRATION|cortexm3ds_logic:u_cortexm3ds_logic|I4yiy6~2                             ; LCCOMB_X49_Y37_N8  ; 8       ; Clock enable             ; no     ; --                   ; --               ; --                        ;
; CORTEXM3INTEGRATIONDS:u_CORTEXM3INTEGRATION|cortexm3ds_logic:u_cortexm3ds_logic|Ieciw6~0                             ; LCCOMB_X44_Y10_N20 ; 6       ; Clock enable             ; no     ; --                   ; --               ; --                        ;
; CORTEXM3INTEGRATIONDS:u_CORTEXM3INTEGRATION|cortexm3ds_logic:u_cortexm3ds_logic|Ik2nz6                               ; FF_X45_Y1_N13      ; 867     ; Async. clear             ; yes    ; Global Clock         ; GCLK16           ; --                        ;
; CORTEXM3INTEGRATIONDS:u_CORTEXM3INTEGRATION|cortexm3ds_logic:u_cortexm3ds_logic|Inhiw6~0                             ; LCCOMB_X55_Y7_N12  ; 34      ; Clock enable             ; no     ; --                   ; --               ; --                        ;
; CORTEXM3INTEGRATIONDS:u_CORTEXM3INTEGRATION|cortexm3ds_logic:u_cortexm3ds_logic|Iownv6~0                             ; LCCOMB_X38_Y26_N28 ; 7       ; Clock enable             ; no     ; --                   ; --               ; --                        ;
; CORTEXM3INTEGRATIONDS:u_CORTEXM3INTEGRATION|cortexm3ds_logic:u_cortexm3ds_logic|Iwd8v6~0                             ; LCCOMB_X67_Y29_N0  ; 3       ; Clock enable             ; no     ; --                   ; --               ; --                        ;
; CORTEXM3INTEGRATIONDS:u_CORTEXM3INTEGRATION|cortexm3ds_logic:u_cortexm3ds_logic|Iwl7v6~0                             ; LCCOMB_X70_Y29_N6  ; 3       ; Clock enable             ; no     ; --                   ; --               ; --                        ;
; CORTEXM3INTEGRATIONDS:u_CORTEXM3INTEGRATION|cortexm3ds_logic:u_cortexm3ds_logic|Iwvnv6                               ; LCCOMB_X25_Y23_N0  ; 4       ; Clock enable             ; no     ; --                   ; --               ; --                        ;
; CORTEXM3INTEGRATIONDS:u_CORTEXM3INTEGRATION|cortexm3ds_logic:u_cortexm3ds_logic|J0doz6                               ; FF_X52_Y47_N31     ; 6       ; Output enable            ; no     ; --                   ; --               ; --                        ;
; CORTEXM3INTEGRATIONDS:u_CORTEXM3INTEGRATION|cortexm3ds_logic:u_cortexm3ds_logic|J4ciw6~0                             ; LCCOMB_X44_Y10_N16 ; 8       ; Clock enable             ; no     ; --                   ; --               ; --                        ;
; CORTEXM3INTEGRATIONDS:u_CORTEXM3INTEGRATION|cortexm3ds_logic:u_cortexm3ds_logic|J7e8v6~0                             ; LCCOMB_X72_Y29_N20 ; 3       ; Clock enable             ; no     ; --                   ; --               ; --                        ;
; CORTEXM3INTEGRATIONDS:u_CORTEXM3INTEGRATION|cortexm3ds_logic:u_cortexm3ds_logic|Jcqhw6                               ; LCCOMB_X49_Y46_N22 ; 62      ; Clock enable             ; no     ; --                   ; --               ; --                        ;
; CORTEXM3INTEGRATIONDS:u_CORTEXM3INTEGRATION|cortexm3ds_logic:u_cortexm3ds_logic|Jg0oz6                               ; FF_X30_Y19_N19     ; 69      ; Sync. clear              ; no     ; --                   ; --               ; --                        ;
; CORTEXM3INTEGRATIONDS:u_CORTEXM3INTEGRATION|cortexm3ds_logic:u_cortexm3ds_logic|Jk88v6~4                             ; LCCOMB_X37_Y19_N4  ; 7       ; Clock enable             ; no     ; --                   ; --               ; --                        ;
; CORTEXM3INTEGRATIONDS:u_CORTEXM3INTEGRATION|cortexm3ds_logic:u_cortexm3ds_logic|Jl1jw6~0                             ; LCCOMB_X11_Y17_N16 ; 32      ; Clock enable             ; no     ; --                   ; --               ; --                        ;
; CORTEXM3INTEGRATIONDS:u_CORTEXM3INTEGRATION|cortexm3ds_logic:u_cortexm3ds_logic|Jlb7x6~0                             ; LCCOMB_X49_Y23_N30 ; 8       ; Sync. load               ; no     ; --                   ; --               ; --                        ;
; CORTEXM3INTEGRATIONDS:u_CORTEXM3INTEGRATION|cortexm3ds_logic:u_cortexm3ds_logic|Jp8xx6~0                             ; LCCOMB_X59_Y37_N26 ; 8       ; Clock enable             ; no     ; --                   ; --               ; --                        ;
; CORTEXM3INTEGRATIONDS:u_CORTEXM3INTEGRATION|cortexm3ds_logic:u_cortexm3ds_logic|Jwciw6                               ; LCCOMB_X45_Y9_N18  ; 8       ; Clock enable             ; no     ; --                   ; --               ; --                        ;
; CORTEXM3INTEGRATIONDS:u_CORTEXM3INTEGRATION|cortexm3ds_logic:u_cortexm3ds_logic|K1ciw6~0                             ; LCCOMB_X46_Y9_N26  ; 8       ; Clock enable             ; no     ; --                   ; --               ; --                        ;
; CORTEXM3INTEGRATIONDS:u_CORTEXM3INTEGRATION|cortexm3ds_logic:u_cortexm3ds_logic|K2jhw6~0                             ; LCCOMB_X22_Y19_N2  ; 4       ; Clock enable             ; no     ; --                   ; --               ; --                        ;
; CORTEXM3INTEGRATIONDS:u_CORTEXM3INTEGRATION|cortexm3ds_logic:u_cortexm3ds_logic|K31jy6~4                             ; LCCOMB_X54_Y10_N20 ; 4       ; Clock enable             ; no     ; --                   ; --               ; --                        ;
; CORTEXM3INTEGRATIONDS:u_CORTEXM3INTEGRATION|cortexm3ds_logic:u_cortexm3ds_logic|K3f8v6~0                             ; LCCOMB_X61_Y24_N10 ; 3       ; Clock enable             ; no     ; --                   ; --               ; --                        ;
; CORTEXM3INTEGRATIONDS:u_CORTEXM3INTEGRATION|cortexm3ds_logic:u_cortexm3ds_logic|K45xx6~0                             ; LCCOMB_X58_Y37_N2  ; 8       ; Clock enable             ; no     ; --                   ; --               ; --                        ;
; CORTEXM3INTEGRATIONDS:u_CORTEXM3INTEGRATION|cortexm3ds_logic:u_cortexm3ds_logic|K5d8v6~0                             ; LCCOMB_X61_Y24_N30 ; 3       ; Clock enable             ; no     ; --                   ; --               ; --                        ;
; CORTEXM3INTEGRATIONDS:u_CORTEXM3INTEGRATION|cortexm3ds_logic:u_cortexm3ds_logic|K7tnv6~0                             ; LCCOMB_X52_Y35_N26 ; 11      ; Clock enable             ; no     ; --                   ; --               ; --                        ;
; CORTEXM3INTEGRATIONDS:u_CORTEXM3INTEGRATION|cortexm3ds_logic:u_cortexm3ds_logic|Kbb7x6~0                             ; LCCOMB_X49_Y22_N12 ; 7       ; Sync. load               ; no     ; --                   ; --               ; --                        ;
; CORTEXM3INTEGRATIONDS:u_CORTEXM3INTEGRATION|cortexm3ds_logic:u_cortexm3ds_logic|Keyiw6~2                             ; LCCOMB_X11_Y17_N4  ; 30      ; Clock enable             ; no     ; --                   ; --               ; --                        ;
; CORTEXM3INTEGRATIONDS:u_CORTEXM3INTEGRATION|cortexm3ds_logic:u_cortexm3ds_logic|Kfciw6~0                             ; LCCOMB_X46_Y9_N0   ; 6       ; Clock enable             ; no     ; --                   ; --               ; --                        ;
; CORTEXM3INTEGRATIONDS:u_CORTEXM3INTEGRATION|cortexm3ds_logic:u_cortexm3ds_logic|Kjv5z6~2                             ; LCCOMB_X61_Y21_N10 ; 5       ; Clock enable             ; no     ; --                   ; --               ; --                        ;
; CORTEXM3INTEGRATIONDS:u_CORTEXM3INTEGRATION|cortexm3ds_logic:u_cortexm3ds_logic|Kkfhw6~0                             ; LCCOMB_X23_Y16_N8  ; 11      ; Clock enable             ; no     ; --                   ; --               ; --                        ;
; CORTEXM3INTEGRATIONDS:u_CORTEXM3INTEGRATION|cortexm3ds_logic:u_cortexm3ds_logic|Klyiw6~0                             ; LCCOMB_X11_Y17_N8  ; 32      ; Clock enable             ; no     ; --                   ; --               ; --                        ;
; CORTEXM3INTEGRATIONDS:u_CORTEXM3INTEGRATION|cortexm3ds_logic:u_cortexm3ds_logic|Kniiw6~0                             ; LCCOMB_X47_Y19_N16 ; 27      ; Clock enable             ; no     ; --                   ; --               ; --                        ;
; CORTEXM3INTEGRATIONDS:u_CORTEXM3INTEGRATION|cortexm3ds_logic:u_cortexm3ds_logic|Knniy6~3                             ; LCCOMB_X47_Y29_N4  ; 9       ; Clock enable             ; no     ; --                   ; --               ; --                        ;
; CORTEXM3INTEGRATIONDS:u_CORTEXM3INTEGRATION|cortexm3ds_logic:u_cortexm3ds_logic|Ktciw6                               ; LCCOMB_X44_Y10_N4  ; 4       ; Clock enable             ; no     ; --                   ; --               ; --                        ;
; CORTEXM3INTEGRATIONDS:u_CORTEXM3INTEGRATION|cortexm3ds_logic:u_cortexm3ds_logic|Ktjiw6                               ; LCCOMB_X57_Y24_N12 ; 8       ; Clock enable             ; no     ; --                   ; --               ; --                        ;
; CORTEXM3INTEGRATIONDS:u_CORTEXM3INTEGRATION|cortexm3ds_logic:u_cortexm3ds_logic|Kxd8v6~0                             ; LCCOMB_X67_Y29_N30 ; 3       ; Clock enable             ; no     ; --                   ; --               ; --                        ;
; CORTEXM3INTEGRATIONDS:u_CORTEXM3INTEGRATION|cortexm3ds_logic:u_cortexm3ds_logic|L0f8v6~0                             ; LCCOMB_X67_Y29_N28 ; 3       ; Clock enable             ; no     ; --                   ; --               ; --                        ;
; CORTEXM3INTEGRATIONDS:u_CORTEXM3INTEGRATION|cortexm3ds_logic:u_cortexm3ds_logic|L2d8v6~0                             ; LCCOMB_X67_Y29_N10 ; 3       ; Clock enable             ; no     ; --                   ; --               ; --                        ;
; CORTEXM3INTEGRATIONDS:u_CORTEXM3INTEGRATION|cortexm3ds_logic:u_cortexm3ds_logic|L4kiw6                               ; LCCOMB_X42_Y17_N30 ; 24      ; Clock enable             ; no     ; --                   ; --               ; --                        ;
; CORTEXM3INTEGRATIONDS:u_CORTEXM3INTEGRATION|cortexm3ds_logic:u_cortexm3ds_logic|L8e8v6~0                             ; LCCOMB_X64_Y22_N20 ; 3       ; Clock enable             ; no     ; --                   ; --               ; --                        ;
; CORTEXM3INTEGRATIONDS:u_CORTEXM3INTEGRATION|cortexm3ds_logic:u_cortexm3ds_logic|L96yx6                               ; LCCOMB_X63_Y15_N14 ; 10      ; Clock enable             ; no     ; --                   ; --               ; --                        ;
; CORTEXM3INTEGRATIONDS:u_CORTEXM3INTEGRATION|cortexm3ds_logic:u_cortexm3ds_logic|Ld6yx6                               ; LCCOMB_X63_Y14_N4  ; 10      ; Clock enable             ; no     ; --                   ; --               ; --                        ;
; CORTEXM3INTEGRATIONDS:u_CORTEXM3INTEGRATION|cortexm3ds_logic:u_cortexm3ds_logic|Le6xx6~0                             ; LCCOMB_X62_Y37_N0  ; 8       ; Clock enable             ; no     ; --                   ; --               ; --                        ;
; CORTEXM3INTEGRATIONDS:u_CORTEXM3INTEGRATION|cortexm3ds_logic:u_cortexm3ds_logic|Lh6yx6                               ; LCCOMB_X67_Y16_N2  ; 10      ; Clock enable             ; no     ; --                   ; --               ; --                        ;
; CORTEXM3INTEGRATIONDS:u_CORTEXM3INTEGRATION|cortexm3ds_logic:u_cortexm3ds_logic|Lhliw6~0                             ; LCCOMB_X54_Y13_N10 ; 13      ; Clock enable             ; no     ; --                   ; --               ; --                        ;
; CORTEXM3INTEGRATIONDS:u_CORTEXM3INTEGRATION|cortexm3ds_logic:u_cortexm3ds_logic|Lkbiw6~0                             ; LCCOMB_X45_Y7_N16  ; 3       ; Clock enable             ; no     ; --                   ; --               ; --                        ;
; CORTEXM3INTEGRATIONDS:u_CORTEXM3INTEGRATION|cortexm3ds_logic:u_cortexm3ds_logic|Lr5ov6~1                             ; LCCOMB_X55_Y21_N8  ; 20      ; Clock enable             ; no     ; --                   ; --               ; --                        ;
; CORTEXM3INTEGRATIONDS:u_CORTEXM3INTEGRATION|cortexm3ds_logic:u_cortexm3ds_logic|Lz4ov6~0                             ; LCCOMB_X65_Y14_N22 ; 9       ; Clock enable             ; no     ; --                   ; --               ; --                        ;
; CORTEXM3INTEGRATIONDS:u_CORTEXM3INTEGRATION|cortexm3ds_logic:u_cortexm3ds_logic|M0eiw6~1                             ; LCCOMB_X36_Y18_N30 ; 32      ; Clock enable             ; no     ; --                   ; --               ; --                        ;
; CORTEXM3INTEGRATIONDS:u_CORTEXM3INTEGRATION|cortexm3ds_logic:u_cortexm3ds_logic|M20jy6~0                             ; LCCOMB_X57_Y24_N8  ; 3       ; Clock enable             ; no     ; --                   ; --               ; --                        ;
; CORTEXM3INTEGRATIONDS:u_CORTEXM3INTEGRATION|cortexm3ds_logic:u_cortexm3ds_logic|M21jy6                               ; LCCOMB_X54_Y11_N6  ; 5       ; Clock enable             ; no     ; --                   ; --               ; --                        ;
; CORTEXM3INTEGRATIONDS:u_CORTEXM3INTEGRATION|cortexm3ds_logic:u_cortexm3ds_logic|M2p7v6~1                             ; LCCOMB_X37_Y24_N14 ; 2       ; Clock enable             ; no     ; --                   ; --               ; --                        ;
; CORTEXM3INTEGRATIONDS:u_CORTEXM3INTEGRATION|cortexm3ds_logic:u_cortexm3ds_logic|M46xx6~0                             ; LCCOMB_X62_Y37_N26 ; 8       ; Clock enable             ; no     ; --                   ; --               ; --                        ;
; CORTEXM3INTEGRATIONDS:u_CORTEXM3INTEGRATION|cortexm3ds_logic:u_cortexm3ds_logic|M4c7x6~0                             ; LCCOMB_X55_Y22_N2  ; 7       ; Sync. load               ; no     ; --                   ; --               ; --                        ;
; CORTEXM3INTEGRATIONDS:u_CORTEXM3INTEGRATION|cortexm3ds_logic:u_cortexm3ds_logic|M5e8v6~0                             ; LCCOMB_X70_Y29_N30 ; 3       ; Clock enable             ; no     ; --                   ; --               ; --                        ;
; CORTEXM3INTEGRATIONDS:u_CORTEXM3INTEGRATION|cortexm3ds_logic:u_cortexm3ds_logic|M61jy6                               ; LCCOMB_X57_Y21_N20 ; 11      ; Clock enable             ; no     ; --                   ; --               ; --                        ;
; CORTEXM3INTEGRATIONDS:u_CORTEXM3INTEGRATION|cortexm3ds_logic:u_cortexm3ds_logic|M8riw6~0                             ; LCCOMB_X29_Y17_N0  ; 35      ; Clock enable             ; no     ; --                   ; --               ; --                        ;
; CORTEXM3INTEGRATIONDS:u_CORTEXM3INTEGRATION|cortexm3ds_logic:u_cortexm3ds_logic|Maziy6                               ; LCCOMB_X50_Y17_N2  ; 6       ; Clock enable             ; no     ; --                   ; --               ; --                        ;
; CORTEXM3INTEGRATIONDS:u_CORTEXM3INTEGRATION|cortexm3ds_logic:u_cortexm3ds_logic|Mdonv6                               ; LCCOMB_X35_Y20_N6  ; 8       ; Clock enable             ; no     ; --                   ; --               ; --                        ;
; CORTEXM3INTEGRATIONDS:u_CORTEXM3INTEGRATION|cortexm3ds_logic:u_cortexm3ds_logic|Mds7v6~0                             ; LCCOMB_X37_Y24_N0  ; 2       ; Clock enable             ; no     ; --                   ; --               ; --                        ;
; CORTEXM3INTEGRATIONDS:u_CORTEXM3INTEGRATION|cortexm3ds_logic:u_cortexm3ds_logic|Me0iw6                               ; LCCOMB_X49_Y42_N26 ; 32      ; Clock enable             ; no     ; --                   ; --               ; --                        ;
; CORTEXM3INTEGRATIONDS:u_CORTEXM3INTEGRATION|cortexm3ds_logic:u_cortexm3ds_logic|Mfyiw6~0                             ; LCCOMB_X11_Y17_N24 ; 32      ; Clock enable             ; no     ; --                   ; --               ; --                        ;
; CORTEXM3INTEGRATIONDS:u_CORTEXM3INTEGRATION|cortexm3ds_logic:u_cortexm3ds_logic|Mh67x6~2                             ; LCCOMB_X27_Y25_N12 ; 37      ; Clock enable             ; no     ; --                   ; --               ; --                        ;
; CORTEXM3INTEGRATIONDS:u_CORTEXM3INTEGRATION|cortexm3ds_logic:u_cortexm3ds_logic|Mhbiw6                               ; LCCOMB_X44_Y10_N24 ; 6       ; Clock enable             ; no     ; --                   ; --               ; --                        ;
; CORTEXM3INTEGRATIONDS:u_CORTEXM3INTEGRATION|cortexm3ds_logic:u_cortexm3ds_logic|Mk9ov6~0                             ; LCCOMB_X39_Y21_N4  ; 3       ; Clock enable             ; no     ; --                   ; --               ; --                        ;
; CORTEXM3INTEGRATIONDS:u_CORTEXM3INTEGRATION|cortexm3ds_logic:u_cortexm3ds_logic|Mmzhw6                               ; LCCOMB_X51_Y44_N18 ; 3       ; Clock enable             ; no     ; --                   ; --               ; --                        ;
; CORTEXM3INTEGRATIONDS:u_CORTEXM3INTEGRATION|cortexm3ds_logic:u_cortexm3ds_logic|Mphiw6~2                             ; LCCOMB_X47_Y19_N14 ; 35      ; Clock enable             ; no     ; --                   ; --               ; --                        ;
; CORTEXM3INTEGRATIONDS:u_CORTEXM3INTEGRATION|cortexm3ds_logic:u_cortexm3ds_logic|Mq0jy6~0                             ; LCCOMB_X51_Y27_N18 ; 3       ; Clock enable             ; no     ; --                   ; --               ; --                        ;
; CORTEXM3INTEGRATIONDS:u_CORTEXM3INTEGRATION|cortexm3ds_logic:u_cortexm3ds_logic|Mu1jy6~0                             ; LCCOMB_X50_Y16_N10 ; 8       ; Clock enable             ; no     ; --                   ; --               ; --                        ;
; CORTEXM3INTEGRATIONDS:u_CORTEXM3INTEGRATION|cortexm3ds_logic:u_cortexm3ds_logic|Muciw6                               ; LCCOMB_X44_Y10_N12 ; 4       ; Clock enable             ; no     ; --                   ; --               ; --                        ;
; CORTEXM3INTEGRATIONDS:u_CORTEXM3INTEGRATION|cortexm3ds_logic:u_cortexm3ds_logic|Muziy6                               ; LCCOMB_X57_Y24_N26 ; 8       ; Clock enable             ; no     ; --                   ; --               ; --                        ;
; CORTEXM3INTEGRATIONDS:u_CORTEXM3INTEGRATION|cortexm3ds_logic:u_cortexm3ds_logic|Myd8v6~0                             ; LCCOMB_X72_Y29_N24 ; 3       ; Clock enable             ; no     ; --                   ; --               ; --                        ;
; CORTEXM3INTEGRATIONDS:u_CORTEXM3INTEGRATION|cortexm3ds_logic:u_cortexm3ds_logic|Myyiy6                               ; LCCOMB_X54_Y40_N0  ; 12      ; Clock enable             ; no     ; --                   ; --               ; --                        ;
; CORTEXM3INTEGRATIONDS:u_CORTEXM3INTEGRATION|cortexm3ds_logic:u_cortexm3ds_logic|N0qhw6~0                             ; LCCOMB_X36_Y18_N26 ; 3       ; Clock enable             ; no     ; --                   ; --               ; --                        ;
; CORTEXM3INTEGRATIONDS:u_CORTEXM3INTEGRATION|cortexm3ds_logic:u_cortexm3ds_logic|N1f8v6~0                             ; LCCOMB_X61_Y24_N18 ; 3       ; Clock enable             ; no     ; --                   ; --               ; --                        ;
; CORTEXM3INTEGRATIONDS:u_CORTEXM3INTEGRATION|cortexm3ds_logic:u_cortexm3ds_logic|N25xx6~0                             ; LCCOMB_X60_Y37_N18 ; 8       ; Clock enable             ; no     ; --                   ; --               ; --                        ;
; CORTEXM3INTEGRATIONDS:u_CORTEXM3INTEGRATION|cortexm3ds_logic:u_cortexm3ds_logic|N29iw6~0                             ; LCCOMB_X45_Y8_N2   ; 8       ; Clock enable             ; no     ; --                   ; --               ; --                        ;
; CORTEXM3INTEGRATIONDS:u_CORTEXM3INTEGRATION|cortexm3ds_logic:u_cortexm3ds_logic|N3d8v6~0                             ; LCCOMB_X61_Y24_N24 ; 3       ; Clock enable             ; no     ; --                   ; --               ; --                        ;
; CORTEXM3INTEGRATIONDS:u_CORTEXM3INTEGRATION|cortexm3ds_logic:u_cortexm3ds_logic|N5kiw6                               ; LCCOMB_X45_Y16_N4  ; 30      ; Clock enable             ; no     ; --                   ; --               ; --                        ;
; CORTEXM3INTEGRATIONDS:u_CORTEXM3INTEGRATION|cortexm3ds_logic:u_cortexm3ds_logic|Ne5ov6                               ; LCCOMB_X54_Y17_N0  ; 8       ; Clock enable             ; no     ; --                   ; --               ; --                        ;
; CORTEXM3INTEGRATIONDS:u_CORTEXM3INTEGRATION|cortexm3ds_logic:u_cortexm3ds_logic|Ng5xx6                               ; LCCOMB_X59_Y37_N6  ; 8       ; Clock enable             ; no     ; --                   ; --               ; --                        ;
; CORTEXM3INTEGRATIONDS:u_CORTEXM3INTEGRATION|cortexm3ds_logic:u_cortexm3ds_logic|Njyiw6~0                             ; LCCOMB_X11_Y17_N22 ; 32      ; Clock enable             ; no     ; --                   ; --               ; --                        ;
; CORTEXM3INTEGRATIONDS:u_CORTEXM3INTEGRATION|cortexm3ds_logic:u_cortexm3ds_logic|Nlbiw6~0                             ; LCCOMB_X45_Y7_N18  ; 3       ; Clock enable             ; no     ; --                   ; --               ; --                        ;
; CORTEXM3INTEGRATIONDS:u_CORTEXM3INTEGRATION|cortexm3ds_logic:u_cortexm3ds_logic|No3yx6~0                             ; LCCOMB_X63_Y13_N6  ; 10      ; Clock enable             ; no     ; --                   ; --               ; --                        ;
; CORTEXM3INTEGRATIONDS:u_CORTEXM3INTEGRATION|cortexm3ds_logic:u_cortexm3ds_logic|Ns7xx6                               ; LCCOMB_X62_Y37_N10 ; 8       ; Clock enable             ; no     ; --                   ; --               ; --                        ;
; CORTEXM3INTEGRATIONDS:u_CORTEXM3INTEGRATION|cortexm3ds_logic:u_cortexm3ds_logic|Nthiw6~2                             ; LCCOMB_X54_Y18_N20 ; 3       ; Clock enable             ; no     ; --                   ; --               ; --                        ;
; CORTEXM3INTEGRATIONDS:u_CORTEXM3INTEGRATION|cortexm3ds_logic:u_cortexm3ds_logic|Nvd8v6~0                             ; LCCOMB_X72_Y29_N18 ; 3       ; Clock enable             ; no     ; --                   ; --               ; --                        ;
; CORTEXM3INTEGRATIONDS:u_CORTEXM3INTEGRATION|cortexm3ds_logic:u_cortexm3ds_logic|Nw97v6~2                             ; LCCOMB_X52_Y33_N22 ; 31      ; Sync. load               ; no     ; --                   ; --               ; --                        ;
; CORTEXM3INTEGRATIONDS:u_CORTEXM3INTEGRATION|cortexm3ds_logic:u_cortexm3ds_logic|O0o7x6~0                             ; LCCOMB_X30_Y19_N6  ; 31      ; Clock enable             ; no     ; --                   ; --               ; --                        ;
; CORTEXM3INTEGRATIONDS:u_CORTEXM3INTEGRATION|cortexm3ds_logic:u_cortexm3ds_logic|O11jy6                               ; LCCOMB_X54_Y11_N0  ; 6       ; Clock enable             ; no     ; --                   ; --               ; --                        ;
; CORTEXM3INTEGRATIONDS:u_CORTEXM3INTEGRATION|cortexm3ds_logic:u_cortexm3ds_logic|O3ciw6~0                             ; LCCOMB_X46_Y9_N30  ; 8       ; Clock enable             ; no     ; --                   ; --               ; --                        ;
; CORTEXM3INTEGRATIONDS:u_CORTEXM3INTEGRATION|cortexm3ds_logic:u_cortexm3ds_logic|O5a7z6                               ; LCCOMB_X36_Y21_N18 ; 66      ; Clock enable             ; no     ; --                   ; --               ; --                        ;
; CORTEXM3INTEGRATIONDS:u_CORTEXM3INTEGRATION|cortexm3ds_logic:u_cortexm3ds_logic|O6e8v6~0                             ; LCCOMB_X64_Y22_N22 ; 3       ; Clock enable             ; no     ; --                   ; --               ; --                        ;
; CORTEXM3INTEGRATIONDS:u_CORTEXM3INTEGRATION|cortexm3ds_logic:u_cortexm3ds_logic|O91jy6                               ; LCCOMB_X57_Y21_N26 ; 14      ; Clock enable             ; no     ; --                   ; --               ; --                        ;
; CORTEXM3INTEGRATIONDS:u_CORTEXM3INTEGRATION|cortexm3ds_logic:u_cortexm3ds_logic|Oah8v6~0                             ; LCCOMB_X54_Y43_N16 ; 12      ; Clock enable             ; no     ; --                   ; --               ; --                        ;
; CORTEXM3INTEGRATIONDS:u_CORTEXM3INTEGRATION|cortexm3ds_logic:u_cortexm3ds_logic|Ob4iw6                               ; LCCOMB_X36_Y21_N0  ; 6       ; Clock enable             ; no     ; --                   ; --               ; --                        ;
; CORTEXM3INTEGRATIONDS:u_CORTEXM3INTEGRATION|cortexm3ds_logic:u_cortexm3ds_logic|Obo7v6~2                             ; LCCOMB_X35_Y17_N20 ; 61      ; Clock enable             ; no     ; --                   ; --               ; --                        ;
; CORTEXM3INTEGRATIONDS:u_CORTEXM3INTEGRATION|cortexm3ds_logic:u_cortexm3ds_logic|Oibiw6                               ; LCCOMB_X46_Y9_N24  ; 6       ; Clock enable             ; no     ; --                   ; --               ; --                        ;
; CORTEXM3INTEGRATIONDS:u_CORTEXM3INTEGRATION|cortexm3ds_logic:u_cortexm3ds_logic|On9xx6                               ; LCCOMB_X59_Y37_N12 ; 8       ; Clock enable             ; no     ; --                   ; --               ; --                        ;
; CORTEXM3INTEGRATIONDS:u_CORTEXM3INTEGRATION|cortexm3ds_logic:u_cortexm3ds_logic|Onyiw6~0                             ; LCCOMB_X11_Y17_N18 ; 32      ; Clock enable             ; no     ; --                   ; --               ; --                        ;
; CORTEXM3INTEGRATIONDS:u_CORTEXM3INTEGRATION|cortexm3ds_logic:u_cortexm3ds_logic|Or5xx6                               ; LCCOMB_X62_Y37_N28 ; 8       ; Clock enable             ; no     ; --                   ; --               ; --                        ;
; CORTEXM3INTEGRATIONDS:u_CORTEXM3INTEGRATION|cortexm3ds_logic:u_cortexm3ds_logic|Ovciw6                               ; LCCOMB_X46_Y9_N6   ; 4       ; Clock enable             ; no     ; --                   ; --               ; --                        ;
; CORTEXM3INTEGRATIONDS:u_CORTEXM3INTEGRATION|cortexm3ds_logic:u_cortexm3ds_logic|Ozd8v6~0                             ; LCCOMB_X61_Y24_N28 ; 3       ; Clock enable             ; no     ; --                   ; --               ; --                        ;
; CORTEXM3INTEGRATIONDS:u_CORTEXM3INTEGRATION|cortexm3ds_logic:u_cortexm3ds_logic|P2f8v6~0                             ; LCCOMB_X67_Y29_N22 ; 3       ; Clock enable             ; no     ; --                   ; --               ; --                        ;
; CORTEXM3INTEGRATIONDS:u_CORTEXM3INTEGRATION|cortexm3ds_logic:u_cortexm3ds_logic|P4d8v6~0                             ; LCCOMB_X61_Y24_N26 ; 3       ; Clock enable             ; no     ; --                   ; --               ; --                        ;
; CORTEXM3INTEGRATIONDS:u_CORTEXM3INTEGRATION|cortexm3ds_logic:u_cortexm3ds_logic|P6kiw6                               ; LCCOMB_X42_Y16_N8  ; 30      ; Clock enable             ; no     ; --                   ; --               ; --                        ;
; CORTEXM3INTEGRATIONDS:u_CORTEXM3INTEGRATION|cortexm3ds_logic:u_cortexm3ds_logic|P7p7v6~0                             ; LCCOMB_X23_Y14_N30 ; 33      ; Clock enable             ; no     ; --                   ; --               ; --                        ;
; CORTEXM3INTEGRATIONDS:u_CORTEXM3INTEGRATION|cortexm3ds_logic:u_cortexm3ds_logic|Pb9ov6~0                             ; LCCOMB_X35_Y27_N16 ; 5       ; Clock enable             ; no     ; --                   ; --               ; --                        ;
; CORTEXM3INTEGRATIONDS:u_CORTEXM3INTEGRATION|cortexm3ds_logic:u_cortexm3ds_logic|Pdyiw6~2                             ; LCCOMB_X11_Y17_N28 ; 32      ; Clock enable             ; no     ; --                   ; --               ; --                        ;
; CORTEXM3INTEGRATIONDS:u_CORTEXM3INTEGRATION|cortexm3ds_logic:u_cortexm3ds_logic|Peciw6~0                             ; LCCOMB_X36_Y14_N12 ; 6       ; Clock enable             ; no     ; --                   ; --               ; --                        ;
; CORTEXM3INTEGRATIONDS:u_CORTEXM3INTEGRATION|cortexm3ds_logic:u_cortexm3ds_logic|Pj3yx6~0                             ; LCCOMB_X60_Y17_N10 ; 17      ; Clock enable             ; no     ; --                   ; --               ; --                        ;
; CORTEXM3INTEGRATIONDS:u_CORTEXM3INTEGRATION|cortexm3ds_logic:u_cortexm3ds_logic|Pklov6                               ; LCCOMB_X45_Y8_N16  ; 8       ; Clock enable             ; no     ; --                   ; --               ; --                        ;
; CORTEXM3INTEGRATIONDS:u_CORTEXM3INTEGRATION|cortexm3ds_logic:u_cortexm3ds_logic|Pkyiw6~2                             ; LCCOMB_X13_Y17_N10 ; 32      ; Clock enable             ; no     ; --                   ; --               ; --                        ;
; CORTEXM3INTEGRATIONDS:u_CORTEXM3INTEGRATION|cortexm3ds_logic:u_cortexm3ds_logic|Pmbiw6                               ; LCCOMB_X45_Y9_N8   ; 3       ; Clock enable             ; no     ; --                   ; --               ; --                        ;
; CORTEXM3INTEGRATIONDS:u_CORTEXM3INTEGRATION|cortexm3ds_logic:u_cortexm3ds_logic|Pqthw6~1                             ; LCCOMB_X50_Y46_N2  ; 4       ; Clock enable             ; no     ; --                   ; --               ; --                        ;
; CORTEXM3INTEGRATIONDS:u_CORTEXM3INTEGRATION|cortexm3ds_logic:u_cortexm3ds_logic|Ps5iw6~0                             ; LCCOMB_X47_Y26_N24 ; 8       ; Clock enable             ; no     ; --                   ; --               ; --                        ;
; CORTEXM3INTEGRATIONDS:u_CORTEXM3INTEGRATION|cortexm3ds_logic:u_cortexm3ds_logic|Pwd8v6~0                             ; LCCOMB_X61_Y24_N22 ; 3       ; Clock enable             ; no     ; --                   ; --               ; --                        ;
; CORTEXM3INTEGRATIONDS:u_CORTEXM3INTEGRATION|cortexm3ds_logic:u_cortexm3ds_logic|Pyeov6~1                             ; LCCOMB_X36_Y16_N4  ; 3       ; Clock enable             ; no     ; --                   ; --               ; --                        ;
; CORTEXM3INTEGRATIONDS:u_CORTEXM3INTEGRATION|cortexm3ds_logic:u_cortexm3ds_logic|Pz1yx6                               ; LCCOMB_X54_Y17_N16 ; 8       ; Clock enable             ; no     ; --                   ; --               ; --                        ;
; CORTEXM3INTEGRATIONDS:u_CORTEXM3INTEGRATION|cortexm3ds_logic:u_cortexm3ds_logic|Pz5yx6~0                             ; LCCOMB_X65_Y14_N24 ; 10      ; Clock enable             ; no     ; --                   ; --               ; --                        ;
; CORTEXM3INTEGRATIONDS:u_CORTEXM3INTEGRATION|cortexm3ds_logic:u_cortexm3ds_logic|Q0hhw6                               ; LCCOMB_X34_Y25_N8  ; 34      ; Clock enable             ; no     ; --                   ; --               ; --                        ;
; CORTEXM3INTEGRATIONDS:u_CORTEXM3INTEGRATION|cortexm3ds_logic:u_cortexm3ds_logic|Q0yiy6~1                             ; LCCOMB_X52_Y40_N0  ; 35      ; Clock enable             ; no     ; --                   ; --               ; --                        ;
; CORTEXM3INTEGRATIONDS:u_CORTEXM3INTEGRATION|cortexm3ds_logic:u_cortexm3ds_logic|Q41jy6                               ; LCCOMB_X55_Y12_N12 ; 12      ; Clock enable             ; no     ; --                   ; --               ; --                        ;
; CORTEXM3INTEGRATIONDS:u_CORTEXM3INTEGRATION|cortexm3ds_logic:u_cortexm3ds_logic|Q52et6~9                             ; LCCOMB_X30_Y22_N20 ; 6       ; Clock enable             ; no     ; --                   ; --               ; --                        ;
; CORTEXM3INTEGRATIONDS:u_CORTEXM3INTEGRATION|cortexm3ds_logic:u_cortexm3ds_logic|Q7e8v6~0                             ; LCCOMB_X70_Y29_N0  ; 3       ; Clock enable             ; no     ; --                   ; --               ; --                        ;
; CORTEXM3INTEGRATIONDS:u_CORTEXM3INTEGRATION|cortexm3ds_logic:u_cortexm3ds_logic|Q8fiw6~4                             ; LCCOMB_X55_Y10_N2  ; 34      ; Sync. load               ; no     ; --                   ; --               ; --                        ;
; CORTEXM3INTEGRATIONDS:u_CORTEXM3INTEGRATION|cortexm3ds_logic:u_cortexm3ds_logic|Qf2ov6~0                             ; LCCOMB_X21_Y28_N8  ; 38      ; Clock enable             ; no     ; --                   ; --               ; --                        ;
; CORTEXM3INTEGRATIONDS:u_CORTEXM3INTEGRATION|cortexm3ds_logic:u_cortexm3ds_logic|Qgyiy6~1                             ; LCCOMB_X52_Y44_N30 ; 3       ; Clock enable             ; no     ; --                   ; --               ; --                        ;
; CORTEXM3INTEGRATIONDS:u_CORTEXM3INTEGRATION|cortexm3ds_logic:u_cortexm3ds_logic|Qhyiw6~0                             ; LCCOMB_X12_Y17_N0  ; 32      ; Clock enable             ; no     ; --                   ; --               ; --                        ;
; CORTEXM3INTEGRATIONDS:u_CORTEXM3INTEGRATION|cortexm3ds_logic:u_cortexm3ds_logic|Qkwhw6~0                             ; LCCOMB_X51_Y45_N30 ; 2       ; Clock enable             ; no     ; --                   ; --               ; --                        ;
; CORTEXM3INTEGRATIONDS:u_CORTEXM3INTEGRATION|cortexm3ds_logic:u_cortexm3ds_logic|Qoyiw6~2                             ; LCCOMB_X12_Y17_N30 ; 32      ; Clock enable             ; no     ; --                   ; --               ; --                        ;
; CORTEXM3INTEGRATIONDS:u_CORTEXM3INTEGRATION|cortexm3ds_logic:u_cortexm3ds_logic|Qp8xx6                               ; LCCOMB_X59_Y37_N10 ; 8       ; Clock enable             ; no     ; --                   ; --               ; --                        ;
; CORTEXM3INTEGRATIONDS:u_CORTEXM3INTEGRATION|cortexm3ds_logic:u_cortexm3ds_logic|Qsq6x6~0                             ; LCCOMB_X13_Y17_N18 ; 36      ; Sync. load               ; no     ; --                   ; --               ; --                        ;
; CORTEXM3INTEGRATIONDS:u_CORTEXM3INTEGRATION|cortexm3ds_logic:u_cortexm3ds_logic|Qu1ov6                               ; LCCOMB_X22_Y24_N20 ; 18      ; Clock enable             ; no     ; --                   ; --               ; --                        ;
; CORTEXM3INTEGRATIONDS:u_CORTEXM3INTEGRATION|cortexm3ds_logic:u_cortexm3ds_logic|Qwciw6                               ; LCCOMB_X44_Y10_N8  ; 4       ; Clock enable             ; no     ; --                   ; --               ; --                        ;
; CORTEXM3INTEGRATIONDS:u_CORTEXM3INTEGRATION|cortexm3ds_logic:u_cortexm3ds_logic|Qxbiw6~0                             ; LCCOMB_X44_Y13_N4  ; 8       ; Clock enable             ; no     ; --                   ; --               ; --                        ;
; CORTEXM3INTEGRATIONDS:u_CORTEXM3INTEGRATION|cortexm3ds_logic:u_cortexm3ds_logic|Qze8v6~0                             ; LCCOMB_X67_Y29_N8  ; 3       ; Clock enable             ; no     ; --                   ; --               ; --                        ;
; CORTEXM3INTEGRATIONDS:u_CORTEXM3INTEGRATION|cortexm3ds_logic:u_cortexm3ds_logic|R1ciw6~0                             ; LCCOMB_X44_Y10_N22 ; 8       ; Clock enable             ; no     ; --                   ; --               ; --                        ;
; CORTEXM3INTEGRATIONDS:u_CORTEXM3INTEGRATION|cortexm3ds_logic:u_cortexm3ds_logic|R3f8v6~0                             ; LCCOMB_X61_Y24_N4  ; 3       ; Clock enable             ; no     ; --                   ; --               ; --                        ;
; CORTEXM3INTEGRATIONDS:u_CORTEXM3INTEGRATION|cortexm3ds_logic:u_cortexm3ds_logic|R45xx6                               ; LCCOMB_X58_Y37_N4  ; 8       ; Clock enable             ; no     ; --                   ; --               ; --                        ;
; CORTEXM3INTEGRATIONDS:u_CORTEXM3INTEGRATION|cortexm3ds_logic:u_cortexm3ds_logic|R5d8v6~0                             ; LCCOMB_X61_Y24_N0  ; 3       ; Clock enable             ; no     ; --                   ; --               ; --                        ;
; CORTEXM3INTEGRATIONDS:u_CORTEXM3INTEGRATION|cortexm3ds_logic:u_cortexm3ds_logic|R66yx6~0                             ; LCCOMB_X63_Y15_N6  ; 9       ; Clock enable             ; no     ; --                   ; --               ; --                        ;
; CORTEXM3INTEGRATIONDS:u_CORTEXM3INTEGRATION|cortexm3ds_logic:u_cortexm3ds_logic|R7kiw6                               ; LCCOMB_X42_Y16_N26 ; 30      ; Clock enable             ; no     ; --                   ; --               ; --                        ;
; CORTEXM3INTEGRATIONDS:u_CORTEXM3INTEGRATION|cortexm3ds_logic:u_cortexm3ds_logic|Rconv6~1                             ; LCCOMB_X37_Y17_N20 ; 16      ; Clock enable             ; no     ; --                   ; --               ; --                        ;
; CORTEXM3INTEGRATIONDS:u_CORTEXM3INTEGRATION|cortexm3ds_logic:u_cortexm3ds_logic|Rem7x6~2                             ; LCCOMB_X24_Y14_N30 ; 7       ; Clock enable             ; no     ; --                   ; --               ; --                        ;
; CORTEXM3INTEGRATIONDS:u_CORTEXM3INTEGRATION|cortexm3ds_logic:u_cortexm3ds_logic|Rfciw6~0                             ; LCCOMB_X44_Y10_N10 ; 6       ; Clock enable             ; no     ; --                   ; --               ; --                        ;
; CORTEXM3INTEGRATIONDS:u_CORTEXM3INTEGRATION|cortexm3ds_logic:u_cortexm3ds_logic|Rgbiw6~0                             ; LCCOMB_X49_Y28_N6  ; 8       ; Clock enable             ; no     ; --                   ; --               ; --                        ;
; CORTEXM3INTEGRATIONDS:u_CORTEXM3INTEGRATION|cortexm3ds_logic:u_cortexm3ds_logic|Riaov6                               ; LCCOMB_X21_Y15_N6  ; 6       ; Clock enable             ; no     ; --                   ; --               ; --                        ;
; CORTEXM3INTEGRATIONDS:u_CORTEXM3INTEGRATION|cortexm3ds_logic:u_cortexm3ds_logic|Rnqhw6                               ; LCCOMB_X49_Y38_N24 ; 9       ; Clock enable             ; no     ; --                   ; --               ; --                        ;
; CORTEXM3INTEGRATIONDS:u_CORTEXM3INTEGRATION|cortexm3ds_logic:u_cortexm3ds_logic|Rpoov6                               ; LCCOMB_X24_Y15_N28 ; 3       ; Clock enable             ; no     ; --                   ; --               ; --                        ;
; CORTEXM3INTEGRATIONDS:u_CORTEXM3INTEGRATION|cortexm3ds_logic:u_cortexm3ds_logic|Rtciw6~0                             ; LCCOMB_X45_Y7_N8   ; 8       ; Clock enable             ; no     ; --                   ; --               ; --                        ;
; CORTEXM3INTEGRATIONDS:u_CORTEXM3INTEGRATION|cortexm3ds_logic:u_cortexm3ds_logic|Rx8iw6~0                             ; LCCOMB_X45_Y12_N0  ; 3       ; Clock enable             ; no     ; --                   ; --               ; --                        ;
; CORTEXM3INTEGRATIONDS:u_CORTEXM3INTEGRATION|cortexm3ds_logic:u_cortexm3ds_logic|Rxd8v6~0                             ; LCCOMB_X70_Y29_N20 ; 3       ; Clock enable             ; no     ; --                   ; --               ; --                        ;
; CORTEXM3INTEGRATIONDS:u_CORTEXM3INTEGRATION|cortexm3ds_logic:u_cortexm3ds_logic|Ry1yx6~0                             ; LCCOMB_X51_Y21_N28 ; 2       ; Clock enable             ; no     ; --                   ; --               ; --                        ;
; CORTEXM3INTEGRATIONDS:u_CORTEXM3INTEGRATION|cortexm3ds_logic:u_cortexm3ds_logic|S0f8v6~0                             ; LCCOMB_X64_Y22_N16 ; 3       ; Clock enable             ; no     ; --                   ; --               ; --                        ;
; CORTEXM3INTEGRATIONDS:u_CORTEXM3INTEGRATION|cortexm3ds_logic:u_cortexm3ds_logic|S2d8v6~0                             ; LCCOMB_X67_Y29_N2  ; 3       ; Clock enable             ; no     ; --                   ; --               ; --                        ;
; CORTEXM3INTEGRATIONDS:u_CORTEXM3INTEGRATION|cortexm3ds_logic:u_cortexm3ds_logic|S31jy6                               ; LCCOMB_X55_Y12_N26 ; 5       ; Clock enable             ; no     ; --                   ; --               ; --                        ;
; CORTEXM3INTEGRATIONDS:u_CORTEXM3INTEGRATION|cortexm3ds_logic:u_cortexm3ds_logic|S5ciw6~0                             ; LCCOMB_X45_Y7_N2   ; 16      ; Clock enable             ; no     ; --                   ; --               ; --                        ;
; CORTEXM3INTEGRATIONDS:u_CORTEXM3INTEGRATION|cortexm3ds_logic:u_cortexm3ds_logic|S8e8v6~0                             ; LCCOMB_X64_Y22_N28 ; 3       ; Clock enable             ; no     ; --                   ; --               ; --                        ;
; CORTEXM3INTEGRATIONDS:u_CORTEXM3INTEGRATION|cortexm3ds_logic:u_cortexm3ds_logic|S93nv6~3                             ; LCCOMB_X55_Y25_N8  ; 12      ; Clock enable             ; no     ; --                   ; --               ; --                        ;
; CORTEXM3INTEGRATIONDS:u_CORTEXM3INTEGRATION|cortexm3ds_logic:u_cortexm3ds_logic|Sblov6~20                            ; LCCOMB_X39_Y22_N2  ; 6       ; Clock enable             ; no     ; --                   ; --               ; --                        ;
; CORTEXM3INTEGRATIONDS:u_CORTEXM3INTEGRATION|cortexm3ds_logic:u_cortexm3ds_logic|Scrhw6                               ; LCCOMB_X50_Y42_N0  ; 22      ; Clock enable, Sync. load ; no     ; --                   ; --               ; --                        ;
; CORTEXM3INTEGRATIONDS:u_CORTEXM3INTEGRATION|cortexm3ds_logic:u_cortexm3ds_logic|Sdo7v6~2                             ; LCCOMB_X47_Y19_N22 ; 21      ; Clock enable             ; no     ; --                   ; --               ; --                        ;
; CORTEXM3INTEGRATIONDS:u_CORTEXM3INTEGRATION|cortexm3ds_logic:u_cortexm3ds_logic|Sidiw6~0                             ; LCCOMB_X31_Y21_N16 ; 13      ; Clock enable             ; no     ; --                   ; --               ; --                        ;
; CORTEXM3INTEGRATIONDS:u_CORTEXM3INTEGRATION|cortexm3ds_logic:u_cortexm3ds_logic|Soeiw6~0                             ; LCCOMB_X45_Y17_N2  ; 7       ; Clock enable             ; no     ; --                   ; --               ; --                        ;
; CORTEXM3INTEGRATIONDS:u_CORTEXM3INTEGRATION|cortexm3ds_logic:u_cortexm3ds_logic|Su1iw6~0                             ; LCCOMB_X54_Y40_N14 ; 17      ; Clock enable             ; no     ; --                   ; --               ; --                        ;
; CORTEXM3INTEGRATIONDS:u_CORTEXM3INTEGRATION|cortexm3ds_logic:u_cortexm3ds_logic|Sv1jy6~1                             ; LCCOMB_X50_Y18_N2  ; 8       ; Clock enable             ; no     ; --                   ; --               ; --                        ;
; CORTEXM3INTEGRATIONDS:u_CORTEXM3INTEGRATION|cortexm3ds_logic:u_cortexm3ds_logic|T12yx6~1                             ; LCCOMB_X51_Y21_N12 ; 7       ; Clock enable             ; no     ; --                   ; --               ; --                        ;
; CORTEXM3INTEGRATIONDS:u_CORTEXM3INTEGRATION|cortexm3ds_logic:u_cortexm3ds_logic|T1zmz6~0                             ; LCCOMB_X51_Y35_N10 ; 27      ; Sync. load               ; no     ; --                   ; --               ; --                        ;
; CORTEXM3INTEGRATIONDS:u_CORTEXM3INTEGRATION|cortexm3ds_logic:u_cortexm3ds_logic|T2ciw6~0                             ; LCCOMB_X44_Y10_N0  ; 8       ; Clock enable             ; no     ; --                   ; --               ; --                        ;
; CORTEXM3INTEGRATIONDS:u_CORTEXM3INTEGRATION|cortexm3ds_logic:u_cortexm3ds_logic|T46xx6                               ; LCCOMB_X59_Y37_N14 ; 8       ; Clock enable             ; no     ; --                   ; --               ; --                        ;
; CORTEXM3INTEGRATIONDS:u_CORTEXM3INTEGRATION|cortexm3ds_logic:u_cortexm3ds_logic|T5a8x6~0                             ; LCCOMB_X56_Y16_N30 ; 53      ; Clock enable             ; no     ; --                   ; --               ; --                        ;
; CORTEXM3INTEGRATIONDS:u_CORTEXM3INTEGRATION|cortexm3ds_logic:u_cortexm3ds_logic|T5e8v6~0                             ; LCCOMB_X72_Y29_N0  ; 3       ; Clock enable             ; no     ; --                   ; --               ; --                        ;
; CORTEXM3INTEGRATIONDS:u_CORTEXM3INTEGRATION|cortexm3ds_logic:u_cortexm3ds_logic|Tdz7v6~3                             ; LCCOMB_X13_Y17_N22 ; 2       ; Clock enable             ; no     ; --                   ; --               ; --                        ;
; CORTEXM3INTEGRATIONDS:u_CORTEXM3INTEGRATION|cortexm3ds_logic:u_cortexm3ds_logic|Thbiw6                               ; LCCOMB_X44_Y10_N28 ; 6       ; Clock enable             ; no     ; --                   ; --               ; --                        ;
; CORTEXM3INTEGRATIONDS:u_CORTEXM3INTEGRATION|cortexm3ds_logic:u_cortexm3ds_logic|Tmyiw6~3                             ; LCCOMB_X13_Y17_N26 ; 32      ; Clock enable             ; no     ; --                   ; --               ; --                        ;
; CORTEXM3INTEGRATIONDS:u_CORTEXM3INTEGRATION|cortexm3ds_logic:u_cortexm3ds_logic|Toxhw6                               ; LCCOMB_X50_Y42_N30 ; 13      ; Clock enable             ; no     ; --                   ; --               ; --                        ;
; CORTEXM3INTEGRATIONDS:u_CORTEXM3INTEGRATION|cortexm3ds_logic:u_cortexm3ds_logic|Trgov6~0                             ; LCCOMB_X56_Y25_N6  ; 3       ; Clock enable             ; no     ; --                   ; --               ; --                        ;
; CORTEXM3INTEGRATIONDS:u_CORTEXM3INTEGRATION|cortexm3ds_logic:u_cortexm3ds_logic|Trl7v6~1                             ; LCCOMB_X58_Y26_N2  ; 3       ; Clock enable             ; no     ; --                   ; --               ; --                        ;
; CORTEXM3INTEGRATIONDS:u_CORTEXM3INTEGRATION|cortexm3ds_logic:u_cortexm3ds_logic|Tuciw6~0                             ; LCCOMB_X45_Y7_N30  ; 8       ; Clock enable             ; no     ; --                   ; --               ; --                        ;
; CORTEXM3INTEGRATIONDS:u_CORTEXM3INTEGRATION|cortexm3ds_logic:u_cortexm3ds_logic|Tyd8v6~0                             ; LCCOMB_X64_Y22_N30 ; 3       ; Clock enable             ; no     ; --                   ; --               ; --                        ;
; CORTEXM3INTEGRATIONDS:u_CORTEXM3INTEGRATION|cortexm3ds_logic:u_cortexm3ds_logic|U1f8v6~0                             ; LCCOMB_X70_Y29_N8  ; 3       ; Clock enable             ; no     ; --                   ; --               ; --                        ;
; CORTEXM3INTEGRATIONDS:u_CORTEXM3INTEGRATION|cortexm3ds_logic:u_cortexm3ds_logic|U20jy6~2                             ; LCCOMB_X49_Y28_N24 ; 2       ; Clock enable             ; no     ; --                   ; --               ; --                        ;
; CORTEXM3INTEGRATIONDS:u_CORTEXM3INTEGRATION|cortexm3ds_logic:u_cortexm3ds_logic|U3d8v6~0                             ; LCCOMB_X67_Y29_N16 ; 3       ; Clock enable             ; no     ; --                   ; --               ; --                        ;
; CORTEXM3INTEGRATIONDS:u_CORTEXM3INTEGRATION|cortexm3ds_logic:u_cortexm3ds_logic|U61jy6                               ; LCCOMB_X57_Y21_N28 ; 11      ; Clock enable             ; no     ; --                   ; --               ; --                        ;
; CORTEXM3INTEGRATIONDS:u_CORTEXM3INTEGRATION|cortexm3ds_logic:u_cortexm3ds_logic|U6ciw6~0                             ; LCCOMB_X45_Y7_N12  ; 16      ; Clock enable             ; no     ; --                   ; --               ; --                        ;
; CORTEXM3INTEGRATIONDS:u_CORTEXM3INTEGRATION|cortexm3ds_logic:u_cortexm3ds_logic|Ua1jy6                               ; LCCOMB_X59_Y19_N2  ; 11      ; Clock enable             ; no     ; --                   ; --               ; --                        ;
; CORTEXM3INTEGRATIONDS:u_CORTEXM3INTEGRATION|cortexm3ds_logic:u_cortexm3ds_logic|Udkov6~0                             ; LCCOMB_X20_Y24_N12 ; 16      ; Clock enable, Sync. load ; no     ; --                   ; --               ; --                        ;
; CORTEXM3INTEGRATIONDS:u_CORTEXM3INTEGRATION|cortexm3ds_logic:u_cortexm3ds_logic|Ue5ov6                               ; LCCOMB_X54_Y17_N26 ; 8       ; Clock enable             ; no     ; --                   ; --               ; --                        ;
; CORTEXM3INTEGRATIONDS:u_CORTEXM3INTEGRATION|cortexm3ds_logic:u_cortexm3ds_logic|Ueyiy6~0                             ; LCCOMB_X52_Y44_N14 ; 32      ; Clock enable             ; no     ; --                   ; --               ; --                        ;
; CORTEXM3INTEGRATIONDS:u_CORTEXM3INTEGRATION|cortexm3ds_logic:u_cortexm3ds_logic|Ug5xx6~0                             ; LCCOMB_X59_Y37_N8  ; 8       ; Clock enable             ; no     ; --                   ; --               ; --                        ;
; CORTEXM3INTEGRATIONDS:u_CORTEXM3INTEGRATION|cortexm3ds_logic:u_cortexm3ds_logic|Uub7x6~1                             ; LCCOMB_X50_Y23_N2  ; 8       ; Sync. load               ; no     ; --                   ; --               ; --                        ;
; CORTEXM3INTEGRATIONDS:u_CORTEXM3INTEGRATION|cortexm3ds_logic:u_cortexm3ds_logic|Uvd8v6~0                             ; LCCOMB_X72_Y29_N8  ; 3       ; Clock enable             ; no     ; --                   ; --               ; --                        ;
; CORTEXM3INTEGRATIONDS:u_CORTEXM3INTEGRATION|cortexm3ds_logic:u_cortexm3ds_logic|Uw3xx6~0                             ; LCCOMB_X51_Y35_N2  ; 25      ; Clock enable             ; no     ; --                   ; --               ; --                        ;
; CORTEXM3INTEGRATIONDS:u_CORTEXM3INTEGRATION|cortexm3ds_logic:u_cortexm3ds_logic|Uzg8v6~2                             ; LCCOMB_X49_Y45_N12 ; 23      ; Clock enable             ; no     ; --                   ; --               ; --                        ;
; CORTEXM3INTEGRATIONDS:u_CORTEXM3INTEGRATION|cortexm3ds_logic:u_cortexm3ds_logic|V6e8v6~0                             ; LCCOMB_X64_Y22_N10 ; 3       ; Clock enable             ; no     ; --                   ; --               ; --                        ;
; CORTEXM3INTEGRATIONDS:u_CORTEXM3INTEGRATION|cortexm3ds_logic:u_cortexm3ds_logic|V6wnv6~0                             ; LCCOMB_X46_Y37_N22 ; 6       ; Clock enable             ; no     ; --                   ; --               ; --                        ;
; CORTEXM3INTEGRATIONDS:u_CORTEXM3INTEGRATION|cortexm3ds_logic:u_cortexm3ds_logic|Vd2iw6~4                             ; LCCOMB_X45_Y19_N2  ; 24      ; Clock enable             ; no     ; --                   ; --               ; --                        ;
; CORTEXM3INTEGRATIONDS:u_CORTEXM3INTEGRATION|cortexm3ds_logic:u_cortexm3ds_logic|Vfmov6~0                             ; LCCOMB_X35_Y20_N20 ; 14      ; Clock enable             ; no     ; --                   ; --               ; --                        ;
; CORTEXM3INTEGRATIONDS:u_CORTEXM3INTEGRATION|cortexm3ds_logic:u_cortexm3ds_logic|Vfsiw6                               ; LCCOMB_X23_Y22_N2  ; 6       ; Clock enable             ; no     ; --                   ; --               ; --                        ;
; CORTEXM3INTEGRATIONDS:u_CORTEXM3INTEGRATION|cortexm3ds_logic:u_cortexm3ds_logic|Vibiw6                               ; LCCOMB_X45_Y12_N14 ; 6       ; Clock enable             ; no     ; --                   ; --               ; --                        ;
; CORTEXM3INTEGRATIONDS:u_CORTEXM3INTEGRATION|cortexm3ds_logic:u_cortexm3ds_logic|Vlgov6~1                             ; LCCOMB_X43_Y25_N0  ; 3       ; Clock enable             ; no     ; --                   ; --               ; --                        ;
; CORTEXM3INTEGRATIONDS:u_CORTEXM3INTEGRATION|cortexm3ds_logic:u_cortexm3ds_logic|Vr5xx6~0                             ; LCCOMB_X62_Y37_N24 ; 8       ; Clock enable             ; no     ; --                   ; --               ; --                        ;
; CORTEXM3INTEGRATIONDS:u_CORTEXM3INTEGRATION|cortexm3ds_logic:u_cortexm3ds_logic|Vs9ov6~3                             ; LCCOMB_X30_Y17_N14 ; 96      ; Clock enable             ; no     ; --                   ; --               ; --                        ;
; CORTEXM3INTEGRATIONDS:u_CORTEXM3INTEGRATION|cortexm3ds_logic:u_cortexm3ds_logic|Vvciw6                               ; LCCOMB_X45_Y9_N6   ; 8       ; Clock enable             ; no     ; --                   ; --               ; --                        ;
; CORTEXM3INTEGRATIONDS:u_CORTEXM3INTEGRATION|cortexm3ds_logic:u_cortexm3ds_logic|W10jy6~0                             ; LCCOMB_X70_Y29_N10 ; 3       ; Clock enable             ; no     ; --                   ; --               ; --                        ;
; CORTEXM3INTEGRATIONDS:u_CORTEXM3INTEGRATION|cortexm3ds_logic:u_cortexm3ds_logic|W11jy6                               ; LCCOMB_X54_Y11_N28 ; 32      ; Clock enable             ; no     ; --                   ; --               ; --                        ;
; CORTEXM3INTEGRATIONDS:u_CORTEXM3INTEGRATION|cortexm3ds_logic:u_cortexm3ds_logic|W2f8v6~0                             ; LCCOMB_X64_Y22_N26 ; 3       ; Clock enable             ; no     ; --                   ; --               ; --                        ;
; CORTEXM3INTEGRATIONDS:u_CORTEXM3INTEGRATION|cortexm3ds_logic:u_cortexm3ds_logic|W32iw6~0                             ; LCCOMB_X44_Y21_N30 ; 15      ; Clock enable             ; no     ; --                   ; --               ; --                        ;
; CORTEXM3INTEGRATIONDS:u_CORTEXM3INTEGRATION|cortexm3ds_logic:u_cortexm3ds_logic|W4d8v6~0                             ; LCCOMB_X67_Y29_N24 ; 3       ; Clock enable             ; no     ; --                   ; --               ; --                        ;
; CORTEXM3INTEGRATIONDS:u_CORTEXM3INTEGRATION|cortexm3ds_logic:u_cortexm3ds_logic|W5yiy6~0                             ; LCCOMB_X57_Y24_N6  ; 4       ; Clock enable             ; no     ; --                   ; --               ; --                        ;
; CORTEXM3INTEGRATIONDS:u_CORTEXM3INTEGRATION|cortexm3ds_logic:u_cortexm3ds_logic|W7ciw6~2                             ; LCCOMB_X45_Y9_N14  ; 16      ; Clock enable             ; no     ; --                   ; --               ; --                        ;
; CORTEXM3INTEGRATIONDS:u_CORTEXM3INTEGRATION|cortexm3ds_logic:u_cortexm3ds_logic|W92jy6~0                             ; LCCOMB_X50_Y18_N8  ; 8       ; Clock enable             ; no     ; --                   ; --               ; --                        ;
; CORTEXM3INTEGRATIONDS:u_CORTEXM3INTEGRATION|cortexm3ds_logic:u_cortexm3ds_logic|Weciw6~0                             ; LCCOMB_X36_Y14_N26 ; 6       ; Clock enable             ; no     ; --                   ; --               ; --                        ;
; CORTEXM3INTEGRATIONDS:u_CORTEXM3INTEGRATION|cortexm3ds_logic:u_cortexm3ds_logic|Wj1ov6                               ; LCCOMB_X29_Y14_N24 ; 33      ; Clock enable             ; no     ; --                   ; --               ; --                        ;
; CORTEXM3INTEGRATIONDS:u_CORTEXM3INTEGRATION|cortexm3ds_logic:u_cortexm3ds_logic|Wmcov6                               ; LCCOMB_X60_Y36_N10 ; 10      ; Clock enable             ; no     ; --                   ; --               ; --                        ;
; CORTEXM3INTEGRATIONDS:u_CORTEXM3INTEGRATION|cortexm3ds_logic:u_cortexm3ds_logic|Wsciw6                               ; LCCOMB_X46_Y9_N18  ; 4       ; Clock enable             ; no     ; --                   ; --               ; --                        ;
; CORTEXM3INTEGRATIONDS:u_CORTEXM3INTEGRATION|cortexm3ds_logic:u_cortexm3ds_logic|Wtziy6                               ; LCCOMB_X72_Y29_N4  ; 8       ; Clock enable             ; no     ; --                   ; --               ; --                        ;
; CORTEXM3INTEGRATIONDS:u_CORTEXM3INTEGRATION|cortexm3ds_logic:u_cortexm3ds_logic|Wwd8v6~0                             ; LCCOMB_X64_Y22_N0  ; 3       ; Clock enable             ; no     ; --                   ; --               ; --                        ;
; CORTEXM3INTEGRATIONDS:u_CORTEXM3INTEGRATION|cortexm3ds_logic:u_cortexm3ds_logic|Wy3oz6                               ; FF_X56_Y34_N7      ; 45      ; Sync. clear              ; no     ; --                   ; --               ; --                        ;
; CORTEXM3INTEGRATIONDS:u_CORTEXM3INTEGRATION|cortexm3ds_logic:u_cortexm3ds_logic|X1d8v6~0                             ; LCCOMB_X67_Y29_N6  ; 3       ; Clock enable             ; no     ; --                   ; --               ; --                        ;
; CORTEXM3INTEGRATIONDS:u_CORTEXM3INTEGRATION|cortexm3ds_logic:u_cortexm3ds_logic|X76yx6~0                             ; LCCOMB_X63_Y15_N26 ; 10      ; Clock enable             ; no     ; --                   ; --               ; --                        ;
; CORTEXM3INTEGRATIONDS:u_CORTEXM3INTEGRATION|cortexm3ds_logic:u_cortexm3ds_logic|X7e8v6~0                             ; LCCOMB_X72_Y29_N22 ; 3       ; Clock enable             ; no     ; --                   ; --               ; --                        ;
; CORTEXM3INTEGRATIONDS:u_CORTEXM3INTEGRATION|cortexm3ds_logic:u_cortexm3ds_logic|Xd6xx6                               ; LCCOMB_X62_Y37_N16 ; 8       ; Clock enable             ; no     ; --                   ; --               ; --                        ;
; CORTEXM3INTEGRATIONDS:u_CORTEXM3INTEGRATION|cortexm3ds_logic:u_cortexm3ds_logic|Xjbiw6~0                             ; LCCOMB_X45_Y8_N30  ; 3       ; Clock enable             ; no     ; --                   ; --               ; --                        ;
; CORTEXM3INTEGRATIONDS:u_CORTEXM3INTEGRATION|cortexm3ds_logic:u_cortexm3ds_logic|Xllg07                               ; FF_X47_Y29_N27     ; 270     ; Clock enable             ; no     ; --                   ; --               ; --                        ;
; CORTEXM3INTEGRATIONDS:u_CORTEXM3INTEGRATION|cortexm3ds_logic:u_cortexm3ds_logic|Xml7v6~0                             ; LCCOMB_X58_Y26_N8  ; 3       ; Clock enable             ; no     ; --                   ; --               ; --                        ;
; CORTEXM3INTEGRATIONDS:u_CORTEXM3INTEGRATION|cortexm3ds_logic:u_cortexm3ds_logic|Xxbiw6~0                             ; LCCOMB_X45_Y8_N26  ; 16      ; Clock enable             ; no     ; --                   ; --               ; --                        ;
; CORTEXM3INTEGRATIONDS:u_CORTEXM3INTEGRATION|cortexm3ds_logic:u_cortexm3ds_logic|Xze8v6~0                             ; LCCOMB_X70_Y29_N24 ; 3       ; Clock enable             ; no     ; --                   ; --               ; --                        ;
; CORTEXM3INTEGRATIONDS:u_CORTEXM3INTEGRATION|cortexm3ds_logic:u_cortexm3ds_logic|Y01jy6~4                             ; LCCOMB_X54_Y11_N16 ; 4       ; Clock enable             ; no     ; --                   ; --               ; --                        ;
; CORTEXM3INTEGRATIONDS:u_CORTEXM3INTEGRATION|cortexm3ds_logic:u_cortexm3ds_logic|Y5d8v6~0                             ; LCCOMB_X61_Y24_N14 ; 3       ; Clock enable             ; no     ; --                   ; --               ; --                        ;
; CORTEXM3INTEGRATIONDS:u_CORTEXM3INTEGRATION|cortexm3ds_logic:u_cortexm3ds_logic|Y81jy6                               ; LCCOMB_X60_Y19_N2  ; 7       ; Clock enable             ; no     ; --                   ; --               ; --                        ;
; CORTEXM3INTEGRATIONDS:u_CORTEXM3INTEGRATION|cortexm3ds_logic:u_cortexm3ds_logic|Yei8v6~0                             ; LCCOMB_X35_Y20_N4  ; 10      ; Clock enable             ; no     ; --                   ; --               ; --                        ;
; CORTEXM3INTEGRATIONDS:u_CORTEXM3INTEGRATION|cortexm3ds_logic:u_cortexm3ds_logic|Yfciw6                               ; LCCOMB_X44_Y13_N30 ; 6       ; Clock enable             ; no     ; --                   ; --               ; --                        ;
; CORTEXM3INTEGRATIONDS:u_CORTEXM3INTEGRATION|cortexm3ds_logic:u_cortexm3ds_logic|Ykziw6~2                             ; LCCOMB_X8_Y14_N24  ; 32      ; Clock enable             ; no     ; --                   ; --               ; --                        ;
; CORTEXM3INTEGRATIONDS:u_CORTEXM3INTEGRATION|cortexm3ds_logic:u_cortexm3ds_logic|Ym2nz6                               ; FF_X45_Y1_N5       ; 281     ; Async. clear             ; yes    ; Global Clock         ; GCLK17           ; --                        ;
; CORTEXM3INTEGRATIONDS:u_CORTEXM3INTEGRATION|cortexm3ds_logic:u_cortexm3ds_logic|Ynbiw6~0                             ; LCCOMB_X45_Y8_N12  ; 3       ; Clock enable             ; no     ; --                   ; --               ; --                        ;
; CORTEXM3INTEGRATIONDS:u_CORTEXM3INTEGRATION|cortexm3ds_logic:u_cortexm3ds_logic|Ytciw6                               ; LCCOMB_X44_Y10_N6  ; 4       ; Clock enable             ; no     ; --                   ; --               ; --                        ;
; CORTEXM3INTEGRATIONDS:u_CORTEXM3INTEGRATION|cortexm3ds_logic:u_cortexm3ds_logic|Ytjiw6                               ; LCCOMB_X54_Y28_N2  ; 8       ; Clock enable             ; no     ; --                   ; --               ; --                        ;
; CORTEXM3INTEGRATIONDS:u_CORTEXM3INTEGRATION|cortexm3ds_logic:u_cortexm3ds_logic|Yxd8v6~0                             ; LCCOMB_X70_Y29_N22 ; 3       ; Clock enable             ; no     ; --                   ; --               ; --                        ;
; CORTEXM3INTEGRATIONDS:u_CORTEXM3INTEGRATION|cortexm3ds_logic:u_cortexm3ds_logic|Yxl7v6~0                             ; LCCOMB_X70_Y29_N18 ; 3       ; Clock enable             ; no     ; --                   ; --               ; --                        ;
; CORTEXM3INTEGRATIONDS:u_CORTEXM3INTEGRATION|cortexm3ds_logic:u_cortexm3ds_logic|Z0f8v6~0                             ; LCCOMB_X64_Y22_N4  ; 3       ; Clock enable             ; no     ; --                   ; --               ; --                        ;
; CORTEXM3INTEGRATIONDS:u_CORTEXM3INTEGRATION|cortexm3ds_logic:u_cortexm3ds_logic|Z2d8v6~0                             ; LCCOMB_X61_Y24_N16 ; 3       ; Clock enable             ; no     ; --                   ; --               ; --                        ;
; CORTEXM3INTEGRATIONDS:u_CORTEXM3INTEGRATION|cortexm3ds_logic:u_cortexm3ds_logic|Z4kiw6                               ; LCCOMB_X43_Y16_N0  ; 30      ; Clock enable             ; no     ; --                   ; --               ; --                        ;
; CORTEXM3INTEGRATIONDS:u_CORTEXM3INTEGRATION|cortexm3ds_logic:u_cortexm3ds_logic|Z6jhw6~0                             ; LCCOMB_X13_Y32_N24 ; 47      ; Clock enable             ; no     ; --                   ; --               ; --                        ;
; CORTEXM3INTEGRATIONDS:u_CORTEXM3INTEGRATION|cortexm3ds_logic:u_cortexm3ds_logic|Z73iw6~2                             ; LCCOMB_X44_Y17_N6  ; 10      ; Clock enable             ; no     ; --                   ; --               ; --                        ;
; CORTEXM3INTEGRATIONDS:u_CORTEXM3INTEGRATION|cortexm3ds_logic:u_cortexm3ds_logic|Z8e8v6~0                             ; LCCOMB_X61_Y24_N20 ; 3       ; Clock enable             ; no     ; --                   ; --               ; --                        ;
; CORTEXM3INTEGRATIONDS:u_CORTEXM3INTEGRATION|cortexm3ds_logic:u_cortexm3ds_logic|Zdo7v6~0                             ; LCCOMB_X50_Y18_N10 ; 9       ; Clock enable             ; no     ; --                   ; --               ; --                        ;
; CORTEXM3INTEGRATIONDS:u_CORTEXM3INTEGRATION|cortexm3ds_logic:u_cortexm3ds_logic|Zhg7x6~2                             ; LCCOMB_X47_Y29_N16 ; 10      ; Clock enable             ; no     ; --                   ; --               ; --                        ;
; CORTEXM3INTEGRATIONDS:u_CORTEXM3INTEGRATION|cortexm3ds_logic:u_cortexm3ds_logic|Zidiw6~0                             ; LCCOMB_X55_Y16_N14 ; 8       ; Clock enable             ; no     ; --                   ; --               ; --                        ;
; CORTEXM3INTEGRATIONDS:u_CORTEXM3INTEGRATION|cortexm3ds_logic:u_cortexm3ds_logic|Zkbiw6~0                             ; LCCOMB_X45_Y8_N22  ; 3       ; Clock enable             ; no     ; --                   ; --               ; --                        ;
; CORTEXM3INTEGRATIONDS:u_CORTEXM3INTEGRATION|cortexm3ds_logic:u_cortexm3ds_logic|Zmwnv6~0                             ; LCCOMB_X46_Y34_N22 ; 33      ; Clock enable             ; no     ; --                   ; --               ; --                        ;
; CORTEXM3INTEGRATIONDS:u_CORTEXM3INTEGRATION|cortexm3ds_logic:u_cortexm3ds_logic|Zr7xx6                               ; LCCOMB_X62_Y37_N20 ; 8       ; Clock enable             ; no     ; --                   ; --               ; --                        ;
; CORTEXM3INTEGRATIONDS:u_CORTEXM3INTEGRATION|cortexm3ds_logic:u_cortexm3ds_logic|Zs4ov6~0                             ; LCCOMB_X30_Y16_N12 ; 70      ; Clock enable             ; no     ; --                   ; --               ; --                        ;
; RESETn                                                                                                               ; PIN_N4             ; 461     ; Async. clear             ; yes    ; Global Clock         ; GCLK2            ; --                        ;
; RESETn                                                                                                               ; PIN_N4             ; 5       ; Clock enable             ; no     ; --                   ; --               ; --                        ;
; TCK                                                                                                                  ; PIN_M9             ; 327     ; Clock                    ; yes    ; Global Clock         ; GCLK4            ; --                        ;
; cmsdk_apb_subsystem:u_apb_subsystem|cmsdk_ahb_to_apb:u_ahb_to_apb|Equal5~0                                           ; LCCOMB_X40_Y31_N22 ; 39      ; Clock enable             ; no     ; --                   ; --               ; --                        ;
; cmsdk_apb_subsystem:u_apb_subsystem|cmsdk_ahb_to_apb:u_ahb_to_apb|apb_select                                         ; LCCOMB_X39_Y23_N12 ; 16      ; Clock enable             ; no     ; --                   ; --               ; --                        ;
; cmsdk_apb_subsystem:u_apb_subsystem|cmsdk_apb_timer:gen_apb_timer_0.u_apb_timer_0|always1~0                          ; LCCOMB_X40_Y34_N4  ; 32      ; Clock enable             ; no     ; --                   ; --               ; --                        ;
; cmsdk_apb_subsystem:u_apb_subsystem|cmsdk_apb_timer:gen_apb_timer_0.u_apb_timer_0|ext_in_enable                      ; LCCOMB_X40_Y34_N22 ; 3       ; Clock enable             ; no     ; --                   ; --               ; --                        ;
; cmsdk_apb_subsystem:u_apb_subsystem|cmsdk_apb_timer:gen_apb_timer_0.u_apb_timer_0|read_enable                        ; LCCOMB_X40_Y31_N12 ; 9       ; Clock enable             ; no     ; --                   ; --               ; --                        ;
; cmsdk_apb_subsystem:u_apb_subsystem|cmsdk_apb_timer:gen_apb_timer_0.u_apb_timer_0|write_enable00~3                   ; LCCOMB_X40_Y34_N16 ; 4       ; Clock enable             ; no     ; --                   ; --               ; --                        ;
; cmsdk_apb_subsystem:u_apb_subsystem|cmsdk_apb_timer:gen_apb_timer_0.u_apb_timer_0|write_enable04~0                   ; LCCOMB_X40_Y34_N10 ; 33      ; Sync. load               ; no     ; --                   ; --               ; --                        ;
; cmsdk_apb_subsystem:u_apb_subsystem|cmsdk_apb_timer:gen_apb_timer_0.u_apb_timer_0|write_enable08~2                   ; LCCOMB_X40_Y34_N30 ; 32      ; Clock enable             ; no     ; --                   ; --               ; --                        ;
; cmsdk_apb_subsystem:u_apb_subsystem|cmsdk_apb_uart:gen_apb_uart_1.u_apb_uart_1|Equal0~1                              ; LCCOMB_X44_Y34_N24 ; 16      ; Sync. load               ; no     ; --                   ; --               ; --                        ;
; cmsdk_apb_subsystem:u_apb_subsystem|cmsdk_apb_uart:gen_apb_uart_1.u_apb_uart_1|always15~1                            ; LCCOMB_X42_Y36_N28 ; 8       ; Clock enable             ; no     ; --                   ; --               ; --                        ;
; cmsdk_apb_subsystem:u_apb_subsystem|cmsdk_apb_uart:gen_apb_uart_1.u_apb_uart_1|always7~0                             ; LCCOMB_X42_Y35_N30 ; 16      ; Clock enable             ; no     ; --                   ; --               ; --                        ;
; cmsdk_apb_subsystem:u_apb_subsystem|cmsdk_apb_uart:gen_apb_uart_1.u_apb_uart_1|nxt_baud_cntr_i~0                     ; LCCOMB_X40_Y35_N20 ; 16      ; Sync. load               ; no     ; --                   ; --               ; --                        ;
; cmsdk_apb_subsystem:u_apb_subsystem|cmsdk_apb_uart:gen_apb_uart_1.u_apb_uart_1|nxt_rx_tick_cnt~1                     ; LCCOMB_X42_Y38_N18 ; 4       ; Sync. load               ; no     ; --                   ; --               ; --                        ;
; cmsdk_apb_subsystem:u_apb_subsystem|cmsdk_apb_uart:gen_apb_uart_1.u_apb_uart_1|nxt_tx_tick_cnt~1                     ; LCCOMB_X41_Y36_N6  ; 4       ; Sync. clear              ; no     ; --                   ; --               ; --                        ;
; cmsdk_apb_subsystem:u_apb_subsystem|cmsdk_apb_uart:gen_apb_uart_1.u_apb_uart_1|read_enable~0                         ; LCCOMB_X40_Y31_N10 ; 10      ; Clock enable             ; no     ; --                   ; --               ; --                        ;
; cmsdk_apb_subsystem:u_apb_subsystem|cmsdk_apb_uart:gen_apb_uart_1.u_apb_uart_1|reg_baud_tick                         ; FF_X40_Y35_N13     ; 13      ; Clock enable             ; no     ; --                   ; --               ; --                        ;
; cmsdk_apb_subsystem:u_apb_subsystem|cmsdk_apb_uart:gen_apb_uart_1.u_apb_uart_1|reg_ctrl[1]                           ; FF_X42_Y35_N15     ; 7       ; Clock enable             ; no     ; --                   ; --               ; --                        ;
; cmsdk_apb_subsystem:u_apb_subsystem|cmsdk_apb_uart:gen_apb_uart_1.u_apb_uart_1|rx_state_inc                          ; LCCOMB_X41_Y38_N20 ; 11      ; Clock enable             ; no     ; --                   ; --               ; --                        ;
; cmsdk_apb_subsystem:u_apb_subsystem|cmsdk_apb_uart:gen_apb_uart_1.u_apb_uart_1|rx_state_update                       ; LCCOMB_X41_Y38_N0  ; 4       ; Clock enable             ; no     ; --                   ; --               ; --                        ;
; cmsdk_apb_subsystem:u_apb_subsystem|cmsdk_apb_uart:gen_apb_uart_1.u_apb_uart_1|rxbuf_sample                          ; LCCOMB_X41_Y38_N10 ; 11      ; Clock enable             ; no     ; --                   ; --               ; --                        ;
; cmsdk_apb_subsystem:u_apb_subsystem|cmsdk_apb_uart:gen_apb_uart_1.u_apb_uart_1|tx_state_update                       ; LCCOMB_X43_Y36_N12 ; 4       ; Sync. load               ; no     ; --                   ; --               ; --                        ;
; cmsdk_apb_subsystem:u_apb_subsystem|cmsdk_apb_uart:gen_apb_uart_1.u_apb_uart_1|update_rx_tick_cnt                    ; LCCOMB_X41_Y38_N6  ; 4       ; Clock enable             ; no     ; --                   ; --               ; --                        ;
; cmsdk_apb_subsystem:u_apb_subsystem|cmsdk_apb_uart:gen_apb_uart_1.u_apb_uart_1|write_enable00                        ; LCCOMB_X42_Y34_N20 ; 8       ; Clock enable             ; no     ; --                   ; --               ; --                        ;
; cmsdk_apb_subsystem:u_apb_subsystem|cmsdk_apb_uart:gen_apb_uart_1.u_apb_uart_1|write_enable08                        ; LCCOMB_X42_Y35_N24 ; 7       ; Clock enable             ; no     ; --                   ; --               ; --                        ;
; cmsdk_apb_subsystem:u_apb_subsystem|cmsdk_apb_uart:gen_apb_uart_1.u_apb_uart_1|write_enable10                        ; LCCOMB_X42_Y35_N8  ; 21      ; Clock enable             ; no     ; --                   ; --               ; --                        ;
; cmsdk_apb_subsystem:u_apb_subsystem|gpio:gen_apb_gpio_0.u_gpio_0|gpio_apbif:x_gpio_apbif|always22~0                  ; LCCOMB_X46_Y33_N20 ; 8       ; Clock enable             ; no     ; --                   ; --               ; --                        ;
; cmsdk_apb_subsystem:u_apb_subsystem|gpio:gen_apb_gpio_0.u_gpio_0|gpio_apbif:x_gpio_apbif|gpio_int_polarity_wen[3]~2  ; LCCOMB_X47_Y34_N22 ; 8       ; Clock enable             ; no     ; --                   ; --               ; --                        ;
; cmsdk_apb_subsystem:u_apb_subsystem|gpio:gen_apb_gpio_0.u_gpio_0|gpio_apbif:x_gpio_apbif|gpio_inten_wen[3]~2         ; LCCOMB_X47_Y34_N12 ; 8       ; Clock enable             ; no     ; --                   ; --               ; --                        ;
; cmsdk_apb_subsystem:u_apb_subsystem|gpio:gen_apb_gpio_0.u_gpio_0|gpio_apbif:x_gpio_apbif|gpio_intmask_wen[3]~1       ; LCCOMB_X47_Y34_N16 ; 8       ; Clock enable             ; no     ; --                   ; --               ; --                        ;
; cmsdk_apb_subsystem:u_apb_subsystem|gpio:gen_apb_gpio_0.u_gpio_0|gpio_apbif:x_gpio_apbif|gpio_inttype_level_wen[3]~2 ; LCCOMB_X47_Y34_N2  ; 8       ; Clock enable             ; no     ; --                   ; --               ; --                        ;
; cmsdk_apb_subsystem:u_apb_subsystem|gpio:gen_apb_gpio_0.u_gpio_0|gpio_apbif:x_gpio_apbif|gpio_ls_sync_wen[3]~0       ; LCCOMB_X47_Y33_N4  ; 8       ; Clock enable             ; no     ; --                   ; --               ; --                        ;
; cmsdk_apb_subsystem:u_apb_subsystem|gpio:gen_apb_gpio_0.u_gpio_0|gpio_apbif:x_gpio_apbif|gpio_swporta_ddr_wen[3]~1   ; LCCOMB_X46_Y35_N28 ; 8       ; Clock enable             ; no     ; --                   ; --               ; --                        ;
; cmsdk_apb_subsystem:u_apb_subsystem|gpio:gen_apb_gpio_0.u_gpio_0|gpio_apbif:x_gpio_apbif|gpio_swporta_dr_wen[3]~4    ; LCCOMB_X47_Y33_N2  ; 8       ; Clock enable             ; no     ; --                   ; --               ; --                        ;
; cmsdk_apb_subsystem:u_apb_subsystem|gpio:gen_apb_gpio_0.u_gpio_0|gpio_apbif:x_gpio_apbif|int_gpio_swporta_ddr[0]     ; FF_X47_Y35_N13     ; 4       ; Output enable            ; no     ; --                   ; --               ; --                        ;
; cmsdk_apb_subsystem:u_apb_subsystem|gpio:gen_apb_gpio_0.u_gpio_0|gpio_apbif:x_gpio_apbif|int_gpio_swporta_ddr[1]     ; FF_X47_Y35_N7      ; 4       ; Output enable            ; no     ; --                   ; --               ; --                        ;
; cmsdk_apb_subsystem:u_apb_subsystem|gpio:gen_apb_gpio_0.u_gpio_0|gpio_apbif:x_gpio_apbif|int_gpio_swporta_ddr[2]     ; FF_X47_Y35_N29     ; 4       ; Output enable            ; no     ; --                   ; --               ; --                        ;
; cmsdk_apb_subsystem:u_apb_subsystem|gpio:gen_apb_gpio_0.u_gpio_0|gpio_apbif:x_gpio_apbif|int_gpio_swporta_ddr[3]     ; FF_X47_Y35_N11     ; 4       ; Output enable            ; no     ; --                   ; --               ; --                        ;
; cmsdk_apb_subsystem:u_apb_subsystem|gpio:gen_apb_gpio_0.u_gpio_0|gpio_apbif:x_gpio_apbif|int_gpio_swporta_ddr[4]     ; FF_X47_Y35_N5      ; 4       ; Output enable            ; no     ; --                   ; --               ; --                        ;
; cmsdk_apb_subsystem:u_apb_subsystem|gpio:gen_apb_gpio_0.u_gpio_0|gpio_apbif:x_gpio_apbif|int_gpio_swporta_ddr[5]     ; FF_X47_Y35_N23     ; 4       ; Output enable            ; no     ; --                   ; --               ; --                        ;
; cmsdk_apb_subsystem:u_apb_subsystem|gpio:gen_apb_gpio_0.u_gpio_0|gpio_apbif:x_gpio_apbif|int_gpio_swporta_ddr[6]     ; FF_X47_Y35_N21     ; 4       ; Output enable            ; no     ; --                   ; --               ; --                        ;
; cmsdk_apb_subsystem:u_apb_subsystem|gpio:gen_apb_gpio_0.u_gpio_0|gpio_apbif:x_gpio_apbif|int_gpio_swporta_ddr[7]     ; FF_X47_Y35_N15     ; 4       ; Output enable            ; no     ; --                   ; --               ; --                        ;
; tdo_enable                                                                                                           ; LCCOMB_X50_Y44_N4  ; 1       ; Output enable            ; no     ; --                   ; --               ; --                        ;
+----------------------------------------------------------------------------------------------------------------------+--------------------+---------+--------------------------+--------+----------------------+------------------+---------------------------+


+----------------------------------------------------------------------------------------------------------------------------------------------------------------------------------------------------------------------------------+
; Global & Other Fast Signals                                                                                                                                                                                                      ;
+----------------------------------------------------------------------------------------+------------------+---------+--------------------------------------+----------------------+------------------+---------------------------+
; Name                                                                                   ; Location         ; Fan-Out ; Fan-Out Using Intentional Clock Skew ; Global Resource Used ; Global Line Name ; Enable Signal Source Name ;
+----------------------------------------------------------------------------------------+------------------+---------+--------------------------------------+----------------------+------------------+---------------------------+
; CLK                                                                                    ; PIN_M8           ; 5253    ; 3226                                 ; Global Clock         ; GCLK3            ; --                        ;
; CORTEXM3INTEGRATIONDS:u_CORTEXM3INTEGRATION|cortexm3ds_logic:u_cortexm3ds_logic|H8bdt6 ; LCCOMB_X45_Y1_N0 ; 1725    ; 0                                    ; Global Clock         ; GCLK15           ; --                        ;
; CORTEXM3INTEGRATIONDS:u_CORTEXM3INTEGRATION|cortexm3ds_logic:u_cortexm3ds_logic|Ik2nz6 ; FF_X45_Y1_N13    ; 867     ; 0                                    ; Global Clock         ; GCLK16           ; --                        ;
; CORTEXM3INTEGRATIONDS:u_CORTEXM3INTEGRATION|cortexm3ds_logic:u_cortexm3ds_logic|Ym2nz6 ; FF_X45_Y1_N5     ; 281     ; 0                                    ; Global Clock         ; GCLK17           ; --                        ;
; RESETn                                                                                 ; PIN_N4           ; 461     ; 0                                    ; Global Clock         ; GCLK2            ; --                        ;
; TCK                                                                                    ; PIN_M9           ; 327     ; 53                                   ; Global Clock         ; GCLK4            ; --                        ;
+----------------------------------------------------------------------------------------+------------------+---------+--------------------------------------+----------------------+------------------+---------------------------+


+----------------------------------------------------------------------------------------------------------------------------------------------------------------------------------------------------------------------------------------------------------------------------------------------------------------------------------------------------------------------------------------------------------------------------------------------------------------------------------------------------------------------------------------------------------------------------------------------------------------------------------------------------------------------------------------------------------------------------------------------------------------------------------------------------------------------------------------------------------------------------------------------------------------------------------------------------------------------------------------------------------------------------------------------------------------------------------------------------------------------------------------------------------------------------------------------------------------------------------------------------------------------------------------------------------------------------------------------------------------------------------------------------------------------------------------------------------------------------------------------------------------------------------------------------------------------------------------------------------------------------------------------------------------+
; Fitter RAM Summary                                                                                                                                                                                                                                                                                                                                                                                                                                                                                                                                                                                                                                                                                                                                                                                                                                                                                                                                                                                                                                                                                                                                                                                                                                                                                                                                                                                                                                                                                                                                                                                                                                             ;
+----------------------------------------------------------------------------------+------+------------------+--------------+--------------+--------------+--------------+--------------+------------------------+-------------------------+------------------------+-------------------------+--------+-----------------------------+-----------------------------+-----------------------------+-----------------------------+---------------------+------+------+----------------------------------------------------------------------------------------------------------------------------------------------------------------------------------------------------------------------------------------------------------------------------------------------------------------------------------------------------------------------------------------------------------------------------------------------------------------------------------------------------------------------------------------------------------------------------------------------------------------------------------------------------------------------------------------------------------------------------------------------------------------------------------------------------------------------------------------------------------------------------------------------------------------------------------------------------------------------------------------------------------------------------------------------------------------+----------------------+------------------------+------------------------+----------+------------------------+---------------+
; Name                                                                             ; Type ; Mode             ; Clock Mode   ; Port A Depth ; Port A Width ; Port B Depth ; Port B Width ; Port A Input Registers ; Port A Output Registers ; Port B Input Registers ; Port B Output Registers ; Size   ; Implementation Port A Depth ; Implementation Port A Width ; Implementation Port B Depth ; Implementation Port B Width ; Implementation Bits ; M9Ks ; MIF  ; Location                                                                                                                                                                                                                                                                                                                                                                                                                                                                                                                                                                                                                                                                                                                                                                                                                                                                                                                                                                                                                                                       ; Mixed Width RDW Mode ; Port A RDW Mode        ; Port B RDW Mode        ; ECC Mode ; ECC Pipeline Registers ; Fits in MLABs ;
+----------------------------------------------------------------------------------+------+------------------+--------------+--------------+--------------+--------------+--------------+------------------------+-------------------------+------------------------+-------------------------+--------+-----------------------------+-----------------------------+-----------------------------+-----------------------------+---------------------+------+------+----------------------------------------------------------------------------------------------------------------------------------------------------------------------------------------------------------------------------------------------------------------------------------------------------------------------------------------------------------------------------------------------------------------------------------------------------------------------------------------------------------------------------------------------------------------------------------------------------------------------------------------------------------------------------------------------------------------------------------------------------------------------------------------------------------------------------------------------------------------------------------------------------------------------------------------------------------------------------------------------------------------------------------------------------------------+----------------------+------------------------+------------------------+----------+------------------------+---------------+
; AHB2MEM:U_SRAM|altsyncram:memory_rtl_0|altsyncram_6kg1:auto_generated|ALTSYNCRAM ; AUTO ; Simple Dual Port ; Single Clock ; 16384        ; 32           ; 16384        ; 32           ; yes                    ; no                      ; yes                    ; no                      ; 524288 ; 16384                       ; 32                          ; 16384                       ; 32                          ; 524288              ; 64   ; None ; M9K_X53_Y24_N0, M9K_X53_Y25_N0, M9K_X73_Y25_N0, M9K_X73_Y22_N0, M9K_X53_Y30_N0, M9K_X73_Y30_N0, M9K_X53_Y33_N0, M9K_X53_Y34_N0, M9K_X73_Y29_N0, M9K_X73_Y28_N0, M9K_X53_Y45_N0, M9K_X53_Y43_N0, M9K_X33_Y23_N0, M9K_X33_Y27_N0, M9K_X53_Y32_N0, M9K_X53_Y39_N0, M9K_X53_Y28_N0, M9K_X53_Y31_N0, M9K_X73_Y32_N0, M9K_X73_Y36_N0, M9K_X33_Y31_N0, M9K_X33_Y35_N0, M9K_X73_Y33_N0, M9K_X73_Y38_N0, M9K_X53_Y26_N0, M9K_X73_Y26_N0, M9K_X53_Y49_N0, M9K_X53_Y50_N0, M9K_X33_Y29_N0, M9K_X53_Y29_N0, M9K_X53_Y36_N0, M9K_X53_Y35_N0, M9K_X33_Y25_N0, M9K_X33_Y24_N0, M9K_X33_Y34_N0, M9K_X33_Y36_N0, M9K_X33_Y21_N0, M9K_X33_Y22_N0, M9K_X33_Y30_N0, M9K_X33_Y32_N0, M9K_X53_Y46_N0, M9K_X53_Y44_N0, M9K_X53_Y21_N0, M9K_X53_Y22_N0, M9K_X73_Y34_N0, M9K_X53_Y42_N0, M9K_X33_Y38_N0, M9K_X53_Y40_N0, M9K_X33_Y26_N0, M9K_X33_Y28_N0, M9K_X53_Y37_N0, M9K_X53_Y38_N0, M9K_X73_Y27_N0, M9K_X73_Y23_N0, M9K_X53_Y23_N0, M9K_X73_Y24_N0, M9K_X53_Y51_N0, M9K_X53_Y47_N0, M9K_X73_Y31_N0, M9K_X73_Y35_N0, M9K_X53_Y41_N0, M9K_X53_Y27_N0, M9K_X33_Y37_N0, M9K_X33_Y33_N0 ; Old data             ; New data with NBE Read ; New data with NBE Read ; Off      ; No                     ; No - Unknown  ;
+----------------------------------------------------------------------------------+------+------------------+--------------+--------------+--------------+--------------+--------------+------------------------+-------------------------+------------------------+-------------------------+--------+-----------------------------+-----------------------------+-----------------------------+-----------------------------+---------------------+------+------+----------------------------------------------------------------------------------------------------------------------------------------------------------------------------------------------------------------------------------------------------------------------------------------------------------------------------------------------------------------------------------------------------------------------------------------------------------------------------------------------------------------------------------------------------------------------------------------------------------------------------------------------------------------------------------------------------------------------------------------------------------------------------------------------------------------------------------------------------------------------------------------------------------------------------------------------------------------------------------------------------------------------------------------------------------------+----------------------+------------------------+------------------------+----------+------------------------+---------------+
Note: Fitter may spread logical memories into multiple blocks to improve timing. The actual required RAM blocks can be found in the Fitter Resource Usage section.


+-----------------------------------------------------------------------------------------------+
; Fitter DSP Block Usage Summary                                                                ;
+---------------------------------------+-------------+---------------------+-------------------+
; Statistic                             ; Number Used ; Available per Block ; Maximum Available ;
+---------------------------------------+-------------+---------------------+-------------------+
; Simple Multipliers (9-bit)            ; 0           ; 2                   ; 288               ;
; Simple Multipliers (18-bit)           ; 3           ; 1                   ; 144               ;
; Embedded Multiplier Blocks            ; 3           ; --                  ; 144               ;
; Embedded Multiplier 9-bit elements    ; 6           ; 2                   ; 288               ;
; Signed Embedded Multipliers           ; 0           ; --                  ; --                ;
; Unsigned Embedded Multipliers         ; 3           ; --                  ; --                ;
; Mixed Sign Embedded Multipliers       ; 0           ; --                  ; --                ;
; Variable Sign Embedded Multipliers    ; 0           ; --                  ; --                ;
; Dedicated Input Shift Register Chains ; 0           ; --                  ; --                ;
+---------------------------------------+-------------+---------------------+-------------------+


+------------------------------------------------------------------------------------------------------------------------------------------------------------------------------------------------------------------------------------------------------------------------------------------------------------------------------------+
; DSP Block Details                                                                                                                                                                                                                                                                                                                  ;
+-------------------------------------------------------------------------------------------------------------------------------------+----------------------------+--------------------+---------------------+--------------------------------+-----------------------+-----------------------+-------------------+-----------------+
; Name                                                                                                                                ; Mode                       ; Location           ; Sign Representation ; Has Input Shift Register Chain ; Data A Input Register ; Data B Input Register ; Pipeline Register ; Output Register ;
+-------------------------------------------------------------------------------------------------------------------------------------+----------------------------+--------------------+---------------------+--------------------------------+-----------------------+-----------------------+-------------------+-----------------+
; CORTEXM3INTEGRATIONDS:u_CORTEXM3INTEGRATION|cortexm3ds_logic:u_cortexm3ds_logic|lpm_mult:Mult0|mult_tns:auto_generated|mac_out4     ; Simple Multiplier (18-bit) ; DSPOUT_X28_Y22_N2  ;                     ; No                             ;                       ;                       ;                   ; no              ;
;    CORTEXM3INTEGRATIONDS:u_CORTEXM3INTEGRATION|cortexm3ds_logic:u_cortexm3ds_logic|lpm_mult:Mult0|mult_tns:auto_generated|mac_mult3 ;                            ; DSPMULT_X28_Y22_N0 ; Unsigned            ;                                ; no                    ; no                    ; no                ;                 ;
; CORTEXM3INTEGRATIONDS:u_CORTEXM3INTEGRATION|cortexm3ds_logic:u_cortexm3ds_logic|lpm_mult:Mult0|mult_tns:auto_generated|mac_out6     ; Simple Multiplier (18-bit) ; DSPOUT_X28_Y21_N2  ;                     ; No                             ;                       ;                       ;                   ; no              ;
;    CORTEXM3INTEGRATIONDS:u_CORTEXM3INTEGRATION|cortexm3ds_logic:u_cortexm3ds_logic|lpm_mult:Mult0|mult_tns:auto_generated|mac_mult5 ;                            ; DSPMULT_X28_Y21_N0 ; Unsigned            ;                                ; no                    ; no                    ; no                ;                 ;
; CORTEXM3INTEGRATIONDS:u_CORTEXM3INTEGRATION|cortexm3ds_logic:u_cortexm3ds_logic|lpm_mult:Mult0|mult_tns:auto_generated|w513w[0]     ; Simple Multiplier (18-bit) ; DSPOUT_X28_Y23_N2  ;                     ; No                             ;                       ;                       ;                   ; no              ;
;    CORTEXM3INTEGRATIONDS:u_CORTEXM3INTEGRATION|cortexm3ds_logic:u_cortexm3ds_logic|lpm_mult:Mult0|mult_tns:auto_generated|mac_mult1 ;                            ; DSPMULT_X28_Y23_N0 ; Unsigned            ;                                ; no                    ; no                    ; no                ;                 ;
+-------------------------------------------------------------------------------------------------------------------------------------+----------------------------+--------------------+---------------------+--------------------------------+-----------------------+-----------------------+-------------------+-----------------+


+---------------------------------------------------+
; Routing Usage Summary                             ;
+-----------------------+---------------------------+
; Routing Resource Type ; Usage                     ;
+-----------------------+---------------------------+
; Block interconnects   ; 43,268 / 148,641 ( 29 % ) ;
; C16 interconnects     ; 976 / 5,382 ( 18 % )      ;
; C4 interconnects      ; 28,591 / 106,704 ( 27 % ) ;
; Direct links          ; 4,307 / 148,641 ( 3 % )   ;
; Global clocks         ; 6 / 20 ( 30 % )           ;
; Local interconnects   ; 13,031 / 49,760 ( 26 % )  ;
; NSLEEPs               ; 0 / 500 ( 0 % )           ;
; R24 interconnects     ; 1,162 / 5,406 ( 21 % )    ;
; R4 interconnects      ; 34,651 / 147,764 ( 23 % ) ;
+-----------------------+---------------------------+


+------------------------------------------------------------------------------+
; LAB Logic Elements                                                           ;
+---------------------------------------------+--------------------------------+
; Number of Logic Elements  (Average = 13.77) ; Number of LABs  (Total = 1654) ;
+---------------------------------------------+--------------------------------+
; 1                                           ; 35                             ;
; 2                                           ; 26                             ;
; 3                                           ; 22                             ;
; 4                                           ; 18                             ;
; 5                                           ; 21                             ;
; 6                                           ; 16                             ;
; 7                                           ; 30                             ;
; 8                                           ; 29                             ;
; 9                                           ; 28                             ;
; 10                                          ; 32                             ;
; 11                                          ; 29                             ;
; 12                                          ; 60                             ;
; 13                                          ; 74                             ;
; 14                                          ; 109                            ;
; 15                                          ; 184                            ;
; 16                                          ; 941                            ;
+---------------------------------------------+--------------------------------+


+---------------------------------------------------------------------+
; LAB-wide Signals                                                    ;
+------------------------------------+--------------------------------+
; LAB-wide Signals  (Average = 1.69) ; Number of LABs  (Total = 1654) ;
+------------------------------------+--------------------------------+
; 1 Async. clear                     ; 783                            ;
; 1 Clock                            ; 1141                           ;
; 1 Clock enable                     ; 406                            ;
; 1 Sync. clear                      ; 2                              ;
; 1 Sync. load                       ; 40                             ;
; 2 Async. clears                    ; 54                             ;
; 2 Clock enables                    ; 349                            ;
; 2 Clocks                           ; 18                             ;
+------------------------------------+--------------------------------+


+-------------------------------------------------------------------------------+
; LAB Signals Sourced                                                           ;
+----------------------------------------------+--------------------------------+
; Number of Signals Sourced  (Average = 17.08) ; Number of LABs  (Total = 1654) ;
+----------------------------------------------+--------------------------------+
; 0                                            ; 0                              ;
; 1                                            ; 25                             ;
; 2                                            ; 26                             ;
; 3                                            ; 13                             ;
; 4                                            ; 20                             ;
; 5                                            ; 17                             ;
; 6                                            ; 12                             ;
; 7                                            ; 13                             ;
; 8                                            ; 26                             ;
; 9                                            ; 23                             ;
; 10                                           ; 19                             ;
; 11                                           ; 25                             ;
; 12                                           ; 41                             ;
; 13                                           ; 32                             ;
; 14                                           ; 65                             ;
; 15                                           ; 96                             ;
; 16                                           ; 300                            ;
; 17                                           ; 125                            ;
; 18                                           ; 114                            ;
; 19                                           ; 114                            ;
; 20                                           ; 121                            ;
; 21                                           ; 94                             ;
; 22                                           ; 120                            ;
; 23                                           ; 53                             ;
; 24                                           ; 40                             ;
; 25                                           ; 30                             ;
; 26                                           ; 23                             ;
; 27                                           ; 14                             ;
; 28                                           ; 18                             ;
; 29                                           ; 7                              ;
; 30                                           ; 3                              ;
; 31                                           ; 10                             ;
; 32                                           ; 15                             ;
+----------------------------------------------+--------------------------------+


+----------------------------------------------------------------------------------+
; LAB Signals Sourced Out                                                          ;
+-------------------------------------------------+--------------------------------+
; Number of Signals Sourced Out  (Average = 9.38) ; Number of LABs  (Total = 1654) ;
+-------------------------------------------------+--------------------------------+
; 0                                               ; 0                              ;
; 1                                               ; 52                             ;
; 2                                               ; 52                             ;
; 3                                               ; 45                             ;
; 4                                               ; 76                             ;
; 5                                               ; 94                             ;
; 6                                               ; 114                            ;
; 7                                               ; 143                            ;
; 8                                               ; 171                            ;
; 9                                               ; 154                            ;
; 10                                              ; 131                            ;
; 11                                              ; 124                            ;
; 12                                              ; 115                            ;
; 13                                              ; 87                             ;
; 14                                              ; 64                             ;
; 15                                              ; 63                             ;
; 16                                              ; 68                             ;
; 17                                              ; 38                             ;
; 18                                              ; 20                             ;
; 19                                              ; 15                             ;
; 20                                              ; 13                             ;
; 21                                              ; 6                              ;
; 22                                              ; 3                              ;
; 23                                              ; 1                              ;
; 24                                              ; 2                              ;
; 25                                              ; 1                              ;
; 26                                              ; 0                              ;
; 27                                              ; 0                              ;
; 28                                              ; 0                              ;
; 29                                              ; 0                              ;
; 30                                              ; 0                              ;
; 31                                              ; 1                              ;
; 32                                              ; 1                              ;
+-------------------------------------------------+--------------------------------+


+-------------------------------------------------------------------------------+
; LAB Distinct Inputs                                                           ;
+----------------------------------------------+--------------------------------+
; Number of Distinct Inputs  (Average = 23.97) ; Number of LABs  (Total = 1654) ;
+----------------------------------------------+--------------------------------+
; 0                                            ; 0                              ;
; 1                                            ; 0                              ;
; 2                                            ; 6                              ;
; 3                                            ; 11                             ;
; 4                                            ; 17                             ;
; 5                                            ; 10                             ;
; 6                                            ; 13                             ;
; 7                                            ; 16                             ;
; 8                                            ; 19                             ;
; 9                                            ; 17                             ;
; 10                                           ; 15                             ;
; 11                                           ; 19                             ;
; 12                                           ; 23                             ;
; 13                                           ; 39                             ;
; 14                                           ; 45                             ;
; 15                                           ; 34                             ;
; 16                                           ; 53                             ;
; 17                                           ; 53                             ;
; 18                                           ; 57                             ;
; 19                                           ; 49                             ;
; 20                                           ; 52                             ;
; 21                                           ; 70                             ;
; 22                                           ; 77                             ;
; 23                                           ; 68                             ;
; 24                                           ; 58                             ;
; 25                                           ; 55                             ;
; 26                                           ; 76                             ;
; 27                                           ; 67                             ;
; 28                                           ; 61                             ;
; 29                                           ; 61                             ;
; 30                                           ; 65                             ;
; 31                                           ; 60                             ;
; 32                                           ; 69                             ;
; 33                                           ; 72                             ;
; 34                                           ; 60                             ;
; 35                                           ; 58                             ;
; 36                                           ; 56                             ;
; 37                                           ; 45                             ;
; 38                                           ; 27                             ;
; 39                                           ; 1                              ;
+----------------------------------------------+--------------------------------+


+------------------------------------------+
; I/O Rules Summary                        ;
+----------------------------------+-------+
; I/O Rules Statistic              ; Total ;
+----------------------------------+-------+
; Total I/O Rules                  ; 30    ;
; Number of I/O Rules Passed       ; 9     ;
; Number of I/O Rules Failed       ; 0     ;
; Number of I/O Rules Unchecked    ; 0     ;
; Number of I/O Rules Inapplicable ; 21    ;
+----------------------------------+-------+


+-----------------------------------------------------------------------------------------------------------------------------------------------------------------------------------------------------------------------------------------------------------------------------------------------------+
; I/O Rules Details                                                                                                                                                                                                                                                                                   ;
+--------------+-----------+-----------------------------------+------------------------------------------------------------------------------------------------------+----------+--------------------------------------------------------------------------+---------------------+-------------------+
; Status       ; ID        ; Category                          ; Rule Description                                                                                     ; Severity ; Information                                                              ; Area                ; Extra Information ;
+--------------+-----------+-----------------------------------+------------------------------------------------------------------------------------------------------+----------+--------------------------------------------------------------------------+---------------------+-------------------+
; Inapplicable ; IO_000001 ; Capacity Checks                   ; Number of pins in an I/O bank should not exceed the number of locations available.                   ; Critical ; No Location assignments found.                                           ; I/O                 ;                   ;
; Inapplicable ; IO_000002 ; Capacity Checks                   ; Number of clocks in an I/O bank should not exceed the number of clocks available.                    ; Critical ; No Global Signal assignments found.                                      ; I/O                 ;                   ;
; Inapplicable ; IO_000003 ; Capacity Checks                   ; Number of pins in a Vrefgroup should not exceed the number of locations available.                   ; Critical ; No Location assignments found.                                           ; I/O                 ;                   ;
; Inapplicable ; IO_000004 ; Voltage Compatibility Checks      ; The I/O bank should support the requested VCCIO.                                                     ; Critical ; No IOBANK_VCCIO assignments found.                                       ; I/O                 ;                   ;
; Inapplicable ; IO_000005 ; Voltage Compatibility Checks      ; The I/O bank should not have competing VREF values.                                                  ; Critical ; No VREF I/O Standard assignments found.                                  ; I/O                 ;                   ;
; Pass         ; IO_000006 ; Voltage Compatibility Checks      ; The I/O bank should not have competing VCCIO values.                                                 ; Critical ; 0 such failures found.                                                   ; I/O                 ;                   ;
; Inapplicable ; IO_000007 ; Valid Location Checks             ; Checks for unavailable locations.                                                                    ; Critical ; No Location assignments found.                                           ; I/O                 ;                   ;
; Inapplicable ; IO_000008 ; Valid Location Checks             ; Checks for reserved locations.                                                                       ; Critical ; No reserved LogicLock region found.                                      ; I/O                 ;                   ;
; Pass         ; IO_000009 ; I/O Properties Checks for One I/O ; The location should support the requested I/O standard.                                              ; Critical ; 0 such failures found.                                                   ; I/O                 ;                   ;
; Pass         ; IO_000010 ; I/O Properties Checks for One I/O ; The location should support the requested I/O direction.                                             ; Critical ; 0 such failures found.                                                   ; I/O                 ;                   ;
; Inapplicable ; IO_000011 ; I/O Properties Checks for One I/O ; The location should support the requested Current Strength.                                          ; Critical ; No Current Strength assignments found.                                   ; I/O                 ;                   ;
; Pass         ; IO_000012 ; I/O Properties Checks for One I/O ; The location should support the requested On Chip Termination value.                                 ; Critical ; 0 such failures found.                                                   ; I/O                 ;                   ;
; Inapplicable ; IO_000013 ; I/O Properties Checks for One I/O ; The location should support the requested Bus Hold value.                                            ; Critical ; No Enable Bus-Hold Circuitry assignments found.                          ; I/O                 ;                   ;
; Inapplicable ; IO_000014 ; I/O Properties Checks for One I/O ; The location should support the requested Weak Pull Up value.                                        ; Critical ; No Weak Pull-Up Resistor assignments found.                              ; I/O                 ;                   ;
; Pass         ; IO_000015 ; I/O Properties Checks for One I/O ; The location should support the requested PCI Clamp Diode.                                           ; Critical ; 0 such failures found.                                                   ; I/O                 ;                   ;
; Inapplicable ; IO_000018 ; I/O Properties Checks for One I/O ; The I/O standard should support the requested Current Strength.                                      ; Critical ; No Current Strength assignments found.                                   ; I/O                 ;                   ;
; Pass         ; IO_000019 ; I/O Properties Checks for One I/O ; The I/O standard should support the requested On Chip Termination value.                             ; Critical ; 0 such failures found.                                                   ; I/O                 ;                   ;
; Pass         ; IO_000020 ; I/O Properties Checks for One I/O ; The I/O standard should support the requested PCI Clamp Diode.                                       ; Critical ; 0 such failures found.                                                   ; I/O                 ;                   ;
; Inapplicable ; IO_000021 ; I/O Properties Checks for One I/O ; The I/O standard should support the requested Weak Pull Up value.                                    ; Critical ; No Weak Pull-Up Resistor assignments found.                              ; I/O                 ;                   ;
; Inapplicable ; IO_000022 ; I/O Properties Checks for One I/O ; The I/O standard should support the requested Bus Hold value.                                        ; Critical ; No Enable Bus-Hold Circuitry assignments found.                          ; I/O                 ;                   ;
; Inapplicable ; IO_000023 ; I/O Properties Checks for One I/O ; The I/O standard should support the Open Drain value.                                                ; Critical ; No open drain assignments found.                                         ; I/O                 ;                   ;
; Pass         ; IO_000024 ; I/O Properties Checks for One I/O ; The I/O direction should support the On Chip Termination value.                                      ; Critical ; 0 such failures found.                                                   ; I/O                 ;                   ;
; Inapplicable ; IO_000026 ; I/O Properties Checks for One I/O ; On Chip Termination and Current Strength should not be used at the same time.                        ; Critical ; No Current Strength assignments found.                                   ; I/O                 ;                   ;
; Inapplicable ; IO_000027 ; I/O Properties Checks for One I/O ; Weak Pull Up and Bus Hold should not be used at the same time.                                       ; Critical ; No Enable Bus-Hold Circuitry or Weak Pull-Up Resistor assignments found. ; I/O                 ;                   ;
; Inapplicable ; IO_000045 ; I/O Properties Checks for One I/O ; The I/O standard should support the requested Slew Rate value.                                       ; Critical ; No Slew Rate assignments found.                                          ; I/O                 ;                   ;
; Inapplicable ; IO_000046 ; I/O Properties Checks for One I/O ; The location should support the requested Slew Rate value.                                           ; Critical ; No Slew Rate assignments found.                                          ; I/O                 ;                   ;
; Inapplicable ; IO_000047 ; I/O Properties Checks for One I/O ; On Chip Termination and Slew Rate should not be used at the same time.                               ; Critical ; No Slew Rate assignments found.                                          ; I/O                 ;                   ;
; Pass         ; IO_000033 ; Electromigration Checks           ; Current density for consecutive I/Os should not exceed 160mA for row I/Os and 160mA for column I/Os. ; Critical ; 0 such failures found.                                                   ; I/O                 ;                   ;
; Inapplicable ; IO_000034 ; SI Related Distance Checks        ; Single-ended outputs should be 5 LAB row(s) away from a differential I/O.                            ; High     ; No Differential I/O Standard assignments found.                          ; I/O                 ;                   ;
; Inapplicable ; IO_000042 ; SI Related SSO Limit Checks       ; No more than 20 outputs are allowed in a VREF group when VREF is being read from.                    ; High     ; No VREF I/O Standard assignments found.                                  ; I/O                 ;                   ;
; ----         ; ----      ; Disclaimer                        ; OCT rules are checked but not reported.                                                              ; None     ; ----                                                                     ; On Chip Termination ;                   ;
+--------------+-----------+-----------------------------------+------------------------------------------------------------------------------------------------------+----------+--------------------------------------------------------------------------+---------------------+-------------------+


+---------------------------------------------------------------------------------------------------------------------------------------------------------------------------------------------------------------------------------------------------------------------------------------------------------------------------------------------------------------------------------------------------------------------------------------------------------------------------+
; I/O Rules Matrix                                                                                                                                                                                                                                                                                                                                                                                                                                                          ;
+---------------------+--------------+--------------+--------------+--------------+--------------+-----------+--------------+--------------+-----------+-----------+--------------+--------------+--------------+--------------+--------------+--------------+--------------+--------------+--------------+--------------+--------------+--------------+--------------+--------------+--------------+--------------+--------------+-----------+--------------+--------------+
; Pin/Rules           ; IO_000001    ; IO_000002    ; IO_000003    ; IO_000004    ; IO_000005    ; IO_000006 ; IO_000007    ; IO_000008    ; IO_000009 ; IO_000010 ; IO_000011    ; IO_000012    ; IO_000013    ; IO_000014    ; IO_000015    ; IO_000018    ; IO_000019    ; IO_000020    ; IO_000021    ; IO_000022    ; IO_000023    ; IO_000024    ; IO_000026    ; IO_000027    ; IO_000045    ; IO_000046    ; IO_000047    ; IO_000033 ; IO_000034    ; IO_000042    ;
+---------------------+--------------+--------------+--------------+--------------+--------------+-----------+--------------+--------------+-----------+-----------+--------------+--------------+--------------+--------------+--------------+--------------+--------------+--------------+--------------+--------------+--------------+--------------+--------------+--------------+--------------+--------------+--------------+-----------+--------------+--------------+
; Total Pass          ; 0            ; 0            ; 0            ; 0            ; 0            ; 20        ; 0            ; 0            ; 20        ; 20        ; 0            ; 12           ; 0            ; 0            ; 18           ; 0            ; 12           ; 18           ; 0            ; 0            ; 0            ; 12           ; 0            ; 0            ; 0            ; 0            ; 0            ; 20        ; 0            ; 0            ;
; Total Unchecked     ; 0            ; 0            ; 0            ; 0            ; 0            ; 0         ; 0            ; 0            ; 0         ; 0         ; 0            ; 0            ; 0            ; 0            ; 0            ; 0            ; 0            ; 0            ; 0            ; 0            ; 0            ; 0            ; 0            ; 0            ; 0            ; 0            ; 0            ; 0         ; 0            ; 0            ;
; Total Inapplicable  ; 20           ; 20           ; 20           ; 20           ; 20           ; 0         ; 20           ; 20           ; 0         ; 0         ; 20           ; 8            ; 20           ; 20           ; 2            ; 20           ; 8            ; 2            ; 20           ; 20           ; 20           ; 8            ; 20           ; 20           ; 20           ; 20           ; 20           ; 0         ; 20           ; 20           ;
; Total Fail          ; 0            ; 0            ; 0            ; 0            ; 0            ; 0         ; 0            ; 0            ; 0         ; 0         ; 0            ; 0            ; 0            ; 0            ; 0            ; 0            ; 0            ; 0            ; 0            ; 0            ; 0            ; 0            ; 0            ; 0            ; 0            ; 0            ; 0            ; 0         ; 0            ; 0            ;
; TDO                 ; Inapplicable ; Inapplicable ; Inapplicable ; Inapplicable ; Inapplicable ; Pass      ; Inapplicable ; Inapplicable ; Pass      ; Pass      ; Inapplicable ; Pass         ; Inapplicable ; Inapplicable ; Pass         ; Inapplicable ; Pass         ; Pass         ; Inapplicable ; Inapplicable ; Inapplicable ; Pass         ; Inapplicable ; Inapplicable ; Inapplicable ; Inapplicable ; Inapplicable ; Pass      ; Inapplicable ; Inapplicable ;
; uart1_txd           ; Inapplicable ; Inapplicable ; Inapplicable ; Inapplicable ; Inapplicable ; Pass      ; Inapplicable ; Inapplicable ; Pass      ; Pass      ; Inapplicable ; Pass         ; Inapplicable ; Inapplicable ; Inapplicable ; Inapplicable ; Pass         ; Inapplicable ; Inapplicable ; Inapplicable ; Inapplicable ; Pass         ; Inapplicable ; Inapplicable ; Inapplicable ; Inapplicable ; Inapplicable ; Pass      ; Inapplicable ; Inapplicable ;
; uart2_rxd           ; Inapplicable ; Inapplicable ; Inapplicable ; Inapplicable ; Inapplicable ; Pass      ; Inapplicable ; Inapplicable ; Pass      ; Pass      ; Inapplicable ; Inapplicable ; Inapplicable ; Inapplicable ; Pass         ; Inapplicable ; Inapplicable ; Pass         ; Inapplicable ; Inapplicable ; Inapplicable ; Inapplicable ; Inapplicable ; Inapplicable ; Inapplicable ; Inapplicable ; Inapplicable ; Pass      ; Inapplicable ; Inapplicable ;
; uart2_txd           ; Inapplicable ; Inapplicable ; Inapplicable ; Inapplicable ; Inapplicable ; Pass      ; Inapplicable ; Inapplicable ; Pass      ; Pass      ; Inapplicable ; Pass         ; Inapplicable ; Inapplicable ; Inapplicable ; Inapplicable ; Pass         ; Inapplicable ; Inapplicable ; Inapplicable ; Inapplicable ; Pass         ; Inapplicable ; Inapplicable ; Inapplicable ; Inapplicable ; Inapplicable ; Pass      ; Inapplicable ; Inapplicable ;
; timer1_extin        ; Inapplicable ; Inapplicable ; Inapplicable ; Inapplicable ; Inapplicable ; Pass      ; Inapplicable ; Inapplicable ; Pass      ; Pass      ; Inapplicable ; Inapplicable ; Inapplicable ; Inapplicable ; Pass         ; Inapplicable ; Inapplicable ; Pass         ; Inapplicable ; Inapplicable ; Inapplicable ; Inapplicable ; Inapplicable ; Inapplicable ; Inapplicable ; Inapplicable ; Inapplicable ; Pass      ; Inapplicable ; Inapplicable ;
; TMS                 ; Inapplicable ; Inapplicable ; Inapplicable ; Inapplicable ; Inapplicable ; Pass      ; Inapplicable ; Inapplicable ; Pass      ; Pass      ; Inapplicable ; Pass         ; Inapplicable ; Inapplicable ; Pass         ; Inapplicable ; Pass         ; Pass         ; Inapplicable ; Inapplicable ; Inapplicable ; Pass         ; Inapplicable ; Inapplicable ; Inapplicable ; Inapplicable ; Inapplicable ; Pass      ; Inapplicable ; Inapplicable ;
; b_pad_gpio_porta[0] ; Inapplicable ; Inapplicable ; Inapplicable ; Inapplicable ; Inapplicable ; Pass      ; Inapplicable ; Inapplicable ; Pass      ; Pass      ; Inapplicable ; Pass         ; Inapplicable ; Inapplicable ; Pass         ; Inapplicable ; Pass         ; Pass         ; Inapplicable ; Inapplicable ; Inapplicable ; Pass         ; Inapplicable ; Inapplicable ; Inapplicable ; Inapplicable ; Inapplicable ; Pass      ; Inapplicable ; Inapplicable ;
; b_pad_gpio_porta[1] ; Inapplicable ; Inapplicable ; Inapplicable ; Inapplicable ; Inapplicable ; Pass      ; Inapplicable ; Inapplicable ; Pass      ; Pass      ; Inapplicable ; Pass         ; Inapplicable ; Inapplicable ; Pass         ; Inapplicable ; Pass         ; Pass         ; Inapplicable ; Inapplicable ; Inapplicable ; Pass         ; Inapplicable ; Inapplicable ; Inapplicable ; Inapplicable ; Inapplicable ; Pass      ; Inapplicable ; Inapplicable ;
; b_pad_gpio_porta[2] ; Inapplicable ; Inapplicable ; Inapplicable ; Inapplicable ; Inapplicable ; Pass      ; Inapplicable ; Inapplicable ; Pass      ; Pass      ; Inapplicable ; Pass         ; Inapplicable ; Inapplicable ; Pass         ; Inapplicable ; Pass         ; Pass         ; Inapplicable ; Inapplicable ; Inapplicable ; Pass         ; Inapplicable ; Inapplicable ; Inapplicable ; Inapplicable ; Inapplicable ; Pass      ; Inapplicable ; Inapplicable ;
; b_pad_gpio_porta[3] ; Inapplicable ; Inapplicable ; Inapplicable ; Inapplicable ; Inapplicable ; Pass      ; Inapplicable ; Inapplicable ; Pass      ; Pass      ; Inapplicable ; Pass         ; Inapplicable ; Inapplicable ; Pass         ; Inapplicable ; Pass         ; Pass         ; Inapplicable ; Inapplicable ; Inapplicable ; Pass         ; Inapplicable ; Inapplicable ; Inapplicable ; Inapplicable ; Inapplicable ; Pass      ; Inapplicable ; Inapplicable ;
; b_pad_gpio_porta[4] ; Inapplicable ; Inapplicable ; Inapplicable ; Inapplicable ; Inapplicable ; Pass      ; Inapplicable ; Inapplicable ; Pass      ; Pass      ; Inapplicable ; Pass         ; Inapplicable ; Inapplicable ; Pass         ; Inapplicable ; Pass         ; Pass         ; Inapplicable ; Inapplicable ; Inapplicable ; Pass         ; Inapplicable ; Inapplicable ; Inapplicable ; Inapplicable ; Inapplicable ; Pass      ; Inapplicable ; Inapplicable ;
; b_pad_gpio_porta[5] ; Inapplicable ; Inapplicable ; Inapplicable ; Inapplicable ; Inapplicable ; Pass      ; Inapplicable ; Inapplicable ; Pass      ; Pass      ; Inapplicable ; Pass         ; Inapplicable ; Inapplicable ; Pass         ; Inapplicable ; Pass         ; Pass         ; Inapplicable ; Inapplicable ; Inapplicable ; Pass         ; Inapplicable ; Inapplicable ; Inapplicable ; Inapplicable ; Inapplicable ; Pass      ; Inapplicable ; Inapplicable ;
; b_pad_gpio_porta[6] ; Inapplicable ; Inapplicable ; Inapplicable ; Inapplicable ; Inapplicable ; Pass      ; Inapplicable ; Inapplicable ; Pass      ; Pass      ; Inapplicable ; Pass         ; Inapplicable ; Inapplicable ; Pass         ; Inapplicable ; Pass         ; Pass         ; Inapplicable ; Inapplicable ; Inapplicable ; Pass         ; Inapplicable ; Inapplicable ; Inapplicable ; Inapplicable ; Inapplicable ; Pass      ; Inapplicable ; Inapplicable ;
; b_pad_gpio_porta[7] ; Inapplicable ; Inapplicable ; Inapplicable ; Inapplicable ; Inapplicable ; Pass      ; Inapplicable ; Inapplicable ; Pass      ; Pass      ; Inapplicable ; Pass         ; Inapplicable ; Inapplicable ; Pass         ; Inapplicable ; Pass         ; Pass         ; Inapplicable ; Inapplicable ; Inapplicable ; Pass         ; Inapplicable ; Inapplicable ; Inapplicable ; Inapplicable ; Inapplicable ; Pass      ; Inapplicable ; Inapplicable ;
; CLK                 ; Inapplicable ; Inapplicable ; Inapplicable ; Inapplicable ; Inapplicable ; Pass      ; Inapplicable ; Inapplicable ; Pass      ; Pass      ; Inapplicable ; Inapplicable ; Inapplicable ; Inapplicable ; Pass         ; Inapplicable ; Inapplicable ; Pass         ; Inapplicable ; Inapplicable ; Inapplicable ; Inapplicable ; Inapplicable ; Inapplicable ; Inapplicable ; Inapplicable ; Inapplicable ; Pass      ; Inapplicable ; Inapplicable ;
; RESETn              ; Inapplicable ; Inapplicable ; Inapplicable ; Inapplicable ; Inapplicable ; Pass      ; Inapplicable ; Inapplicable ; Pass      ; Pass      ; Inapplicable ; Inapplicable ; Inapplicable ; Inapplicable ; Pass         ; Inapplicable ; Inapplicable ; Pass         ; Inapplicable ; Inapplicable ; Inapplicable ; Inapplicable ; Inapplicable ; Inapplicable ; Inapplicable ; Inapplicable ; Inapplicable ; Pass      ; Inapplicable ; Inapplicable ;
; TCK                 ; Inapplicable ; Inapplicable ; Inapplicable ; Inapplicable ; Inapplicable ; Pass      ; Inapplicable ; Inapplicable ; Pass      ; Pass      ; Inapplicable ; Inapplicable ; Inapplicable ; Inapplicable ; Pass         ; Inapplicable ; Inapplicable ; Pass         ; Inapplicable ; Inapplicable ; Inapplicable ; Inapplicable ; Inapplicable ; Inapplicable ; Inapplicable ; Inapplicable ; Inapplicable ; Pass      ; Inapplicable ; Inapplicable ;
; TDI                 ; Inapplicable ; Inapplicable ; Inapplicable ; Inapplicable ; Inapplicable ; Pass      ; Inapplicable ; Inapplicable ; Pass      ; Pass      ; Inapplicable ; Inapplicable ; Inapplicable ; Inapplicable ; Pass         ; Inapplicable ; Inapplicable ; Pass         ; Inapplicable ; Inapplicable ; Inapplicable ; Inapplicable ; Inapplicable ; Inapplicable ; Inapplicable ; Inapplicable ; Inapplicable ; Pass      ; Inapplicable ; Inapplicable ;
; timer0_extin        ; Inapplicable ; Inapplicable ; Inapplicable ; Inapplicable ; Inapplicable ; Pass      ; Inapplicable ; Inapplicable ; Pass      ; Pass      ; Inapplicable ; Inapplicable ; Inapplicable ; Inapplicable ; Pass         ; Inapplicable ; Inapplicable ; Pass         ; Inapplicable ; Inapplicable ; Inapplicable ; Inapplicable ; Inapplicable ; Inapplicable ; Inapplicable ; Inapplicable ; Inapplicable ; Pass      ; Inapplicable ; Inapplicable ;
; uart1_rxd           ; Inapplicable ; Inapplicable ; Inapplicable ; Inapplicable ; Inapplicable ; Pass      ; Inapplicable ; Inapplicable ; Pass      ; Pass      ; Inapplicable ; Inapplicable ; Inapplicable ; Inapplicable ; Pass         ; Inapplicable ; Inapplicable ; Pass         ; Inapplicable ; Inapplicable ; Inapplicable ; Inapplicable ; Inapplicable ; Inapplicable ; Inapplicable ; Inapplicable ; Inapplicable ; Pass      ; Inapplicable ; Inapplicable ;
+---------------------+--------------+--------------+--------------+--------------+--------------+-----------+--------------+--------------+-----------+-----------+--------------+--------------+--------------+--------------+--------------+--------------+--------------+--------------+--------------+--------------+--------------+--------------+--------------+--------------+--------------+--------------+--------------+-----------+--------------+--------------+


+-------------------------------------------------------------------------------------------+
; Fitter Device Options                                                                     ;
+------------------------------------------------------------------+------------------------+
; Option                                                           ; Setting                ;
+------------------------------------------------------------------+------------------------+
; Enable user-supplied start-up clock (CLKUSR)                     ; Off                    ;
; Enable device-wide reset (DEV_CLRn)                              ; Off                    ;
; Enable device-wide output enable (DEV_OE)                        ; Off                    ;
; Enable INIT_DONE output                                          ; Off                    ;
; Configuration scheme                                             ; Internal Configuration ;
; Enable Error Detection CRC_ERROR pin                             ; Off                    ;
; Enable open drain on CRC_ERROR pin                               ; Off                    ;
; Enable nCONFIG, nSTATUS, and CONF_DONE pins                      ; On                     ;
; Enable JTAG pin sharing                                          ; Off                    ;
; Enable nCE pin                                                   ; Off                    ;
; Enable CONFIG_SEL pin                                            ; On                     ;
; Enable input tri-state on active configuration pins in user mode ; Off                    ;
; Configuration Voltage Level                                      ; Auto                   ;
; Force Configuration Voltage Level                                ; Off                    ;
; Data[0]                                                          ; Unreserved             ;
; Data[1]/ASDO                                                     ; Unreserved             ;
; FLASH_nCE/nCSO                                                   ; Unreserved             ;
; DCLK                                                             ; Unreserved             ;
+------------------------------------------------------------------+------------------------+


+------------------------------------+
; Operating Settings and Conditions  ;
+---------------------------+--------+
; Setting                   ; Value  ;
+---------------------------+--------+
; Nominal Core Voltage      ; 1.20 V ;
; Low Junction Temperature  ; 0 °C   ;
; High Junction Temperature ; 85 °C  ;
+---------------------------+--------+


+------------------------------------------------------------+
; Estimated Delay Added for Hold Timing Summary              ;
+-----------------+----------------------+-------------------+
; Source Clock(s) ; Destination Clock(s) ; Delay Added in ns ;
+-----------------+----------------------+-------------------+
; CLK             ; TCK                  ; 7.9               ;
; CLK             ; CLK                  ; 7.8               ;
; TCK,CLK         ; TCK                  ; 1.2               ;
+-----------------+----------------------+-------------------+
Note: For more information on problematic transfers, consider running the Fitter again with the Optimize hold timing option (Settings Menu) turned off.
This will disable optimization of problematic paths and expose them for further analysis using the TimeQuest Timing Analyzer.


+------------------------------------------------------------------------------------------------------------------------------------------------------------------------------------------------------------------------------+
; Estimated Delay Added for Hold Timing Details                                                                                                                                                                                ;
+-------------------------------------------------------------------------------------------------+--------------------------------------------------------------------------------------------------------+-------------------+
; Source Register                                                                                 ; Destination Register                                                                                   ; Delay Added in ns ;
+-------------------------------------------------------------------------------------------------+--------------------------------------------------------------------------------------------------------+-------------------+
; CORTEXM3INTEGRATIONDS:u_CORTEXM3INTEGRATION|cortexm3ds_logic:u_cortexm3ds_logic|Ljazz6          ; CORTEXM3INTEGRATIONDS:u_CORTEXM3INTEGRATION|cortexm3ds_logic:u_cortexm3ds_logic|Jhazz6                 ; 0.508             ;
; CORTEXM3INTEGRATIONDS:u_CORTEXM3INTEGRATION|cortexm3ds_logic:u_cortexm3ds_logic|Hlbzz6          ; CORTEXM3INTEGRATIONDS:u_CORTEXM3INTEGRATION|cortexm3ds_logic:u_cortexm3ds_logic|Fjbzz6                 ; 0.508             ;
; CORTEXM3INTEGRATIONDS:u_CORTEXM3INTEGRATION|cortexm3ds_logic:u_cortexm3ds_logic|L2bzz6          ; CORTEXM3INTEGRATIONDS:u_CORTEXM3INTEGRATION|cortexm3ds_logic:u_cortexm3ds_logic|F4bzz6                 ; 0.508             ;
; CORTEXM3INTEGRATIONDS:u_CORTEXM3INTEGRATION|cortexm3ds_logic:u_cortexm3ds_logic|Z7ezz6          ; CORTEXM3INTEGRATIONDS:u_CORTEXM3INTEGRATION|cortexm3ds_logic:u_cortexm3ds_logic|T9ezz6                 ; 0.508             ;
; CORTEXM3INTEGRATIONDS:u_CORTEXM3INTEGRATION|cortexm3ds_logic:u_cortexm3ds_logic|Dnczz6          ; CORTEXM3INTEGRATIONDS:u_CORTEXM3INTEGRATION|cortexm3ds_logic:u_cortexm3ds_logic|Blczz6                 ; 0.508             ;
; CORTEXM3INTEGRATIONDS:u_CORTEXM3INTEGRATION|cortexm3ds_logic:u_cortexm3ds_logic|H4czz6          ; CORTEXM3INTEGRATIONDS:u_CORTEXM3INTEGRATION|cortexm3ds_logic:u_cortexm3ds_logic|G2czz6                 ; 0.426             ;
; CORTEXM3INTEGRATIONDS:u_CORTEXM3INTEGRATION|cortexm3ds_logic:u_cortexm3ds_logic|Eyzzz6          ; CORTEXM3INTEGRATIONDS:u_CORTEXM3INTEGRATION|cortexm3ds_logic:u_cortexm3ds_logic|A2ezz6                 ; 0.418             ;
; CORTEXM3INTEGRATIONDS:u_CORTEXM3INTEGRATION|cortexm3ds_logic:u_cortexm3ds_logic|Zodzz6          ; CORTEXM3INTEGRATIONDS:u_CORTEXM3INTEGRATION|cortexm3ds_logic:u_cortexm3ds_logic|Tqdzz6                 ; 0.317             ;
; CORTEXM3INTEGRATIONDS:u_CORTEXM3INTEGRATION|cortexm3ds_logic:u_cortexm3ds_logic|Irgoz6          ; CORTEXM3INTEGRATIONDS:u_CORTEXM3INTEGRATION|cortexm3ds_logic:u_cortexm3ds_logic|F51g07                 ; 0.317             ;
; CORTEXM3INTEGRATIONDS:u_CORTEXM3INTEGRATION|cortexm3ds_logic:u_cortexm3ds_logic|Q6coz6          ; CORTEXM3INTEGRATIONDS:u_CORTEXM3INTEGRATION|cortexm3ds_logic:u_cortexm3ds_logic|Cjhoz6                 ; 0.316             ;
; CORTEXM3INTEGRATIONDS:u_CORTEXM3INTEGRATION|cortexm3ds_logic:u_cortexm3ds_logic|Pflzz6          ; CORTEXM3INTEGRATIONDS:u_CORTEXM3INTEGRATION|cortexm3ds_logic:u_cortexm3ds_logic|Xmooz6                 ; 0.316             ;
; CORTEXM3INTEGRATIONDS:u_CORTEXM3INTEGRATION|cortexm3ds_logic:u_cortexm3ds_logic|V9goz6          ; CORTEXM3INTEGRATIONDS:u_CORTEXM3INTEGRATION|cortexm3ds_logic:u_cortexm3ds_logic|Nbgoz6                 ; 0.264             ;
; CORTEXM3INTEGRATIONDS:u_CORTEXM3INTEGRATION|cortexm3ds_logic:u_cortexm3ds_logic|A2ezz6          ; CORTEXM3INTEGRATIONDS:u_CORTEXM3INTEGRATION|cortexm3ds_logic:u_cortexm3ds_logic|A2ezz6                 ; 0.260             ;
; CORTEXM3INTEGRATIONDS:u_CORTEXM3INTEGRATION|cortexm3ds_logic:u_cortexm3ds_logic|Ligoz6          ; CORTEXM3INTEGRATIONDS:u_CORTEXM3INTEGRATION|cortexm3ds_logic:u_cortexm3ds_logic|A2ezz6                 ; 0.260             ;
; CORTEXM3INTEGRATIONDS:u_CORTEXM3INTEGRATION|cortexm3ds_logic:u_cortexm3ds_logic|Y4eoz6          ; CORTEXM3INTEGRATIONDS:u_CORTEXM3INTEGRATION|cortexm3ds_logic:u_cortexm3ds_logic|A2ezz6                 ; 0.260             ;
; CORTEXM3INTEGRATIONDS:u_CORTEXM3INTEGRATION|cortexm3ds_logic:u_cortexm3ds_logic|G8eoz6          ; CORTEXM3INTEGRATIONDS:u_CORTEXM3INTEGRATION|cortexm3ds_logic:u_cortexm3ds_logic|A2ezz6                 ; 0.260             ;
; CORTEXM3INTEGRATIONDS:u_CORTEXM3INTEGRATION|cortexm3ds_logic:u_cortexm3ds_logic|P6eoz6          ; CORTEXM3INTEGRATIONDS:u_CORTEXM3INTEGRATION|cortexm3ds_logic:u_cortexm3ds_logic|A2ezz6                 ; 0.260             ;
; CORTEXM3INTEGRATIONDS:u_CORTEXM3INTEGRATION|cortexm3ds_logic:u_cortexm3ds_logic|Nrdoz6          ; CORTEXM3INTEGRATIONDS:u_CORTEXM3INTEGRATION|cortexm3ds_logic:u_cortexm3ds_logic|A2ezz6                 ; 0.260             ;
; CORTEXM3INTEGRATIONDS:u_CORTEXM3INTEGRATION|cortexm3ds_logic:u_cortexm3ds_logic|Updoz6          ; CORTEXM3INTEGRATIONDS:u_CORTEXM3INTEGRATION|cortexm3ds_logic:u_cortexm3ds_logic|A2ezz6                 ; 0.260             ;
; CORTEXM3INTEGRATIONDS:u_CORTEXM3INTEGRATION|cortexm3ds_logic:u_cortexm3ds_logic|Bodoz6          ; CORTEXM3INTEGRATIONDS:u_CORTEXM3INTEGRATION|cortexm3ds_logic:u_cortexm3ds_logic|A2ezz6                 ; 0.260             ;
; CORTEXM3INTEGRATIONDS:u_CORTEXM3INTEGRATION|cortexm3ds_logic:u_cortexm3ds_logic|Gtdoz6          ; CORTEXM3INTEGRATIONDS:u_CORTEXM3INTEGRATION|cortexm3ds_logic:u_cortexm3ds_logic|A2ezz6                 ; 0.260             ;
; CORTEXM3INTEGRATIONDS:u_CORTEXM3INTEGRATION|cortexm3ds_logic:u_cortexm3ds_logic|Cjlzz6          ; CORTEXM3INTEGRATIONDS:u_CORTEXM3INTEGRATION|cortexm3ds_logic:u_cortexm3ds_logic|Chcoz6                 ; 0.228             ;
; CORTEXM3INTEGRATIONDS:u_CORTEXM3INTEGRATION|cortexm3ds_logic:u_cortexm3ds_logic|Vkuzz6          ; CORTEXM3INTEGRATIONDS:u_CORTEXM3INTEGRATION|cortexm3ds_logic:u_cortexm3ds_logic|Vicoz6                 ; 0.228             ;
; CORTEXM3INTEGRATIONDS:u_CORTEXM3INTEGRATION|cortexm3ds_logic:u_cortexm3ds_logic|Lm1107          ; CORTEXM3INTEGRATIONDS:u_CORTEXM3INTEGRATION|cortexm3ds_logic:u_cortexm3ds_logic|Gnazz6                 ; 0.225             ;
; CORTEXM3INTEGRATIONDS:u_CORTEXM3INTEGRATION|cortexm3ds_logic:u_cortexm3ds_logic|Dohoz6          ; CORTEXM3INTEGRATIONDS:u_CORTEXM3INTEGRATION|cortexm3ds_logic:u_cortexm3ds_logic|Sphoz6                 ; 0.196             ;
; CORTEXM3INTEGRATIONDS:u_CORTEXM3INTEGRATION|cortexm3ds_logic:u_cortexm3ds_logic|Tgvf07          ; CORTEXM3INTEGRATIONDS:u_CORTEXM3INTEGRATION|cortexm3ds_logic:u_cortexm3ds_logic|Cpbzz6                 ; 0.180             ;
; CORTEXM3INTEGRATIONDS:u_CORTEXM3INTEGRATION|cortexm3ds_logic:u_cortexm3ds_logic|Cjzzz6          ; CORTEXM3INTEGRATIONDS:u_CORTEXM3INTEGRATION|cortexm3ds_logic:u_cortexm3ds_logic|Quezz6                 ; 0.180             ;
; CORTEXM3INTEGRATIONDS:u_CORTEXM3INTEGRATION|cortexm3ds_logic:u_cortexm3ds_logic|Jzhzz6          ; CORTEXM3INTEGRATIONDS:u_CORTEXM3INTEGRATION|cortexm3ds_logic:u_cortexm3ds_logic|U2izz6                 ; 0.177             ;
; CORTEXM3INTEGRATIONDS:u_CORTEXM3INTEGRATION|cortexm3ds_logic:u_cortexm3ds_logic|Xawf07          ; CORTEXM3INTEGRATIONDS:u_CORTEXM3INTEGRATION|cortexm3ds_logic:u_cortexm3ds_logic|E0dzz6                 ; 0.166             ;
; CORTEXM3INTEGRATIONDS:u_CORTEXM3INTEGRATION|cortexm3ds_logic:u_cortexm3ds_logic|E0dzz6          ; CORTEXM3INTEGRATIONDS:u_CORTEXM3INTEGRATION|cortexm3ds_logic:u_cortexm3ds_logic|E0dzz6                 ; 0.166             ;
; CORTEXM3INTEGRATIONDS:u_CORTEXM3INTEGRATION|cortexm3ds_logic:u_cortexm3ds_logic|Gnazz6          ; CORTEXM3INTEGRATIONDS:u_CORTEXM3INTEGRATION|cortexm3ds_logic:u_cortexm3ds_logic|Gnazz6                 ; 0.158             ;
; CORTEXM3INTEGRATIONDS:u_CORTEXM3INTEGRATION|cortexm3ds_logic:u_cortexm3ds_logic|Cqcoz6          ; CORTEXM3INTEGRATIONDS:u_CORTEXM3INTEGRATION|cortexm3ds_logic:u_cortexm3ds_logic|Aocoz6                 ; 0.157             ;
; CORTEXM3INTEGRATIONDS:u_CORTEXM3INTEGRATION|cortexm3ds_logic:u_cortexm3ds_logic|Vqezz6          ; CORTEXM3INTEGRATIONDS:u_CORTEXM3INTEGRATION|cortexm3ds_logic:u_cortexm3ds_logic|Psezz6                 ; 0.157             ;
; CORTEXM3INTEGRATIONDS:u_CORTEXM3INTEGRATION|cortexm3ds_logic:u_cortexm3ds_logic|Djeoz6          ; CORTEXM3INTEGRATIONDS:u_CORTEXM3INTEGRATION|cortexm3ds_logic:u_cortexm3ds_logic|Wwgoz6                 ; 0.138             ;
; CORTEXM3INTEGRATIONDS:u_CORTEXM3INTEGRATION|cortexm3ds_logic:u_cortexm3ds_logic|Cpbzz6          ; CORTEXM3INTEGRATIONDS:u_CORTEXM3INTEGRATION|cortexm3ds_logic:u_cortexm3ds_logic|Cpbzz6                 ; 0.135             ;
; CORTEXM3INTEGRATIONDS:u_CORTEXM3INTEGRATION|cortexm3ds_logic:u_cortexm3ds_logic|Quezz6          ; CORTEXM3INTEGRATIONDS:u_CORTEXM3INTEGRATION|cortexm3ds_logic:u_cortexm3ds_logic|Quezz6                 ; 0.135             ;
; CORTEXM3INTEGRATIONDS:u_CORTEXM3INTEGRATION|cortexm3ds_logic:u_cortexm3ds_logic|Chcoz6          ; CORTEXM3INTEGRATIONDS:u_CORTEXM3INTEGRATION|cortexm3ds_logic:u_cortexm3ds_logic|Chcoz6                 ; 0.131             ;
; CORTEXM3INTEGRATIONDS:u_CORTEXM3INTEGRATION|cortexm3ds_logic:u_cortexm3ds_logic|Vicoz6          ; CORTEXM3INTEGRATIONDS:u_CORTEXM3INTEGRATION|cortexm3ds_logic:u_cortexm3ds_logic|Vicoz6                 ; 0.131             ;
; CORTEXM3INTEGRATIONDS:u_CORTEXM3INTEGRATION|cortexm3ds_logic:u_cortexm3ds_logic|W0rzz6          ; CORTEXM3INTEGRATIONDS:u_CORTEXM3INTEGRATION|cortexm3ds_logic:u_cortexm3ds_logic|Ptmoz6                 ; 0.109             ;
; CORTEXM3INTEGRATIONDS:u_CORTEXM3INTEGRATION|cortexm3ds_logic:u_cortexm3ds_logic|Lqwf07          ; CORTEXM3INTEGRATIONDS:u_CORTEXM3INTEGRATION|cortexm3ds_logic:u_cortexm3ds_logic|Ko8oz6                 ; 0.109             ;
; CORTEXM3INTEGRATIONDS:u_CORTEXM3INTEGRATION|cortexm3ds_logic:u_cortexm3ds_logic|Vhya17          ; CORTEXM3INTEGRATIONDS:u_CORTEXM3INTEGRATION|cortexm3ds_logic:u_cortexm3ds_logic|Ka8m17                 ; 0.105             ;
; CORTEXM3INTEGRATIONDS:u_CORTEXM3INTEGRATION|cortexm3ds_logic:u_cortexm3ds_logic|Mdlm17          ; CORTEXM3INTEGRATIONDS:u_CORTEXM3INTEGRATION|cortexm3ds_logic:u_cortexm3ds_logic|Xflm17                 ; 0.105             ;
; CORTEXM3INTEGRATIONDS:u_CORTEXM3INTEGRATION|cortexm3ds_logic:u_cortexm3ds_logic|Nt5b17          ; CORTEXM3INTEGRATIONDS:u_CORTEXM3INTEGRATION|cortexm3ds_logic:u_cortexm3ds_logic|Or9m17                 ; 0.105             ;
; CORTEXM3INTEGRATIONDS:u_CORTEXM3INTEGRATION|cortexm3ds_logic:u_cortexm3ds_logic|Cr5b17          ; CORTEXM3INTEGRATIONDS:u_CORTEXM3INTEGRATION|cortexm3ds_logic:u_cortexm3ds_logic|Gh9m17                 ; 0.105             ;
; CORTEXM3INTEGRATIONDS:u_CORTEXM3INTEGRATION|cortexm3ds_logic:u_cortexm3ds_logic|F36b17          ; CORTEXM3INTEGRATIONDS:u_CORTEXM3INTEGRATION|cortexm3ds_logic:u_cortexm3ds_logic|V78m17                 ; 0.105             ;
; CORTEXM3INTEGRATIONDS:u_CORTEXM3INTEGRATION|cortexm3ds_logic:u_cortexm3ds_logic|D5knz6          ; CORTEXM3INTEGRATIONDS:u_CORTEXM3INTEGRATION|cortexm3ds_logic:u_cortexm3ds_logic|O7knz6                 ; 0.105             ;
; CORTEXM3INTEGRATIONDS:u_CORTEXM3INTEGRATION|cortexm3ds_logic:u_cortexm3ds_logic|Irrm17          ; CORTEXM3INTEGRATIONDS:u_CORTEXM3INTEGRATION|cortexm3ds_logic:u_cortexm3ds_logic|Ttrm17                 ; 0.105             ;
; cmsdk_apb_subsystem:u_apb_subsystem|cmsdk_apb_uart:gen_apb_uart_1.u_apb_uart_1|reg_baud_div[18] ; cmsdk_apb_subsystem:u_apb_subsystem|cmsdk_ahb_to_apb:u_ahb_to_apb|rwdata_reg[18]                       ; 0.105             ;
; cmsdk_apb_subsystem:u_apb_subsystem|cmsdk_apb_uart:gen_apb_uart_1.u_apb_uart_1|reg_baud_div[12] ; cmsdk_apb_subsystem:u_apb_subsystem|cmsdk_ahb_to_apb:u_ahb_to_apb|rwdata_reg[12]                       ; 0.105             ;
; cmsdk_apb_subsystem:u_apb_subsystem|cmsdk_apb_uart:gen_apb_uart_1.u_apb_uart_1|reg_baud_div[11] ; cmsdk_apb_subsystem:u_apb_subsystem|cmsdk_ahb_to_apb:u_ahb_to_apb|rwdata_reg[11]                       ; 0.105             ;
; cmsdk_apb_subsystem:u_apb_subsystem|cmsdk_apb_uart:gen_apb_uart_1.u_apb_uart_1|reg_baud_div[10] ; cmsdk_apb_subsystem:u_apb_subsystem|cmsdk_ahb_to_apb:u_ahb_to_apb|rwdata_reg[10]                       ; 0.105             ;
; cmsdk_apb_subsystem:u_apb_subsystem|cmsdk_apb_uart:gen_apb_uart_1.u_apb_uart_1|reg_baud_div[14] ; cmsdk_apb_subsystem:u_apb_subsystem|cmsdk_ahb_to_apb:u_ahb_to_apb|rwdata_reg[14]                       ; 0.105             ;
; CORTEXM3INTEGRATIONDS:u_CORTEXM3INTEGRATION|cortexm3ds_logic:u_cortexm3ds_logic|D6jm17          ; CORTEXM3INTEGRATIONDS:u_CORTEXM3INTEGRATION|cortexm3ds_logic:u_cortexm3ds_logic|O8jm17                 ; 0.105             ;
; CORTEXM3INTEGRATIONDS:u_CORTEXM3INTEGRATION|cortexm3ds_logic:u_cortexm3ds_logic|Syim17          ; CORTEXM3INTEGRATIONDS:u_CORTEXM3INTEGRATION|cortexm3ds_logic:u_cortexm3ds_logic|D1jm17                 ; 0.105             ;
; CORTEXM3INTEGRATIONDS:u_CORTEXM3INTEGRATION|cortexm3ds_logic:u_cortexm3ds_logic|Zkjm17          ; CORTEXM3INTEGRATIONDS:u_CORTEXM3INTEGRATION|cortexm3ds_logic:u_cortexm3ds_logic|Knjm17                 ; 0.105             ;
; CORTEXM3INTEGRATIONDS:u_CORTEXM3INTEGRATION|cortexm3ds_logic:u_cortexm3ds_logic|Kggm17          ; CORTEXM3INTEGRATIONDS:u_CORTEXM3INTEGRATION|cortexm3ds_logic:u_cortexm3ds_logic|Vigm17                 ; 0.105             ;
; CORTEXM3INTEGRATIONDS:u_CORTEXM3INTEGRATION|cortexm3ds_logic:u_cortexm3ds_logic|Dufm17          ; CORTEXM3INTEGRATIONDS:u_CORTEXM3INTEGRATION|cortexm3ds_logic:u_cortexm3ds_logic|Owfm17                 ; 0.105             ;
; CORTEXM3INTEGRATIONDS:u_CORTEXM3INTEGRATION|cortexm3ds_logic:u_cortexm3ds_logic|Ljem17          ; CORTEXM3INTEGRATIONDS:u_CORTEXM3INTEGRATION|cortexm3ds_logic:u_cortexm3ds_logic|Wlem17                 ; 0.105             ;
; CORTEXM3INTEGRATIONDS:u_CORTEXM3INTEGRATION|cortexm3ds_logic:u_cortexm3ds_logic|Svpnz6          ; CORTEXM3INTEGRATIONDS:u_CORTEXM3INTEGRATION|cortexm3ds_logic:u_cortexm3ds_logic|Dypnz6                 ; 0.105             ;
; CORTEXM3INTEGRATIONDS:u_CORTEXM3INTEGRATION|cortexm3ds_logic:u_cortexm3ds_logic|Ejbm17          ; CORTEXM3INTEGRATIONDS:u_CORTEXM3INTEGRATION|cortexm3ds_logic:u_cortexm3ds_logic|Plbm17                 ; 0.105             ;
; cmsdk_apb_subsystem:u_apb_subsystem|cmsdk_apb_uart:gen_apb_uart_1.u_apb_uart_1|reg_baud_div[9]  ; cmsdk_apb_subsystem:u_apb_subsystem|cmsdk_ahb_to_apb:u_ahb_to_apb|rwdata_reg[9]                        ; 0.105             ;
; cmsdk_apb_subsystem:u_apb_subsystem|cmsdk_apb_uart:gen_apb_uart_1.u_apb_uart_1|reg_baud_div[8]  ; cmsdk_apb_subsystem:u_apb_subsystem|cmsdk_ahb_to_apb:u_ahb_to_apb|rwdata_reg[8]                        ; 0.105             ;
; cmsdk_apb_subsystem:u_apb_subsystem|cmsdk_apb_uart:gen_apb_uart_1.u_apb_uart_1|reg_tx_buf[0]    ; cmsdk_apb_subsystem:u_apb_subsystem|cmsdk_apb_uart:gen_apb_uart_1.u_apb_uart_1|tx_shift_buf[0]         ; 0.104             ;
; cmsdk_apb_subsystem:u_apb_subsystem|cmsdk_apb_uart:gen_apb_uart_1.u_apb_uart_1|reg_tx_buf[1]    ; cmsdk_apb_subsystem:u_apb_subsystem|cmsdk_apb_uart:gen_apb_uart_1.u_apb_uart_1|tx_shift_buf[1]         ; 0.104             ;
; cmsdk_apb_subsystem:u_apb_subsystem|cmsdk_apb_uart:gen_apb_uart_1.u_apb_uart_1|reg_tx_buf[2]    ; cmsdk_apb_subsystem:u_apb_subsystem|cmsdk_apb_uart:gen_apb_uart_1.u_apb_uart_1|tx_shift_buf[2]         ; 0.104             ;
; cmsdk_apb_subsystem:u_apb_subsystem|cmsdk_apb_uart:gen_apb_uart_1.u_apb_uart_1|reg_tx_buf[3]    ; cmsdk_apb_subsystem:u_apb_subsystem|cmsdk_apb_uart:gen_apb_uart_1.u_apb_uart_1|tx_shift_buf[3]         ; 0.104             ;
; cmsdk_apb_subsystem:u_apb_subsystem|cmsdk_apb_uart:gen_apb_uart_1.u_apb_uart_1|reg_tx_buf[4]    ; cmsdk_apb_subsystem:u_apb_subsystem|cmsdk_apb_uart:gen_apb_uart_1.u_apb_uart_1|tx_shift_buf[4]         ; 0.104             ;
; cmsdk_apb_subsystem:u_apb_subsystem|cmsdk_apb_uart:gen_apb_uart_1.u_apb_uart_1|reg_tx_buf[5]    ; cmsdk_apb_subsystem:u_apb_subsystem|cmsdk_apb_uart:gen_apb_uart_1.u_apb_uart_1|tx_shift_buf[5]         ; 0.104             ;
; cmsdk_apb_subsystem:u_apb_subsystem|cmsdk_apb_uart:gen_apb_uart_1.u_apb_uart_1|reg_tx_buf[6]    ; cmsdk_apb_subsystem:u_apb_subsystem|cmsdk_apb_uart:gen_apb_uart_1.u_apb_uart_1|tx_shift_buf[6]         ; 0.104             ;
; CORTEXM3INTEGRATIONDS:u_CORTEXM3INTEGRATION|cortexm3ds_logic:u_cortexm3ds_logic|Hqph07          ; CORTEXM3INTEGRATIONDS:u_CORTEXM3INTEGRATION|cortexm3ds_logic:u_cortexm3ds_logic|Ud7a17                 ; 0.104             ;
; BusMatrix3x3:u_BusMatrix3x3|InputStage:u_InputStage_0|reg_addr[2]                               ; AHB2MEM:U_SRAM|altsyncram:memory_rtl_0|altsyncram_6kg1:auto_generated|ram_block1a62~portb_address_reg0 ; 0.103             ;
; BusMatrix3x3:u_BusMatrix3x3|InputStage:u_InputStage_0|reg_addr[15]                              ; AHB2MEM:U_SRAM|buf_hwaddr[15]                                                                          ; 0.103             ;
; BusMatrix3x3:u_BusMatrix3x3|InputStage:u_InputStage_0|reg_addr[11]                              ; AHB2MEM:U_SRAM|altsyncram:memory_rtl_0|altsyncram_6kg1:auto_generated|ram_block1a62~portb_address_reg0 ; 0.103             ;
; BusMatrix3x3:u_BusMatrix3x3|InputStage:u_InputStage_0|reg_addr[4]                               ; AHB2MEM:U_SRAM|altsyncram:memory_rtl_0|altsyncram_6kg1:auto_generated|ram_block1a62~portb_address_reg0 ; 0.103             ;
; BusMatrix3x3:u_BusMatrix3x3|InputStage:u_InputStage_0|reg_addr[8]                               ; AHB2MEM:U_SRAM|altsyncram:memory_rtl_0|altsyncram_6kg1:auto_generated|ram_block1a62~portb_address_reg0 ; 0.103             ;
; CORTEXM3INTEGRATIONDS:u_CORTEXM3INTEGRATION|cortexm3ds_logic:u_cortexm3ds_logic|Sh3107          ; CORTEXM3INTEGRATIONDS:u_CORTEXM3INTEGRATION|cortexm3ds_logic:u_cortexm3ds_logic|S3ooz6                 ; 0.103             ;
; BusMatrix3x3:u_BusMatrix3x3|InputStage:u_InputStage_0|reg_addr[7]                               ; AHB2MEM:U_SRAM|altsyncram:memory_rtl_0|altsyncram_6kg1:auto_generated|ram_block1a62~portb_address_reg0 ; 0.102             ;
; BusMatrix3x3:u_BusMatrix3x3|InputStage:u_InputStage_0|reg_addr[3]                               ; AHB2MEM:U_SRAM|altsyncram:memory_rtl_0|altsyncram_6kg1:auto_generated|ram_block1a62~portb_address_reg0 ; 0.101             ;
; BusMatrix3x3:u_BusMatrix3x3|InputStage:u_InputStage_0|reg_addr[14]                              ; AHB2MEM:U_SRAM|altsyncram:memory_rtl_0|altsyncram_6kg1:auto_generated|ram_block1a62~portb_address_reg0 ; 0.101             ;
; BusMatrix3x3:u_BusMatrix3x3|InputStage:u_InputStage_0|reg_addr[6]                               ; AHB2MEM:U_SRAM|altsyncram:memory_rtl_0|altsyncram_6kg1:auto_generated|ram_block1a62~portb_address_reg0 ; 0.101             ;
; BusMatrix3x3:u_BusMatrix3x3|InputStage:u_InputStage_0|reg_addr[10]                              ; AHB2MEM:U_SRAM|altsyncram:memory_rtl_0|altsyncram_6kg1:auto_generated|ram_block1a62~portb_address_reg0 ; 0.101             ;
; BusMatrix3x3:u_BusMatrix3x3|InputStage:u_InputStage_0|reg_addr[9]                               ; AHB2MEM:U_SRAM|altsyncram:memory_rtl_0|altsyncram_6kg1:auto_generated|ram_block1a62~portb_address_reg0 ; 0.101             ;
; CORTEXM3INTEGRATIONDS:u_CORTEXM3INTEGRATION|cortexm3ds_logic:u_cortexm3ds_logic|R4ph07          ; CORTEXM3INTEGRATIONDS:u_CORTEXM3INTEGRATION|cortexm3ds_logic:u_cortexm3ds_logic|Vwgu07                 ; 0.101             ;
; BusMatrix3x3:u_BusMatrix3x3|InputStage:u_InputStage_0|reg_addr[5]                               ; AHB2MEM:U_SRAM|altsyncram:memory_rtl_0|altsyncram_6kg1:auto_generated|ram_block1a62~portb_address_reg0 ; 0.101             ;
; CORTEXM3INTEGRATIONDS:u_CORTEXM3INTEGRATION|cortexm3ds_logic:u_cortexm3ds_logic|N28m17          ; CORTEXM3INTEGRATIONDS:u_CORTEXM3INTEGRATION|cortexm3ds_logic:u_cortexm3ds_logic|Ka8m17                 ; 0.097             ;
; CORTEXM3INTEGRATIONDS:u_CORTEXM3INTEGRATION|cortexm3ds_logic:u_cortexm3ds_logic|Fz8m17          ; CORTEXM3INTEGRATIONDS:u_CORTEXM3INTEGRATION|cortexm3ds_logic:u_cortexm3ds_logic|C79m17                 ; 0.097             ;
; cmsdk_apb_subsystem:u_apb_subsystem|cmsdk_apb_uart:gen_apb_uart_1.u_apb_uart_1|reg_tx_buf[7]    ; cmsdk_apb_subsystem:u_apb_subsystem|cmsdk_apb_uart:gen_apb_uart_1.u_apb_uart_1|tx_shift_buf[7]         ; 0.096             ;
; CORTEXM3INTEGRATIONDS:u_CORTEXM3INTEGRATION|cortexm3ds_logic:u_cortexm3ds_logic|Hs0107          ; CORTEXM3INTEGRATIONDS:u_CORTEXM3INTEGRATION|cortexm3ds_logic:u_cortexm3ds_logic|C5toz6                 ; 0.094             ;
; CORTEXM3INTEGRATIONDS:u_CORTEXM3INTEGRATION|cortexm3ds_logic:u_cortexm3ds_logic|X08nz6          ; CORTEXM3INTEGRATIONDS:u_CORTEXM3INTEGRATION|cortexm3ds_logic:u_cortexm3ds_logic|S38nz6                 ; 0.094             ;
; CORTEXM3INTEGRATIONDS:u_CORTEXM3INTEGRATION|cortexm3ds_logic:u_cortexm3ds_logic|Ygma17          ; CORTEXM3INTEGRATIONDS:u_CORTEXM3INTEGRATION|cortexm3ds_logic:u_cortexm3ds_logic|Tjma17                 ; 0.094             ;
; CORTEXM3INTEGRATIONDS:u_CORTEXM3INTEGRATION|cortexm3ds_logic:u_cortexm3ds_logic|Bx5107          ; CORTEXM3INTEGRATIONDS:u_CORTEXM3INTEGRATION|cortexm3ds_logic:u_cortexm3ds_logic|Zit917                 ; 0.085             ;
; CORTEXM3INTEGRATIONDS:u_CORTEXM3INTEGRATION|cortexm3ds_logic:u_cortexm3ds_logic|Ba6107          ; CORTEXM3INTEGRATIONDS:u_CORTEXM3INTEGRATION|cortexm3ds_logic:u_cortexm3ds_logic|Mbt917                 ; 0.085             ;
; CORTEXM3INTEGRATIONDS:u_CORTEXM3INTEGRATION|cortexm3ds_logic:u_cortexm3ds_logic|Vaxa17          ; CORTEXM3INTEGRATIONDS:u_CORTEXM3INTEGRATION|cortexm3ds_logic:u_cortexm3ds_logic|O7xa17                 ; 0.084             ;
; CORTEXM3INTEGRATIONDS:u_CORTEXM3INTEGRATION|cortexm3ds_logic:u_cortexm3ds_logic|H12oz6          ; CORTEXM3INTEGRATIONDS:u_CORTEXM3INTEGRATION|cortexm3ds_logic:u_cortexm3ds_logic|H32oz6                 ; 0.084             ;
; CORTEXM3INTEGRATIONDS:u_CORTEXM3INTEGRATION|cortexm3ds_logic:u_cortexm3ds_logic|Lcya17          ; CORTEXM3INTEGRATIONDS:u_CORTEXM3INTEGRATION|cortexm3ds_logic:u_cortexm3ds_logic|Ka8m17                 ; 0.083             ;
; CORTEXM3INTEGRATIONDS:u_CORTEXM3INTEGRATION|cortexm3ds_logic:u_cortexm3ds_logic|Ig6oz6          ; CORTEXM3INTEGRATIONDS:u_CORTEXM3INTEGRATION|cortexm3ds_logic:u_cortexm3ds_logic|Jj6oz6                 ; 0.083             ;
; CORTEXM3INTEGRATIONDS:u_CORTEXM3INTEGRATION|cortexm3ds_logic:u_cortexm3ds_logic|Mwazz6          ; CORTEXM3INTEGRATIONDS:u_CORTEXM3INTEGRATION|cortexm3ds_logic:u_cortexm3ds_logic|K0bzz6                 ; 0.082             ;
; CORTEXM3INTEGRATIONDS:u_CORTEXM3INTEGRATION|cortexm3ds_logic:u_cortexm3ds_logic|Xzdoz6          ; CORTEXM3INTEGRATIONDS:u_CORTEXM3INTEGRATION|cortexm3ds_logic:u_cortexm3ds_logic|P1eoz6                 ; 0.076             ;
; CORTEXM3INTEGRATIONDS:u_CORTEXM3INTEGRATION|cortexm3ds_logic:u_cortexm3ds_logic|Nsxa17          ; CORTEXM3INTEGRATIONDS:u_CORTEXM3INTEGRATION|cortexm3ds_logic:u_cortexm3ds_logic|C79m17                 ; 0.066             ;
; CORTEXM3INTEGRATIONDS:u_CORTEXM3INTEGRATION|cortexm3ds_logic:u_cortexm3ds_logic|Q3lm17          ; CORTEXM3INTEGRATIONDS:u_CORTEXM3INTEGRATION|cortexm3ds_logic:u_cortexm3ds_logic|M8lm17                 ; 0.066             ;
+-------------------------------------------------------------------------------------------------+--------------------------------------------------------------------------------------------------------+-------------------+
Note: This table only shows the top 100 path(s) that have the largest delay added for hold.


+-----------------+
; Fitter Messages ;
+-----------------+
Warning (18236): Number of processors has not been specified which may cause overloading on shared machines.  Set the global assignment NUM_PARALLEL_PROCESSORS in your QSF to an appropriate value for best performance.
Info (20030): Parallel compilation is enabled and will use 16 of the 16 processors detected
Info (119006): Selected device 10M50DAF484C7G for design "top"
Info (21077): Low junction temperature is 0 degrees C
Info (21077): High junction temperature is 85 degrees C
Info (171003): Fitter is performing an Auto Fit compilation, which may decrease Fitter effort to reduce compilation time
Info (176444): Device migration not selected. If you intend to use device migration later, you may need to change the pin assignments as they may be incompatible with other devices
    Info (176445): Device 10M08DAF484I7G is compatible
    Info (176445): Device 10M16DAF484C7G is compatible
    Info (176445): Device 10M16DAF484I7G is compatible
    Info (176445): Device 10M25DAF484C7G is compatible
    Info (176445): Device 10M25DAF484I7G is compatible
    Info (176445): Device 10M50DAF484I7G is compatible
    Info (176445): Device 10M50DAF484I7P is compatible
    Info (176445): Device 10M40DAF484C7G is compatible
    Info (176445): Device 10M40DAF484I7G is compatible
Info (169124): Fitter converted 8 user pins into dedicated programming pins
    Info (169125): Pin ~ALTERA_TMS~ is reserved at location H2
    Info (169125): Pin ~ALTERA_TCK~ is reserved at location G2
    Info (169125): Pin ~ALTERA_TDI~ is reserved at location L4
    Info (169125): Pin ~ALTERA_TDO~ is reserved at location M5
    Info (169125): Pin ~ALTERA_CONFIG_SEL~ is reserved at location H10
    Info (169125): Pin ~ALTERA_nCONFIG~ is reserved at location H9
    Info (169125): Pin ~ALTERA_nSTATUS~ is reserved at location G9
    Info (169125): Pin ~ALTERA_CONF_DONE~ is reserved at location F8
Info (169141): DATA[0] dual-purpose pin not reserved
Info (12825): Data[1]/ASDO dual-purpose pin not reserved
Info (12825): nCSO dual-purpose pin not reserved
Info (12825): DCLK dual-purpose pin not reserved
Warning (15714): Some pins have incomplete I/O assignments. Refer to the I/O Assignment Warnings report for details
Info (176045): Design uses memory blocks. Violating setup or hold times of memory block address registers for either read or write operations could cause memory contents to be corrupted. Make sure that all memory block address registers meet the setup and hold time requirements.
Critical Warning (169085): No exact pin location assignment(s) for 20 pins of 20 total pins. For the list of pins please refer to the I/O Assignment Warnings table in the fitter report.
Critical Warning (332012): Synopsys Design Constraints File file not found: 'top.sdc'. A Synopsys Design Constraints File is required by the TimeQuest Timing Analyzer to get proper timing constraints. Without it, the Compiler will not properly optimize the design.
Info (332144): No user constrained base clocks found in the design
Info (332143): No user constrained clock uncertainty found in the design. Calling "derive_clock_uncertainty"
Info (332123): Deriving Clock Uncertainty. Please refer to report_sdc in TimeQuest to see clock uncertainties.
Info (332130): Timing requirements not specified -- quality metrics such as performance may be sacrificed to reduce compilation time.
Info (176353): Automatically promoted node CLK~input (placed in PIN M8 (CLK1n, DIFFIO_RX_L36n, DIFFOUT_L36n, High_Speed)) File: E:/soc26prj/soc-wuxi-arm/arm-soc/top.v Line: 5
    Info (176355): Automatically promoted destinations to use location or clock signal Global Clock CLKCTRL_G3
Info (176353): Automatically promoted node TCK~input (placed in PIN M9 (CLK1p, DIFFIO_RX_L36p, DIFFOUT_L36p, High_Speed)) File: E:/soc26prj/soc-wuxi-arm/arm-soc/top.v Line: 9
    Info (176355): Automatically promoted destinations to use location or clock signal Global Clock CLKCTRL_G4
Info (176353): Automatically promoted node RESETn~input (placed in PIN N4 (CLK0n, DIFFIO_RX_L28n, DIFFOUT_L28n, High_Speed)) File: E:/soc26prj/soc-wuxi-arm/arm-soc/top.v Line: 6
    Info (176355): Automatically promoted destinations to use location or clock signal Global Clock CLKCTRL_G2
    Info (176356): Following destination nodes may be non-global or may not use global or regional clocks
        Info (176357): Destination node AHB2MEM:U_SRAM|hwdata_mask[0] File: E:/soc26prj/soc-wuxi-arm/arm-soc/AHB2MEM.v Line: 40
        Info (176357): Destination node AHB2MEM:U_SRAM|hwdata_mask[10] File: E:/soc26prj/soc-wuxi-arm/arm-soc/AHB2MEM.v Line: 40
        Info (176357): Destination node AHB2MEM:U_SRAM|hwdata_mask[16] File: E:/soc26prj/soc-wuxi-arm/arm-soc/AHB2MEM.v Line: 40
        Info (176357): Destination node AHB2MEM:U_SRAM|hwdata_mask[24] File: E:/soc26prj/soc-wuxi-arm/arm-soc/AHB2MEM.v Line: 40
Info (176353): Automatically promoted node CORTEXM3INTEGRATIONDS:u_CORTEXM3INTEGRATION|cortexm3ds_logic:u_cortexm3ds_logic|H8bdt6  File: E:/soc26prj/soc-wuxi-arm/arm-soc/cortexm3ds_logic.v Line: 174
    Info (176355): Automatically promoted destinations to use location or clock signal Global Clock
Info (176353): Automatically promoted node CORTEXM3INTEGRATIONDS:u_CORTEXM3INTEGRATION|cortexm3ds_logic:u_cortexm3ds_logic|Ik2nz6  File: E:/soc26prj/soc-wuxi-arm/arm-soc/cortexm3ds_logic.v Line: 6524
    Info (176355): Automatically promoted destinations to use location or clock signal Global Clock
    Info (176356): Following destination nodes may be non-global or may not use global or regional clocks
        Info (176357): Destination node CORTEXM3INTEGRATIONDS:u_CORTEXM3INTEGRATION|cortexm3ds_logic:u_cortexm3ds_logic|H8bdt6 File: E:/soc26prj/soc-wuxi-arm/arm-soc/cortexm3ds_logic.v Line: 174
Info (176353): Automatically promoted node CORTEXM3INTEGRATIONDS:u_CORTEXM3INTEGRATION|cortexm3ds_logic:u_cortexm3ds_logic|Ym2nz6  File: E:/soc26prj/soc-wuxi-arm/arm-soc/cortexm3ds_logic.v Line: 6524
    Info (176355): Automatically promoted destinations to use location or clock signal Global Clock
Info (176233): Starting register packing
Info (176235): Finished register packing
    Extra Info (176219): No registers were packed into other blocks
Info (176214): Statistics of I/O pins that need to be placed that use the same VCCIO and VREF, before I/O pin placement
    Info (176211): Number of I/O pins in group: 17 (unused VREF, 2.5V VCCIO, 5 input, 3 output, 9 bidirectional)
        Info (176212): I/O standards used: 2.5 V.
Info (176215): I/O bank details before I/O pin placement
    Info (176214): Statistics of I/O banks
        Info (176213): I/O bank number 1A does not use VREF pins and has undetermined VCCIO pins. 0 total pin(s) used --  16 pins available
        Info (176213): I/O bank number 1B does not use VREF pins and has undetermined VCCIO pins. 4 total pin(s) used --  20 pins available
        Info (176213): I/O bank number 2 does not use VREF pins and has undetermined VCCIO pins. 3 total pin(s) used --  33 pins available
        Info (176213): I/O bank number 3 does not use VREF pins and has undetermined VCCIO pins. 0 total pin(s) used --  48 pins available
        Info (176213): I/O bank number 4 does not use VREF pins and has undetermined VCCIO pins. 0 total pin(s) used --  48 pins available
        Info (176213): I/O bank number 5 does not use VREF pins and has undetermined VCCIO pins. 0 total pin(s) used --  40 pins available
        Info (176213): I/O bank number 6 does not use VREF pins and has undetermined VCCIO pins. 0 total pin(s) used --  60 pins available
        Info (176213): I/O bank number 7 does not use VREF pins and has undetermined VCCIO pins. 0 total pin(s) used --  52 pins available
        Info (176213): I/O bank number 8 does not use VREF pins and has undetermined VCCIO pins. 4 total pin(s) used --  32 pins available
Info (171121): Fitter preparation operations ending: elapsed time is 00:00:07
Info (14896): Fitter has disabled Advanced Physical Optimization because it is not supported for the current family.
Info (170189): Fitter placement preparation operations beginning
Info (170190): Fitter placement preparation operations ending: elapsed time is 00:00:02
Info (170191): Fitter placement operations beginning
Info (170137): Fitter placement was successful
Info (170192): Fitter placement operations ending: elapsed time is 00:00:27
Info (170193): Fitter routing operations beginning
Info (170195): Router estimated average interconnect usage is 20% of the available device resources
    Info (170196): Router estimated peak interconnect usage is 58% of the available device resources in the region that extends from location X22_Y11 to location X32_Y21
Info (170199): The Fitter performed an Auto Fit compilation.  Optimizations were skipped to reduce compilation time.
    Info (170201): Optimizations that may affect the design's routability were skipped
Info (170194): Fitter routing operations ending: elapsed time is 00:00:53
Info (11888): Total time spent on timing analysis during the Fitter is 25.98 seconds.
Info (334003): Started post-fitting delay annotation
Info (334004): Delay annotation completed successfully
Info (334003): Started post-fitting delay annotation
Info (334004): Delay annotation completed successfully
Info (11218): Fitter post-fit operations ending: elapsed time is 00:00:09
Info (144001): Generated suppressed messages file E:/soc26prj/Quartus/output_files/top.fit.smsg
Info: Quartus Prime Fitter was successful. 0 errors, 4 warnings
    Info: Peak virtual memory: 6984 megabytes
    Info: Processing ended: Fri Apr 10 19:11:49 2026
    Info: Elapsed time: 00:01:49
    Info: Total CPU time (on all processors): 00:05:25


+----------------------------+
; Fitter Suppressed Messages ;
+----------------------------+
The suppressed messages can be found in E:/soc26prj/Quartus/output_files/top.fit.smsg.


