Fitter report for top
Mon May 04 13:13:21 2026
Quartus Prime Version 16.1.1 Build 200 11/30/2016 SJ Standard Edition


---------------------
; Table of Contents ;
---------------------
  1. Legal Notice
  2. Fitter Summary
  3. Fitter Settings
  4. Parallel Compilation
  5. Incremental Compilation Preservation Summary
  6. Incremental Compilation Partition Settings
  7. Incremental Compilation Placement Preservation
  8. Pin-Out File
  9. Fitter Resource Usage Summary
 10. Fitter Partition Statistics
 11. Input Pins
 12. Output Pins
 13. Bidir Pins
 14. Dual Purpose and Dedicated Pins
 15. I/O Bank Usage
 16. All Package Pins
 17. I/O Assignment Warnings
 18. Fitter Resource Utilization by Entity
 19. Delay Chain Summary
 20. Pad To Core Delay Chain Fanout
 21. Control Signals
 22. Global & Other Fast Signals
 23. Non-Global High Fan-Out Signals
 24. Fitter RAM Summary
 25. Fitter DSP Block Usage Summary
 26. DSP Block Details
 27. Routing Usage Summary
 28. LAB Logic Elements
 29. LAB-wide Signals
 30. LAB Signals Sourced
 31. LAB Signals Sourced Out
 32. LAB Distinct Inputs
 33. I/O Rules Summary
 34. I/O Rules Details
 35. I/O Rules Matrix
 36. Fitter Device Options
 37. Operating Settings and Conditions
 38. Estimated Delay Added for Hold Timing Summary
 39. Estimated Delay Added for Hold Timing Details
 40. Fitter Messages
 41. Fitter Suppressed Messages



----------------
; Legal Notice ;
----------------
Copyright (C) 2016  Intel Corporation. All rights reserved.
Your use of Intel Corporation's design tools, logic functions 
and other software and tools, and its AMPP partner logic 
functions, and any output files from any of the foregoing 
(including device programming or simulation files), and any 
associated documentation or information are expressly subject 
to the terms and conditions of the Intel Program License 
Subscription Agreement, the Intel Quartus Prime License Agreement,
the Intel MegaCore Function License Agreement, or other 
applicable license agreement, including, without limitation, 
that your use is for the sole purpose of programming logic 
devices manufactured by Intel and sold by Intel or its 
authorized distributors.  Please refer to the applicable 
agreement for further details.



+--------------------------------------------------------------------------------------+
; Fitter Summary                                                                       ;
+------------------------------------+-------------------------------------------------+
; Fitter Status                      ; Successful - Mon May 04 13:13:21 2026           ;
; Quartus Prime Version              ; 16.1.1 Build 200 11/30/2016 SJ Standard Edition ;
; Revision Name                      ; top                                             ;
; Top-level Entity Name              ; top                                             ;
; Family                             ; MAX 10                                          ;
; Device                             ; 10M50DAF484C7G                                  ;
; Timing Models                      ; Final                                           ;
; Total logic elements               ; 23,930 / 49,760 ( 48 % )                        ;
;     Total combinational functions  ; 22,989 / 49,760 ( 46 % )                        ;
;     Dedicated logic registers      ; 6,080 / 49,760 ( 12 % )                         ;
; Total registers                    ; 6080                                            ;
; Total pins                         ; 27 / 360 ( 8 % )                                ;
; Total virtual pins                 ; 0                                               ;
; Total memory bits                  ; 524,672 / 1,677,312 ( 31 % )                    ;
; Embedded Multiplier 9-bit elements ; 6 / 288 ( 2 % )                                 ;
; Total PLLs                         ; 0 / 4 ( 0 % )                                   ;
; UFM blocks                         ; 0 / 1 ( 0 % )                                   ;
; ADC blocks                         ; 0 / 2 ( 0 % )                                   ;
+------------------------------------+-------------------------------------------------+


+------------------------------------------------------------------------------------------------------------------------------------------------------------+
; Fitter Settings                                                                                                                                            ;
+----------------------------------------------------------------------------+---------------------------------------+---------------------------------------+
; Option                                                                     ; Setting                               ; Default Value                         ;
+----------------------------------------------------------------------------+---------------------------------------+---------------------------------------+
; Device                                                                     ; 10M50DAF484C7G                        ;                                       ;
; Minimum Core Junction Temperature                                          ; 0                                     ;                                       ;
; Maximum Core Junction Temperature                                          ; 85                                    ;                                       ;
; Fit Attempts to Skip                                                       ; 0                                     ; 0.0                                   ;
; Use smart compilation                                                      ; Off                                   ; Off                                   ;
; Enable parallel Assembler and TimeQuest Timing Analyzer during compilation ; On                                    ; On                                    ;
; Enable compact report table                                                ; Off                                   ; Off                                   ;
; Auto Merge PLLs                                                            ; On                                    ; On                                    ;
; Router Timing Optimization Level                                           ; Normal                                ; Normal                                ;
; Perform Clocking Topology Analysis During Routing                          ; Off                                   ; Off                                   ;
; Placement Effort Multiplier                                                ; 1.0                                   ; 1.0                                   ;
; Router Effort Multiplier                                                   ; 1.0                                   ; 1.0                                   ;
; Optimize Hold Timing                                                       ; All Paths                             ; All Paths                             ;
; Optimize Multi-Corner Timing                                               ; On                                    ; On                                    ;
; PowerPlay Power Optimization During Fitting                                ; Normal compilation                    ; Normal compilation                    ;
; SSN Optimization                                                           ; Off                                   ; Off                                   ;
; Optimize Timing                                                            ; Normal compilation                    ; Normal compilation                    ;
; Optimize Timing for ECOs                                                   ; Off                                   ; Off                                   ;
; Regenerate Full Fit Report During ECO Compiles                             ; Off                                   ; Off                                   ;
; Optimize IOC Register Placement for Timing                                 ; Normal                                ; Normal                                ;
; Final Placement Optimizations                                              ; Automatically                         ; Automatically                         ;
; Fitter Initial Placement Seed                                              ; 1                                     ; 1                                     ;
; Periphery to Core Placement and Routing Optimization                       ; Off                                   ; Off                                   ;
; PCI I/O                                                                    ; Off                                   ; Off                                   ;
; Weak Pull-Up Resistor                                                      ; Off                                   ; Off                                   ;
; Enable Bus-Hold Circuitry                                                  ; Off                                   ; Off                                   ;
; Auto Packed Registers                                                      ; Auto                                  ; Auto                                  ;
; Auto Delay Chains                                                          ; On                                    ; On                                    ;
; Auto Delay Chains for High Fanout Input Pins                               ; Off                                   ; Off                                   ;
; Allow Single-ended Buffer for Differential-XSTL Input                      ; Off                                   ; Off                                   ;
; Treat Bidirectional Pin as Output Pin                                      ; Off                                   ; Off                                   ;
; Perform Physical Synthesis for Combinational Logic for Fitting             ; Off                                   ; Off                                   ;
; Perform Physical Synthesis for Combinational Logic for Performance         ; Off                                   ; Off                                   ;
; Perform Register Duplication for Performance                               ; Off                                   ; Off                                   ;
; Perform Logic to Memory Mapping for Fitting                                ; Off                                   ; Off                                   ;
; Perform Register Retiming for Performance                                  ; Off                                   ; Off                                   ;
; Perform Asynchronous Signal Pipelining                                     ; Off                                   ; Off                                   ;
; Fitter Effort                                                              ; Auto Fit                              ; Auto Fit                              ;
; Physical Synthesis Effort Level                                            ; Normal                                ; Normal                                ;
; Logic Cell Insertion - Logic Duplication                                   ; Auto                                  ; Auto                                  ;
; Auto Register Duplication                                                  ; Auto                                  ; Auto                                  ;
; Auto Global Clock                                                          ; On                                    ; On                                    ;
; Auto Global Register Control Signals                                       ; On                                    ; On                                    ;
; Reserve all unused pins                                                    ; As input tri-stated with weak pull-up ; As input tri-stated with weak pull-up ;
; Synchronizer Identification                                                ; Auto                                  ; Auto                                  ;
; Enable Beneficial Skew Optimization                                        ; On                                    ; On                                    ;
; Optimize Design for Metastability                                          ; On                                    ; On                                    ;
; Force Fitter to Avoid Periphery Placement Warnings                         ; Off                                   ; Off                                   ;
; Enable input tri-state on active configuration pins in user mode           ; Off                                   ; Off                                   ;
+----------------------------------------------------------------------------+---------------------------------------+---------------------------------------+


+------------------------------------------+
; Parallel Compilation                     ;
+----------------------------+-------------+
; Processors                 ; Number      ;
+----------------------------+-------------+
; Number detected on machine ; 16          ;
; Maximum allowed            ; 16          ;
;                            ;             ;
; Average used               ; 2.03        ;
; Maximum used               ; 16          ;
;                            ;             ;
; Usage by Processor         ; % Time Used ;
;     Processor 1            ; 100.0%      ;
;     Processor 2            ;   7.4%      ;
;     Processor 3            ;   7.3%      ;
;     Processor 4            ;   7.3%      ;
;     Processor 5            ;   7.2%      ;
;     Processor 6            ;   7.2%      ;
;     Processor 7            ;   7.2%      ;
;     Processor 8            ;   7.1%      ;
;     Processors 9-16        ;   6.6%      ;
+----------------------------+-------------+


+----------------------------------------------------------------------------------------------------+
; Incremental Compilation Preservation Summary                                                       ;
+---------------------+----------------------+----------------------------+--------------------------+
; Type                ; Total [A + B]        ; From Design Partitions [A] ; From Rapid Recompile [B] ;
+---------------------+----------------------+----------------------------+--------------------------+
; Placement (by node) ;                      ;                            ;                          ;
;     -- Requested    ; 0.00 % ( 0 / 29240 ) ; 0.00 % ( 0 / 29240 )       ; 0.00 % ( 0 / 29240 )     ;
;     -- Achieved     ; 0.00 % ( 0 / 29240 ) ; 0.00 % ( 0 / 29240 )       ; 0.00 % ( 0 / 29240 )     ;
;                     ;                      ;                            ;                          ;
; Routing (by net)    ;                      ;                            ;                          ;
;     -- Requested    ; 0.00 % ( 0 / 0 )     ; 0.00 % ( 0 / 0 )           ; 0.00 % ( 0 / 0 )         ;
;     -- Achieved     ; 0.00 % ( 0 / 0 )     ; 0.00 % ( 0 / 0 )           ; 0.00 % ( 0 / 0 )         ;
+---------------------+----------------------+----------------------------+--------------------------+


+----------------------------------------------------------------------------------------------------------------------------------------------------------------------------------------+
; Incremental Compilation Partition Settings                                                                                                                                             ;
+--------------------------------+----------------+-------------------+-------------------------+------------------------+------------------------------+--------------------------------+
; Partition Name                 ; Partition Type ; Netlist Type Used ; Preservation Level Used ; Netlist Type Requested ; Preservation Level Requested ; Contents                       ;
+--------------------------------+----------------+-------------------+-------------------------+------------------------+------------------------------+--------------------------------+
; Top                            ; User-created   ; Source File       ; N/A                     ; Source File            ; N/A                          ;                                ;
; hard_block:auto_generated_inst ; Auto-generated ; Source File       ; N/A                     ; Source File            ; N/A                          ; hard_block:auto_generated_inst ;
+--------------------------------+----------------+-------------------+-------------------------+------------------------+------------------------------+--------------------------------+


+------------------------------------------------------------------------------------------------------------------------------------+
; Incremental Compilation Placement Preservation                                                                                     ;
+--------------------------------+-----------------------+-------------------------+-------------------+---------------------+-------+
; Partition Name                 ; Preservation Achieved ; Preservation Level Used ; Netlist Type Used ; Preservation Method ; Notes ;
+--------------------------------+-----------------------+-------------------------+-------------------+---------------------+-------+
; Top                            ; 0.00 % ( 0 / 29224 )  ; N/A                     ; Source File       ; N/A                 ;       ;
; hard_block:auto_generated_inst ; 0.00 % ( 0 / 16 )     ; N/A                     ; Source File       ; N/A                 ;       ;
+--------------------------------+-----------------------+-------------------------+-------------------+---------------------+-------+


+--------------+
; Pin-Out File ;
+--------------+
The pin-out file can be found in E:/soc26prj/Quartus/output_files/top.pin.


+----------------------------------------------------------------------------+
; Fitter Resource Usage Summary                                              ;
+---------------------------------------------+------------------------------+
; Resource                                    ; Usage                        ;
+---------------------------------------------+------------------------------+
; Total logic elements                        ; 23,930 / 49,760 ( 48 % )     ;
;     -- Combinational with no register       ; 17850                        ;
;     -- Register only                        ; 941                          ;
;     -- Combinational with a register        ; 5139                         ;
;                                             ;                              ;
; Logic element usage by number of LUT inputs ;                              ;
;     -- 4 input functions                    ; 16220                        ;
;     -- 3 input functions                    ; 5033                         ;
;     -- <=2 input functions                  ; 1736                         ;
;     -- Register only                        ; 941                          ;
;                                             ;                              ;
; Logic elements by mode                      ;                              ;
;     -- normal mode                          ; 21877                        ;
;     -- arithmetic mode                      ; 1112                         ;
;                                             ;                              ;
; Total registers*                            ; 6,080 / 51,509 ( 12 % )      ;
;     -- Dedicated logic registers            ; 6,080 / 49,760 ( 12 % )      ;
;     -- I/O registers                        ; 0 / 1,749 ( 0 % )            ;
;                                             ;                              ;
; Total LABs:  partially or completely used   ; 1,751 / 3,110 ( 56 % )       ;
; Virtual pins                                ; 0                            ;
; I/O pins                                    ; 27 / 360 ( 8 % )             ;
;     -- Clock pins                           ; 2 / 8 ( 25 % )               ;
;     -- Dedicated input pins                 ; 1 / 1 ( 100 % )              ;
;                                             ;                              ;
; M9Ks                                        ; 65 / 182 ( 36 % )            ;
; UFM blocks                                  ; 0 / 1 ( 0 % )                ;
; ADC blocks                                  ; 0 / 2 ( 0 % )                ;
; Total block memory bits                     ; 524,672 / 1,677,312 ( 31 % ) ;
; Total block memory implementation bits      ; 599,040 / 1,677,312 ( 36 % ) ;
; Embedded Multiplier 9-bit elements          ; 6 / 288 ( 2 % )              ;
; PLLs                                        ; 0 / 4 ( 0 % )                ;
; Global signals                              ; 5                            ;
;     -- Global clocks                        ; 5 / 20 ( 25 % )              ;
; JTAGs                                       ; 0 / 1 ( 0 % )                ;
; CRC blocks                                  ; 0 / 1 ( 0 % )                ;
; Remote update blocks                        ; 0 / 1 ( 0 % )                ;
; Oscillator blocks                           ; 0 / 1 ( 0 % )                ;
; Impedance control blocks                    ; 0 / 1 ( 0 % )                ;
; Average interconnect usage (total/H/V)      ; 26.6% / 25.4% / 28.2%        ;
; Peak interconnect usage (total/H/V)         ; 75.9% / 73.6% / 79.0%        ;
; Maximum fan-out                             ; 5753                         ;
; Highest non-global fan-out                  ; 978                          ;
; Total fan-out                               ; 107153                       ;
; Average fan-out                             ; 3.56                         ;
+---------------------------------------------+------------------------------+
*  Register count does not include registers inside RAM blocks or DSP blocks.



+-------------------------------------------------------------------------------------------------------+
; Fitter Partition Statistics                                                                           ;
+---------------------------------------------+------------------------+--------------------------------+
; Statistic                                   ; Top                    ; hard_block:auto_generated_inst ;
+---------------------------------------------+------------------------+--------------------------------+
; Difficulty Clustering Region                ; Low                    ; Low                            ;
;                                             ;                        ;                                ;
; Total logic elements                        ; 23930 / 49760 ( 48 % ) ; 0 / 49760 ( 0 % )              ;
;     -- Combinational with no register       ; 17850                  ; 0                              ;
;     -- Register only                        ; 941                    ; 0                              ;
;     -- Combinational with a register        ; 5139                   ; 0                              ;
;                                             ;                        ;                                ;
; Logic element usage by number of LUT inputs ;                        ;                                ;
;     -- 4 input functions                    ; 16220                  ; 0                              ;
;     -- 3 input functions                    ; 5033                   ; 0                              ;
;     -- <=2 input functions                  ; 1736                   ; 0                              ;
;     -- Register only                        ; 941                    ; 0                              ;
;                                             ;                        ;                                ;
; Logic elements by mode                      ;                        ;                                ;
;     -- normal mode                          ; 21877                  ; 0                              ;
;     -- arithmetic mode                      ; 1112                   ; 0                              ;
;                                             ;                        ;                                ;
; Total registers                             ; 6080                   ; 0                              ;
;     -- Dedicated logic registers            ; 6080 / 49760 ( 12 % )  ; 0 / 49760 ( 0 % )              ;
;     -- I/O registers                        ; 0                      ; 0                              ;
;                                             ;                        ;                                ;
; Total LABs:  partially or completely used   ; 1751 / 3110 ( 56 % )   ; 0 / 3110 ( 0 % )               ;
;                                             ;                        ;                                ;
; Virtual pins                                ; 0                      ; 0                              ;
; I/O pins                                    ; 27                     ; 0                              ;
; Embedded Multiplier 9-bit elements          ; 6 / 288 ( 2 % )        ; 0 / 288 ( 0 % )                ;
; Total memory bits                           ; 524672                 ; 0                              ;
; Total RAM block bits                        ; 599040                 ; 0                              ;
; M9K                                         ; 65 / 182 ( 35 % )      ; 0 / 182 ( 0 % )                ;
; Clock control block                         ; 5 / 24 ( 20 % )        ; 0 / 24 ( 0 % )                 ;
; User Flash Memory                           ; 1 / 1 ( 100 % )        ; 0 / 1 ( 0 % )                  ;
; Analog-to-Digital Converter                 ; 2 / 2 ( 100 % )        ; 0 / 2 ( 0 % )                  ;
;                                             ;                        ;                                ;
; Connections                                 ;                        ;                                ;
;     -- Input Connections                    ; 9                      ; 0                              ;
;     -- Registered Input Connections         ; 0                      ; 0                              ;
;     -- Output Connections                   ; 9                      ; 0                              ;
;     -- Registered Output Connections        ; 0                      ; 0                              ;
;                                             ;                        ;                                ;
; Internal Connections                        ;                        ;                                ;
;     -- Total Connections                    ; 107277                 ; 8                              ;
;     -- Registered Connections               ; 30691                  ; 0                              ;
;                                             ;                        ;                                ;
; External Connections                        ;                        ;                                ;
;     -- Top                                  ; 18                     ; 0                              ;
;     -- hard_block:auto_generated_inst       ; 0                      ; 0                              ;
;                                             ;                        ;                                ;
; Partition Interface                         ;                        ;                                ;
;     -- Input Ports                          ; 10                     ; 0                              ;
;     -- Output Ports                         ; 8                      ; 0                              ;
;     -- Bidir Ports                          ; 9                      ; 0                              ;
;                                             ;                        ;                                ;
; Registered Ports                            ;                        ;                                ;
;     -- Registered Input Ports               ; 0                      ; 0                              ;
;     -- Registered Output Ports              ; 0                      ; 0                              ;
;                                             ;                        ;                                ;
; Port Connectivity                           ;                        ;                                ;
;     -- Input Ports driven by GND            ; 0                      ; 0                              ;
;     -- Output Ports driven by GND           ; 0                      ; 0                              ;
;     -- Input Ports driven by VCC            ; 0                      ; 0                              ;
;     -- Output Ports driven by VCC           ; 0                      ; 0                              ;
;     -- Input Ports with no Source           ; 0                      ; 0                              ;
;     -- Output Ports with no Source          ; 0                      ; 0                              ;
;     -- Input Ports with no Fanout           ; 0                      ; 0                              ;
;     -- Output Ports with no Fanout          ; 0                      ; 0                              ;
+---------------------------------------------+------------------------+--------------------------------+


+-----------------------------------------------------------------------------------------------------------------------------------------------------------------------------------------------------------------------------------------------------------------------------------------------+
; Input Pins                                                                                                                                                                                                                                                                                    ;
+--------------+-------+----------+--------------+--------------+--------------+-----------------------+--------------------+--------+----------------+---------------+-----------------+----------+--------------+--------------+---------------------------+----------------------+-----------+
; Name         ; Pin # ; I/O Bank ; X coordinate ; Y coordinate ; Z coordinate ; Combinational Fan-Out ; Registered Fan-Out ; Global ; Input Register ; Power Up High ; PCI I/O Enabled ; Bus Hold ; Weak Pull Up ; I/O Standard ; Termination Control Block ; Location assigned by ; Slew Rate ;
+--------------+-------+----------+--------------+--------------+--------------+-----------------------+--------------------+--------+----------------+---------------+-----------------+----------+--------------+--------------+---------------------------+----------------------+-----------+
; CLK          ; N14   ; 6        ; 78           ; 29           ; 21           ; 5753                  ; 0                  ; yes    ; no             ; no            ; yes             ; no       ; Off          ; 3.3-V LVTTL  ; --                        ; User                 ; 0         ;
; RESETn       ; A7    ; 7        ; 49           ; 54           ; 28           ; 978                   ; 0                  ; no     ; no             ; no            ; yes             ; no       ; Off          ; 3.3-V LVTTL  ; --                        ; User                 ; 0         ;
; TCK          ; W8    ; 3        ; 24           ; 0            ; 0            ; 327                   ; 0                  ; no     ; no             ; no            ; yes             ; no       ; Off          ; 3.3-V LVTTL  ; --                        ; User                 ; 0         ;
; TDI          ; W10   ; 3        ; 24           ; 0            ; 28           ; 2                     ; 0                  ; no     ; no             ; no            ; yes             ; no       ; Off          ; 3.3-V LVTTL  ; --                        ; User                 ; 0         ;
; flash_miso   ; Y4    ; 3        ; 24           ; 0            ; 14           ; 8                     ; 0                  ; no     ; no             ; no            ; yes             ; no       ; Off          ; 3.3-V LVTTL  ; --                        ; User                 ; 0         ;
; i2s_sd       ; W13   ; 4        ; 46           ; 0            ; 0            ; 1                     ; 0                  ; no     ; no             ; no            ; yes             ; no       ; Off          ; 3.3-V LVTTL  ; --                        ; User                 ; 0         ;
; timer0_extin ; C8    ; 8        ; 36           ; 39           ; 28           ; 1                     ; 0                  ; no     ; no             ; no            ; yes             ; no       ; Off          ; 2.5 V        ; --                        ; Fitter               ; 0         ;
; timer1_extin ; M20   ; 6        ; 78           ; 34           ; 7            ; 0                     ; 0                  ; no     ; no             ; no            ; yes             ; no       ; Off          ; 2.5 V        ; --                        ; Fitter               ; 0         ;
; uart1_rxd    ; Y7    ; 3        ; 20           ; 0            ; 7            ; 1                     ; 0                  ; no     ; no             ; no            ; yes             ; no       ; Off          ; 3.3-V LVTTL  ; --                        ; User                 ; 0         ;
; uart2_rxd    ; N4    ; 2        ; 0            ; 23           ; 14           ; 0                     ; 0                  ; no     ; no             ; no            ; yes             ; no       ; Off          ; 2.5 V        ; --                        ; Fitter               ; 0         ;
+--------------+-------+----------+--------------+--------------+--------------+-----------------------+--------------------+--------+----------------+---------------+-----------------+----------+--------------+--------------+---------------------------+----------------------+-----------+


+-------------------------------------------------------------------------------------------------------------------------------------------------------------------------------------------------------------------------------------------------------------------------------------------------------------------------------------------------------------------------------------------------------------------------------------------------------------+
; Output Pins                                                                                                                                                                                                                                                                                                                                                                                                                                                 ;
+------------+-------+----------+--------------+--------------+--------------+-----------------+------------------------+---------------+-----------+-----------------+------------+---------------+----------+--------------+--------------+------------------+-----------------------------------+---------------------------+----------------------------+-----------------------------+----------------------+----------------------+---------------------+
; Name       ; Pin # ; I/O Bank ; X coordinate ; Y coordinate ; Z coordinate ; Output Register ; Output Enable Register ; Power Up High ; Slew Rate ; PCI I/O Enabled ; Open Drain ; TRI Primitive ; Bus Hold ; Weak Pull Up ; I/O Standard ; Current Strength ; Termination                       ; Termination Control Block ; Output Buffer Pre-emphasis ; Voltage Output Differential ; Location assigned by ; Output Enable Source ; Output Enable Group ;
+------------+-------+----------+--------------+--------------+--------------+-----------------+------------------------+---------------+-----------+-----------------+------------+---------------+----------+--------------+--------------+------------------+-----------------------------------+---------------------------+----------------------------+-----------------------------+----------------------+----------------------+---------------------+
; TDO        ; W7    ; 3        ; 24           ; 0            ; 7            ; no              ; no                     ; no            ; 2         ; yes             ; no         ; yes           ; no       ; Off          ; 3.3-V LVTTL  ; 8mA              ; Off                               ; --                        ; no                         ; no                          ; User                 ; -                    ; -                   ;
; flash_cs_n ; Y5    ; 3        ; 18           ; 0            ; 0            ; no              ; no                     ; no            ; 2         ; no              ; no         ; no            ; no       ; Off          ; 3.3-V LVTTL  ; 8mA              ; Off                               ; --                        ; no                         ; no                          ; User                 ; -                    ; -                   ;
; flash_mosi ; Y3    ; 3        ; 24           ; 0            ; 21           ; no              ; no                     ; no            ; 2         ; no              ; no         ; no            ; no       ; Off          ; 3.3-V LVTTL  ; 8mA              ; Off                               ; --                        ; no                         ; no                          ; User                 ; -                    ; -                   ;
; flash_sclk ; AA2   ; 3        ; 18           ; 0            ; 21           ; no              ; no                     ; no            ; 2         ; no              ; no         ; no            ; no       ; Off          ; 3.3-V LVTTL  ; 8mA              ; Off                               ; --                        ; no                         ; no                          ; User                 ; -                    ; -                   ;
; i2s_sck    ; AA15  ; 4        ; 54           ; 0            ; 28           ; no              ; no                     ; no            ; 2         ; no              ; no         ; no            ; no       ; Off          ; 3.3-V LVTTL  ; 8mA              ; Off                               ; --                        ; no                         ; no                          ; User                 ; -                    ; -                   ;
; i2s_ws     ; AB13  ; 4        ; 40           ; 0            ; 14           ; no              ; no                     ; no            ; 2         ; no              ; no         ; no            ; no       ; Off          ; 3.3-V LVTTL  ; 8mA              ; Off                               ; --                        ; no                         ; no                          ; User                 ; -                    ; -                   ;
; uart1_txd  ; Y8    ; 3        ; 20           ; 0            ; 0            ; no              ; no                     ; no            ; 2         ; no              ; no         ; no            ; no       ; Off          ; 3.3-V LVTTL  ; 8mA              ; Off                               ; --                        ; no                         ; no                          ; User                 ; -                    ; -                   ;
; uart2_txd  ; U4    ; 2        ; 0            ; 10           ; 14           ; no              ; no                     ; no            ; 2         ; no              ; no         ; no            ; no       ; Off          ; 2.5 V        ; Default          ; Series 50 Ohm without Calibration ; --                        ; no                         ; no                          ; Fitter               ; -                    ; -                   ;
+------------+-------+----------+--------------+--------------+--------------+-----------------+------------------------+---------------+-----------+-----------------+------------+---------------+----------+--------------+--------------+------------------+-----------------------------------+---------------------------+----------------------------+-----------------------------+----------------------+----------------------+---------------------+


+-------------------------------------------------------------------------------------------------------------------------------------------------------------------------------------------------------------------------------------------------------------------------------------------------------------------------------------------------------------------------------------------------------------------------------------------------------------------------------------------------------------------------------------------------------------------------------------------------------+
; Bidir Pins                                                                                                                                                                                                                                                                                                                                                                                                                                                                                                                                                                                            ;
+---------------------+-------+----------+--------------+--------------+--------------+-----------------------+--------------------+--------+----------------+-----------------+------------------------+---------------+-----------+-----------------+------------+----------+--------------+--------------+------------------+-----------------------------------+---------------------------+----------------------------+----------------------+----------------------+-----------------------------------------------------------------------------------------------------------------------------+
; Name                ; Pin # ; I/O Bank ; X coordinate ; Y coordinate ; Z coordinate ; Combinational Fan-Out ; Registered Fan-Out ; Global ; Input Register ; Output Register ; Output Enable Register ; Power Up High ; Slew Rate ; PCI I/O Enabled ; Open Drain ; Bus Hold ; Weak Pull Up ; I/O Standard ; Current Strength ; Output Termination                ; Termination Control Block ; Output Buffer Pre-emphasis ; Location assigned by ; Output Enable Source ; Output Enable Group                                                                                                         ;
+---------------------+-------+----------+--------------+--------------+--------------+-----------------------+--------------------+--------+----------------+-----------------+------------------------+---------------+-----------+-----------------+------------+----------+--------------+--------------+------------------+-----------------------------------+---------------------------+----------------------------+----------------------+----------------------+-----------------------------------------------------------------------------------------------------------------------------+
; TMS                 ; W9    ; 3        ; 22           ; 0            ; 0            ; 30                    ; 0                  ; no     ; no             ; no              ; no                     ; no            ; 2         ; yes             ; no         ; no       ; Off          ; 3.3-V LVTTL  ; 8mA              ; Off                               ; --                        ; no                         ; User                 ; 0 pF                 ; CORTEXM3INTEGRATIONDS:u_CORTEXM3INTEGRATION|cortexm3ds_logic:u_cortexm3ds_logic|J0doz6 (inverted)                           ;
; b_pad_gpio_porta[0] ; W20   ; 5        ; 78           ; 16           ; 14           ; 2                     ; 0                  ; no     ; no             ; no              ; no                     ; no            ; 2         ; yes             ; no         ; no       ; Off          ; 2.5 V        ; Default          ; Series 50 Ohm without Calibration ; --                        ; no                         ; Fitter               ; 0 pF                 ; cmsdk_apb_subsystem:u_apb_subsystem|gpio:gen_apb_gpio_0.u_gpio_0|gpio_apbif:x_gpio_apbif|int_gpio_swporta_ddr[0] (inverted) ;
; b_pad_gpio_porta[1] ; U19   ; 5        ; 78           ; 15           ; 14           ; 2                     ; 0                  ; no     ; no             ; no              ; no                     ; no            ; 2         ; yes             ; no         ; no       ; Off          ; 2.5 V        ; Default          ; Series 50 Ohm without Calibration ; --                        ; no                         ; Fitter               ; 0 pF                 ; cmsdk_apb_subsystem:u_apb_subsystem|gpio:gen_apb_gpio_0.u_gpio_0|gpio_apbif:x_gpio_apbif|int_gpio_swporta_ddr[1] (inverted) ;
; b_pad_gpio_porta[2] ; Y21   ; 5        ; 78           ; 16           ; 0            ; 2                     ; 0                  ; no     ; no             ; no              ; no                     ; no            ; 2         ; yes             ; no         ; no       ; Off          ; 2.5 V        ; Default          ; Series 50 Ohm without Calibration ; --                        ; no                         ; Fitter               ; 0 pF                 ; cmsdk_apb_subsystem:u_apb_subsystem|gpio:gen_apb_gpio_0.u_gpio_0|gpio_apbif:x_gpio_apbif|int_gpio_swporta_ddr[2] (inverted) ;
; b_pad_gpio_porta[3] ; Y22   ; 5        ; 78           ; 15           ; 7            ; 2                     ; 0                  ; no     ; no             ; no              ; no                     ; no            ; 2         ; yes             ; no         ; no       ; Off          ; 2.5 V        ; Default          ; Series 50 Ohm without Calibration ; --                        ; no                         ; Fitter               ; 0 pF                 ; cmsdk_apb_subsystem:u_apb_subsystem|gpio:gen_apb_gpio_0.u_gpio_0|gpio_apbif:x_gpio_apbif|int_gpio_swporta_ddr[3] (inverted) ;
; b_pad_gpio_porta[4] ; W22   ; 5        ; 78           ; 15           ; 0            ; 2                     ; 0                  ; no     ; no             ; no              ; no                     ; no            ; 2         ; yes             ; no         ; no       ; Off          ; 2.5 V        ; Default          ; Series 50 Ohm without Calibration ; --                        ; no                         ; Fitter               ; 0 pF                 ; cmsdk_apb_subsystem:u_apb_subsystem|gpio:gen_apb_gpio_0.u_gpio_0|gpio_apbif:x_gpio_apbif|int_gpio_swporta_ddr[4] (inverted) ;
; b_pad_gpio_porta[5] ; Y20   ; 5        ; 78           ; 16           ; 7            ; 2                     ; 0                  ; no     ; no             ; no              ; no                     ; no            ; 2         ; yes             ; no         ; no       ; Off          ; 2.5 V        ; Default          ; Series 50 Ohm without Calibration ; --                        ; no                         ; Fitter               ; 0 pF                 ; cmsdk_apb_subsystem:u_apb_subsystem|gpio:gen_apb_gpio_0.u_gpio_0|gpio_apbif:x_gpio_apbif|int_gpio_swporta_ddr[5] (inverted) ;
; b_pad_gpio_porta[6] ; V18   ; 5        ; 78           ; 15           ; 21           ; 2                     ; 0                  ; no     ; no             ; no              ; no                     ; no            ; 2         ; yes             ; no         ; no       ; Off          ; 2.5 V        ; Default          ; Series 50 Ohm without Calibration ; --                        ; no                         ; Fitter               ; 0 pF                 ; cmsdk_apb_subsystem:u_apb_subsystem|gpio:gen_apb_gpio_0.u_gpio_0|gpio_apbif:x_gpio_apbif|int_gpio_swporta_ddr[6] (inverted) ;
; b_pad_gpio_porta[7] ; W19   ; 5        ; 78           ; 16           ; 22           ; 2                     ; 0                  ; no     ; no             ; no              ; no                     ; no            ; 2         ; yes             ; no         ; no       ; Off          ; 2.5 V        ; Default          ; Series 50 Ohm without Calibration ; --                        ; no                         ; Fitter               ; 0 pF                 ; cmsdk_apb_subsystem:u_apb_subsystem|gpio:gen_apb_gpio_0.u_gpio_0|gpio_apbif:x_gpio_apbif|int_gpio_swporta_ddr[7] (inverted) ;
+---------------------+-------+----------+--------------+--------------+--------------+-----------------------+--------------------+--------+----------------+-----------------+------------------------+---------------+-----------+-----------------+------------+----------+--------------+--------------+------------------+-----------------------------------+---------------------------+----------------------------+----------------------+----------------------+-----------------------------------------------------------------------------------------------------------------------------+


+-----------------------------------------------------------------------------------------------------------------------------------------+
; Dual Purpose and Dedicated Pins                                                                                                         ;
+----------+----------------------------------------------------+--------------------------------+---------------------+------------------+
; Location ; Pin Name                                           ; Reserved As                    ; User Signal Name    ; Pin Type         ;
+----------+----------------------------------------------------+--------------------------------+---------------------+------------------+
; H2       ; DIFFIO_RX_L17n, DIFFOUT_L17n, TMS, Low_Speed       ; Reserved as secondary function ; ~ALTERA_TMS~        ; Dual Purpose Pin ;
; G2       ; DIFFIO_RX_L17p, DIFFOUT_L17p, TCK, Low_Speed       ; Reserved as secondary function ; ~ALTERA_TCK~        ; Dual Purpose Pin ;
; L4       ; DIFFIO_RX_L18n, DIFFOUT_L18n, TDI, Low_Speed       ; Reserved as secondary function ; ~ALTERA_TDI~        ; Dual Purpose Pin ;
; M5       ; DIFFIO_RX_L18p, DIFFOUT_L18p, TDO, Low_Speed       ; Reserved as secondary function ; ~ALTERA_TDO~        ; Dual Purpose Pin ;
; H10      ; CONFIG_SEL, Low_Speed                              ; Reserved as secondary function ; ~ALTERA_CONFIG_SEL~ ; Dual Purpose Pin ;
; H9       ; nCONFIG, Low_Speed                                 ; Reserved as secondary function ; ~ALTERA_nCONFIG~    ; Dual Purpose Pin ;
; G9       ; DIFFIO_RX_T50p, DIFFOUT_T50p, nSTATUS, Low_Speed   ; Reserved as secondary function ; ~ALTERA_nSTATUS~    ; Dual Purpose Pin ;
; F8       ; DIFFIO_RX_T50n, DIFFOUT_T50n, CONF_DONE, Low_Speed ; Reserved as secondary function ; ~ALTERA_CONF_DONE~  ; Dual Purpose Pin ;
+----------+----------------------------------------------------+--------------------------------+---------------------+------------------+


+------------------------------------------------------------+
; I/O Bank Usage                                             ;
+----------+------------------+---------------+--------------+
; I/O Bank ; Usage            ; VCCIO Voltage ; VREF Voltage ;
+----------+------------------+---------------+--------------+
; 1A       ; 0 / 16 ( 0 % )   ; 2.5V          ; --           ;
; 1B       ; 4 / 24 ( 17 % )  ; 2.5V          ; --           ;
; 2        ; 2 / 36 ( 6 % )   ; 2.5V          ; --           ;
; 3        ; 10 / 48 ( 21 % ) ; 3.3V          ; --           ;
; 4        ; 3 / 48 ( 6 % )   ; 3.3V          ; --           ;
; 5        ; 8 / 40 ( 20 % )  ; 2.5V          ; --           ;
; 6        ; 2 / 60 ( 3 % )   ; 2.5V          ; --           ;
; 7        ; 1 / 52 ( 2 % )   ; 3.3V          ; --           ;
; 8        ; 5 / 36 ( 14 % )  ; 2.5V          ; --           ;
+----------+------------------+---------------+--------------+


+---------------------------------------------------------------------------------------------------------------------------------------------------------------------------------------+
; All Package Pins                                                                                                                                                                      ;
+----------+------------+----------+------------------------------------------------+--------+-----------------------+---------+------------+-----------------+----------+--------------+
; Location ; Pad Number ; I/O Bank ; Pin Name/Usage                                 ; Dir.   ; I/O Standard          ; Voltage ; I/O Type   ; User Assignment ; Bus Hold ; Weak Pull Up ;
+----------+------------+----------+------------------------------------------------+--------+-----------------------+---------+------------+-----------------+----------+--------------+
; A1       ;            ;          ; GND                                            ; gnd    ;                       ;         ; --         ;                 ; --       ; --           ;
; A2       ; 481        ; 8        ; RESERVED_INPUT_WITH_WEAK_PULLUP                ;        ;                       ;         ; Column I/O ;                 ; no       ; On           ;
; A3       ; 483        ; 8        ; RESERVED_INPUT_WITH_WEAK_PULLUP                ;        ;                       ;         ; Column I/O ;                 ; no       ; On           ;
; A4       ; 475        ; 8        ; RESERVED_INPUT_WITH_WEAK_PULLUP                ;        ;                       ;         ; Column I/O ;                 ; no       ; On           ;
; A5       ; 473        ; 8        ; RESERVED_INPUT_WITH_WEAK_PULLUP                ;        ;                       ;         ; Column I/O ;                 ; no       ; On           ;
; A6       ; 471        ; 8        ; RESERVED_INPUT_WITH_WEAK_PULLUP                ;        ;                       ;         ; Column I/O ;                 ; no       ; On           ;
; A7       ; 445        ; 7        ; RESETn                                         ; input  ; 3.3-V LVTTL           ;         ; Column I/O ; Y               ; no       ; Off          ;
; A8       ; 447        ; 7        ; RESERVED_INPUT_WITH_WEAK_PULLUP                ;        ;                       ;         ; Column I/O ;                 ; no       ; On           ;
; A9       ; 449        ; 7        ; RESERVED_INPUT_WITH_WEAK_PULLUP                ;        ;                       ;         ; Column I/O ;                 ; no       ; On           ;
; A10      ; 439        ; 7        ; RESERVED_INPUT_WITH_WEAK_PULLUP                ;        ;                       ;         ; Column I/O ;                 ; no       ; On           ;
; A11      ; 437        ; 7        ; RESERVED_INPUT_WITH_WEAK_PULLUP                ;        ;                       ;         ; Column I/O ;                 ; no       ; On           ;
; A12      ; 435        ; 7        ; RESERVED_INPUT_WITH_WEAK_PULLUP                ;        ;                       ;         ; Column I/O ;                 ; no       ; On           ;
; A13      ; 433        ; 7        ; RESERVED_INPUT_WITH_WEAK_PULLUP                ;        ;                       ;         ; Column I/O ;                 ; no       ; On           ;
; A14      ; 425        ; 7        ; RESERVED_INPUT_WITH_WEAK_PULLUP                ;        ;                       ;         ; Column I/O ;                 ; no       ; On           ;
; A15      ; 421        ; 7        ; RESERVED_INPUT_WITH_WEAK_PULLUP                ;        ;                       ;         ; Column I/O ;                 ; no       ; On           ;
; A16      ; 419        ; 7        ; RESERVED_INPUT_WITH_WEAK_PULLUP                ;        ;                       ;         ; Column I/O ;                 ; no       ; On           ;
; A17      ; 407        ; 7        ; RESERVED_INPUT_WITH_WEAK_PULLUP                ;        ;                       ;         ; Column I/O ;                 ; no       ; On           ;
; A18      ; 405        ; 7        ; RESERVED_INPUT_WITH_WEAK_PULLUP                ;        ;                       ;         ; Column I/O ;                 ; no       ; On           ;
; A19      ; 403        ; 7        ; RESERVED_INPUT_WITH_WEAK_PULLUP                ;        ;                       ;         ; Column I/O ;                 ; no       ; On           ;
; A20      ; 401        ; 7        ; RESERVED_INPUT_WITH_WEAK_PULLUP                ;        ;                       ;         ; Column I/O ;                 ; no       ; On           ;
; A21      ; 371        ; 6        ; RESERVED_INPUT_WITH_WEAK_PULLUP                ;        ;                       ;         ; Row I/O    ;                 ; no       ; On           ;
; A22      ;            ;          ; GND                                            ; gnd    ;                       ;         ; --         ;                 ; --       ; --           ;
; AA1      ; 133        ; 3        ; RESERVED_INPUT_WITH_WEAK_PULLUP                ;        ;                       ;         ; Column I/O ;                 ; no       ; On           ;
; AA2      ; 135        ; 3        ; flash_sclk                                     ; output ; 3.3-V LVTTL           ;         ; Column I/O ; Y               ; no       ; Off          ;
; AA3      ; 153        ; 3        ; RESERVED_INPUT_WITH_WEAK_PULLUP                ;        ;                       ;         ; Column I/O ;                 ; --       ; --           ;
; AA4      ;            ;          ; GND                                            ; gnd    ;                       ;         ; --         ;                 ; --       ; --           ;
; AA5      ; 157        ; 3        ; RESERVED_INPUT_WITH_WEAK_PULLUP                ;        ;                       ;         ; Column I/O ;                 ; no       ; On           ;
; AA6      ; 156        ; 3        ; RESERVED_INPUT_WITH_WEAK_PULLUP                ;        ;                       ;         ; Column I/O ;                 ; no       ; On           ;
; AA7      ; 158        ; 3        ; RESERVED_INPUT_WITH_WEAK_PULLUP                ;        ;                       ;         ; Column I/O ;                 ; no       ; On           ;
; AA8      ; 165        ; 3        ; RESERVED_INPUT_WITH_WEAK_PULLUP                ;        ;                       ;         ; Column I/O ;                 ; no       ; On           ;
; AA9      ; 169        ; 3        ; RESERVED_INPUT_WITH_WEAK_PULLUP                ;        ;                       ;         ; Column I/O ;                 ; no       ; On           ;
; AA10     ; 170        ; 3        ; RESERVED_INPUT_WITH_WEAK_PULLUP                ;        ;                       ;         ; Column I/O ;                 ; no       ; On           ;
; AA11     ; 180        ; 4        ; RESERVED_INPUT_WITH_WEAK_PULLUP                ;        ;                       ;         ; Column I/O ;                 ; no       ; On           ;
; AA12     ; 182        ; 4        ; RESERVED_INPUT_WITH_WEAK_PULLUP                ;        ;                       ;         ; Column I/O ;                 ; no       ; On           ;
; AA13     ; 197        ; 4        ; RESERVED_INPUT_WITH_WEAK_PULLUP                ;        ;                       ;         ; Column I/O ;                 ; --       ; --           ;
; AA14     ; 201        ; 4        ; RESERVED_INPUT_WITH_WEAK_PULLUP                ;        ;                       ;         ; Column I/O ;                 ; no       ; On           ;
; AA15     ; 205        ; 4        ; i2s_sck                                        ; output ; 3.3-V LVTTL           ;         ; Column I/O ; Y               ; no       ; Off          ;
; AA16     ; 211        ; 4        ; RESERVED_INPUT_WITH_WEAK_PULLUP                ;        ;                       ;         ; Column I/O ;                 ; no       ; On           ;
; AA17     ; 212        ; 4        ; RESERVED_INPUT_WITH_WEAK_PULLUP                ;        ;                       ;         ; Column I/O ;                 ; no       ; On           ;
; AA18     ;            ;          ; GND                                            ; gnd    ;                       ;         ; --         ;                 ; --       ; --           ;
; AA19     ; 217        ; 4        ; RESERVED_INPUT_WITH_WEAK_PULLUP                ;        ;                       ;         ; Column I/O ;                 ; no       ; On           ;
; AA20     ; 227        ; 4        ; RESERVED_INPUT_WITH_WEAK_PULLUP                ;        ;                       ;         ; Column I/O ;                 ; no       ; On           ;
; AA21     ; 245        ; 5        ; RESERVED_INPUT_WITH_WEAK_PULLUP                ;        ;                       ;         ; Row I/O    ;                 ; no       ; On           ;
; AA22     ; 247        ; 5        ; RESERVED_INPUT_WITH_WEAK_PULLUP                ;        ;                       ;         ; Row I/O    ;                 ; no       ; On           ;
; AB1      ;            ;          ; GND                                            ; gnd    ;                       ;         ; --         ;                 ; --       ; --           ;
; AB2      ; 145        ; 3        ; RESERVED_INPUT_WITH_WEAK_PULLUP                ;        ;                       ;         ; Column I/O ;                 ; no       ; On           ;
; AB3      ; 147        ; 3        ; RESERVED_INPUT_WITH_WEAK_PULLUP                ;        ;                       ;         ; Column I/O ;                 ; no       ; On           ;
; AB4      ; 155        ; 3        ; RESERVED_INPUT_WITH_WEAK_PULLUP                ;        ;                       ;         ; Column I/O ;                 ; no       ; On           ;
; AB5      ; 159        ; 3        ; RESERVED_INPUT_WITH_WEAK_PULLUP                ;        ;                       ;         ; Column I/O ;                 ; no       ; On           ;
; AB6      ; 161        ; 3        ; RESERVED_INPUT_WITH_WEAK_PULLUP                ;        ;                       ;         ; Column I/O ;                 ; no       ; On           ;
; AB7      ; 163        ; 3        ; RESERVED_INPUT_WITH_WEAK_PULLUP                ;        ;                       ;         ; Column I/O ;                 ; no       ; On           ;
; AB8      ; 167        ; 3        ; RESERVED_INPUT_WITH_WEAK_PULLUP                ;        ;                       ;         ; Column I/O ;                 ; no       ; On           ;
; AB9      ; 171        ; 3        ; RESERVED_INPUT_WITH_WEAK_PULLUP                ;        ;                       ;         ; Column I/O ;                 ; no       ; On           ;
; AB10     ; 177        ; 4        ; RESERVED_INPUT_WITH_WEAK_PULLUP                ;        ;                       ;         ; Column I/O ;                 ; no       ; On           ;
; AB11     ; 179        ; 4        ; RESERVED_INPUT_WITH_WEAK_PULLUP                ;        ;                       ;         ; Column I/O ;                 ; no       ; On           ;
; AB12     ; 181        ; 4        ; RESERVED_INPUT_WITH_WEAK_PULLUP                ;        ;                       ;         ; Column I/O ;                 ; no       ; On           ;
; AB13     ; 183        ; 4        ; i2s_ws                                         ; output ; 3.3-V LVTTL           ;         ; Column I/O ; Y               ; no       ; Off          ;
; AB14     ; 199        ; 4        ; RESERVED_INPUT_WITH_WEAK_PULLUP                ;        ;                       ;         ; Column I/O ;                 ; no       ; On           ;
; AB15     ; 203        ; 4        ; RESERVED_INPUT_WITH_WEAK_PULLUP                ;        ;                       ;         ; Column I/O ;                 ; no       ; On           ;
; AB16     ; 209        ; 4        ; RESERVED_INPUT_WITH_WEAK_PULLUP                ;        ;                       ;         ; Column I/O ;                 ; no       ; On           ;
; AB17     ; 241        ; 4        ; RESERVED_INPUT_WITH_WEAK_PULLUP                ;        ;                       ;         ; Column I/O ;                 ; no       ; On           ;
; AB18     ; 243        ; 4        ; RESERVED_INPUT_WITH_WEAK_PULLUP                ;        ;                       ;         ; Column I/O ;                 ; no       ; On           ;
; AB19     ; 213        ; 4        ; RESERVED_INPUT_WITH_WEAK_PULLUP                ;        ;                       ;         ; Column I/O ;                 ; no       ; On           ;
; AB20     ; 215        ; 4        ; RESERVED_INPUT_WITH_WEAK_PULLUP                ;        ;                       ;         ; Column I/O ;                 ; no       ; On           ;
; AB21     ; 225        ; 4        ; RESERVED_INPUT_WITH_WEAK_PULLUP                ;        ;                       ;         ; Column I/O ;                 ; no       ; On           ;
; AB22     ;            ;          ; GND                                            ; gnd    ;                       ;         ; --         ;                 ; --       ; --           ;
; B1       ; 495        ; 8        ; RESERVED_INPUT_WITH_WEAK_PULLUP                ;        ;                       ;         ; Column I/O ;                 ; no       ; On           ;
; B2       ; 493        ; 8        ; RESERVED_INPUT_WITH_WEAK_PULLUP                ;        ;                       ;         ; Column I/O ;                 ; no       ; On           ;
; B3       ; 484        ; 8        ; RESERVED_INPUT_WITH_WEAK_PULLUP                ;        ;                       ;         ; Column I/O ;                 ; no       ; On           ;
; B4       ; 486        ; 8        ; RESERVED_INPUT_WITH_WEAK_PULLUP                ;        ;                       ;         ; Column I/O ;                 ; no       ; On           ;
; B5       ; 485        ; 8        ; RESERVED_INPUT_WITH_WEAK_PULLUP                ;        ;                       ;         ; Column I/O ;                 ; no       ; On           ;
; B6       ;            ;          ; GND                                            ; gnd    ;                       ;         ; --         ;                 ; --       ; --           ;
; B7       ; 469        ; 8        ; RESERVED_INPUT_WITH_WEAK_PULLUP                ;        ;                       ;         ; Column I/O ;                 ; no       ; On           ;
; B8       ; 451        ; 7        ; RESERVED_INPUT_WITH_WEAK_PULLUP                ;        ;                       ;         ; Column I/O ;                 ; no       ; On           ;
; B9       ;            ;          ; GND                                            ; gnd    ;                       ;         ; --         ;                 ; --       ; --           ;
; B10      ; 448        ; 7        ; RESERVED_INPUT_WITH_WEAK_PULLUP                ;        ;                       ;         ; Column I/O ;                 ; no       ; On           ;
; B11      ; 443        ; 7        ; RESERVED_INPUT_WITH_WEAK_PULLUP                ;        ;                       ;         ; Column I/O ;                 ; no       ; On           ;
; B12      ; 441        ; 7        ; RESERVED_INPUT_WITH_WEAK_PULLUP                ;        ;                       ;         ; Column I/O ;                 ; no       ; On           ;
; B13      ;            ;          ; GND                                            ; gnd    ;                       ;         ; --         ;                 ; --       ; --           ;
; B14      ; 427        ; 7        ; RESERVED_INPUT_WITH_WEAK_PULLUP                ;        ;                       ;         ; Column I/O ;                 ; no       ; On           ;
; B15      ; 423        ; 7        ; RESERVED_INPUT_WITH_WEAK_PULLUP                ;        ;                       ;         ; Column I/O ;                 ; --       ; --           ;
; B16      ; 417        ; 7        ; RESERVED_INPUT_WITH_WEAK_PULLUP                ;        ;                       ;         ; Column I/O ;                 ; no       ; On           ;
; B17      ; 402        ; 7        ; RESERVED_INPUT_WITH_WEAK_PULLUP                ;        ;                       ;         ; Column I/O ;                 ; no       ; On           ;
; B18      ;            ;          ; GND                                            ; gnd    ;                       ;         ; --         ;                 ; --       ; --           ;
; B19      ; 399        ; 7        ; RESERVED_INPUT_WITH_WEAK_PULLUP                ;        ;                       ;         ; Column I/O ;                 ; no       ; On           ;
; B20      ; 369        ; 6        ; RESERVED_INPUT_WITH_WEAK_PULLUP                ;        ;                       ;         ; Row I/O    ;                 ; no       ; On           ;
; B21      ; 367        ; 6        ; RESERVED_INPUT_WITH_WEAK_PULLUP                ;        ;                       ;         ; Row I/O    ;                 ; no       ; On           ;
; B22      ; 365        ; 6        ; RESERVED_INPUT_WITH_WEAK_PULLUP                ;        ;                       ;         ; Row I/O    ;                 ; no       ; On           ;
; C1       ; 33         ; 1B       ; RESERVED_INPUT_WITH_WEAK_PULLUP                ;        ;                       ;         ; Row I/O    ;                 ; --       ; --           ;
; C2       ; 499        ; 8        ; RESERVED_INPUT_WITH_WEAK_PULLUP                ;        ;                       ;         ; Column I/O ;                 ; no       ; On           ;
; C3       ; 497        ; 8        ; RESERVED_INPUT_WITH_WEAK_PULLUP                ;        ;                       ;         ; Column I/O ;                 ; no       ; On           ;
; C4       ; 487        ; 8        ; RESERVED_INPUT_WITH_WEAK_PULLUP                ;        ;                       ;         ; Column I/O ;                 ; no       ; On           ;
; C5       ; 489        ; 8        ; RESERVED_INPUT_WITH_WEAK_PULLUP                ;        ;                       ;         ; Column I/O ;                 ; no       ; On           ;
; C6       ; 477        ; 8        ; RESERVED_INPUT_WITH_WEAK_PULLUP                ;        ;                       ;         ; Column I/O ;                 ; no       ; On           ;
; C7       ; 467        ; 8        ; RESERVED_INPUT_WITH_WEAK_PULLUP                ;        ;                       ;         ; Column I/O ;                 ; no       ; On           ;
; C8       ; 465        ; 8        ; timer0_extin                                   ; input  ; 2.5 V                 ;         ; Column I/O ; N               ; no       ; Off          ;
; C9       ; 450        ; 7        ; RESERVED_INPUT_WITH_WEAK_PULLUP                ;        ;                       ;         ; Column I/O ;                 ; no       ; On           ;
; C10      ; 442        ; 7        ; RESERVED_INPUT_WITH_WEAK_PULLUP                ;        ;                       ;         ; Column I/O ;                 ; no       ; On           ;
; C11      ; 440        ; 7        ; RESERVED_INPUT_WITH_WEAK_PULLUP                ;        ;                       ;         ; Column I/O ;                 ; no       ; On           ;
; C12      ; 436        ; 7        ; RESERVED_INPUT_WITH_WEAK_PULLUP                ;        ;                       ;         ; Column I/O ;                 ; no       ; On           ;
; C13      ; 426        ; 7        ; RESERVED_INPUT_WITH_WEAK_PULLUP                ;        ;                       ;         ; Column I/O ;                 ; no       ; On           ;
; C14      ; 424        ; 7        ; RESERVED_INPUT_WITH_WEAK_PULLUP                ;        ;                       ;         ; Column I/O ;                 ; no       ; On           ;
; C15      ; 418        ; 7        ; RESERVED_INPUT_WITH_WEAK_PULLUP                ;        ;                       ;         ; Column I/O ;                 ; no       ; On           ;
; C16      ; 416        ; 7        ; RESERVED_INPUT_WITH_WEAK_PULLUP                ;        ;                       ;         ; Column I/O ;                 ; no       ; On           ;
; C17      ; 391        ; 7        ; RESERVED_INPUT_WITH_WEAK_PULLUP                ;        ;                       ;         ; Column I/O ;                 ; no       ; On           ;
; C18      ; 400        ; 7        ; RESERVED_INPUT_WITH_WEAK_PULLUP                ;        ;                       ;         ; Column I/O ;                 ; no       ; On           ;
; C19      ; 397        ; 7        ; RESERVED_INPUT_WITH_WEAK_PULLUP                ;        ;                       ;         ; Column I/O ;                 ; no       ; On           ;
; C20      ; 357        ; 6        ; RESERVED_INPUT_WITH_WEAK_PULLUP                ;        ;                       ;         ; Row I/O    ;                 ; no       ; On           ;
; C21      ; 347        ; 6        ; RESERVED_INPUT_WITH_WEAK_PULLUP                ;        ;                       ;         ; Row I/O    ;                 ; no       ; On           ;
; C22      ; 343        ; 6        ; RESERVED_INPUT_WITH_WEAK_PULLUP                ;        ;                       ;         ; Row I/O    ;                 ; no       ; On           ;
; D1       ; 35         ; 1B       ; RESERVED_INPUT_WITH_WEAK_PULLUP                ;        ;                       ;         ; Row I/O    ;                 ; no       ; On           ;
; D2       ; 31         ; 1B       ; RESERVED_INPUT_WITH_WEAK_PULLUP                ;        ;                       ;         ; Row I/O    ;                 ; no       ; On           ;
; D3       ; 29         ; 1B       ; RESERVED_INPUT_WITH_WEAK_PULLUP                ;        ;                       ;         ; Row I/O    ;                 ; no       ; On           ;
; D4       ;            ;          ; GND                                            ; gnd    ;                       ;         ; --         ;                 ; --       ; --           ;
; D5       ; 491        ; 8        ; RESERVED_INPUT_WITH_WEAK_PULLUP                ;        ;                       ;         ; Column I/O ;                 ; no       ; On           ;
; D6       ; 496        ; 8        ; RESERVED_INPUT_WITH_WEAK_PULLUP                ;        ;                       ;         ; Column I/O ;                 ; no       ; On           ;
; D7       ; 479        ; 8        ; RESERVED_INPUT_WITH_WEAK_PULLUP                ;        ;                       ;         ; Column I/O ;                 ; --       ; --           ;
; D8       ; 472        ; 8        ; RESERVED_INPUT_WITH_WEAK_PULLUP                ;        ;                       ;         ; Column I/O ;                 ; no       ; On           ;
; D9       ; 474        ; 8        ; RESERVED_INPUT_WITH_WEAK_PULLUP                ;        ;                       ;         ; Column I/O ;                 ; no       ; On           ;
; D10      ; 476        ; 8        ; RESERVED_INPUT_WITH_WEAK_PULLUP                ;        ;                       ;         ; Column I/O ;                 ; no       ; On           ;
; D11      ;            ;          ; GND                                            ; gnd    ;                       ;         ; --         ;                 ; --       ; --           ;
; D12      ; 438        ; 7        ; RESERVED_INPUT_WITH_WEAK_PULLUP                ;        ;                       ;         ; Column I/O ;                 ; no       ; On           ;
; D13      ; 431        ; 7        ; RESERVED_INPUT_WITH_WEAK_PULLUP                ;        ;                       ;         ; Column I/O ;                 ; no       ; On           ;
; D14      ; 428        ; 7        ; RESERVED_INPUT_WITH_WEAK_PULLUP                ;        ;                       ;         ; Column I/O ;                 ; no       ; On           ;
; D15      ; 404        ; 7        ; RESERVED_INPUT_WITH_WEAK_PULLUP                ;        ;                       ;         ; Column I/O ;                 ; no       ; On           ;
; D16      ;            ;          ; GND                                            ; gnd    ;                       ;         ; --         ;                 ; --       ; --           ;
; D17      ; 389        ; 7        ; RESERVED_INPUT_WITH_WEAK_PULLUP                ;        ;                       ;         ; Column I/O ;                 ; no       ; On           ;
; D18      ; 385        ; 6        ; RESERVED_INPUT_WITH_WEAK_PULLUP                ;        ;                       ;         ; Row I/O    ;                 ; no       ; On           ;
; D19      ; 359        ; 6        ; RESERVED_INPUT_WITH_WEAK_PULLUP                ;        ;                       ;         ; Row I/O    ;                 ; no       ; On           ;
; D20      ;            ;          ; GND                                            ; gnd    ;                       ;         ; --         ;                 ; --       ; --           ;
; D21      ; 345        ; 6        ; RESERVED_INPUT_WITH_WEAK_PULLUP                ;        ;                       ;         ; Row I/O    ;                 ; --       ; --           ;
; D22      ; 341        ; 6        ; RESERVED_INPUT_WITH_WEAK_PULLUP                ;        ;                       ;         ; Row I/O    ;                 ; no       ; On           ;
; E1       ; 41         ; 1B       ; RESERVED_INPUT_WITH_WEAK_PULLUP                ;        ;                       ;         ; Row I/O    ;                 ; no       ; On           ;
; E2       ;            ;          ; GND                                            ; gnd    ;                       ;         ; --         ;                 ; --       ; --           ;
; E3       ; 3          ; 1A       ; RESERVED_INPUT_WITH_WEAK_PULLUP                ;        ;                       ;         ; Row I/O    ;                 ; no       ; On           ;
; E4       ; 1          ; 1A       ; RESERVED_INPUT_WITH_WEAK_PULLUP                ;        ;                       ;         ; Row I/O    ;                 ; no       ; On           ;
; E5       ;            ;          ; NC                                             ;        ;                       ;         ; --         ;                 ; --       ; --           ;
; E6       ; 498        ; 8        ; RESERVED_INPUT_WITH_WEAK_PULLUP                ;        ;                       ;         ; Column I/O ;                 ; no       ; On           ;
; E7       ;            ;          ; GND                                            ; gnd    ;                       ;         ; --         ;                 ; --       ; --           ;
; E8       ; 488        ; 8        ; RESERVED_INPUT_WITH_WEAK_PULLUP                ;        ;                       ;         ; Column I/O ;                 ; no       ; On           ;
; E9       ; 478        ; 8        ; RESERVED_INPUT_WITH_WEAK_PULLUP                ;        ;                       ;         ; Column I/O ;                 ; no       ; On           ;
; E10      ; 466        ; 8        ; RESERVED_INPUT_WITH_WEAK_PULLUP                ;        ;                       ;         ; Column I/O ;                 ; no       ; On           ;
; E11      ; 464        ; 8        ; RESERVED_INPUT_WITH_WEAK_PULLUP                ;        ;                       ;         ; Column I/O ;                 ; no       ; On           ;
; E12      ; 429        ; 7        ; RESERVED_INPUT_WITH_WEAK_PULLUP                ;        ;                       ;         ; Column I/O ;                 ; no       ; On           ;
; E13      ; 430        ; 7        ; RESERVED_INPUT_WITH_WEAK_PULLUP                ;        ;                       ;         ; Column I/O ;                 ; no       ; On           ;
; E14      ; 406        ; 7        ; RESERVED_INPUT_WITH_WEAK_PULLUP                ;        ;                       ;         ; Column I/O ;                 ; no       ; On           ;
; E15      ; 390        ; 7        ; RESERVED_INPUT_WITH_WEAK_PULLUP                ;        ;                       ;         ; Column I/O ;                 ; no       ; On           ;
; E16      ; 388        ; 7        ; RESERVED_INPUT_WITH_WEAK_PULLUP                ;        ;                       ;         ; Column I/O ;                 ; no       ; On           ;
; E17      ; 366        ; 6        ; RESERVED_INPUT_WITH_WEAK_PULLUP                ;        ;                       ;         ; Row I/O    ;                 ; no       ; On           ;
; E18      ; 387        ; 6        ; RESERVED_INPUT_WITH_WEAK_PULLUP                ;        ;                       ;         ; Row I/O    ;                 ; no       ; On           ;
; E19      ; 352        ; 6        ; RESERVED_INPUT_WITH_WEAK_PULLUP                ;        ;                       ;         ; Row I/O    ;                 ; no       ; On           ;
; E20      ; 355        ; 6        ; RESERVED_INPUT_WITH_WEAK_PULLUP                ;        ;                       ;         ; Row I/O    ;                 ; no       ; On           ;
; E21      ; 335        ; 6        ; RESERVED_INPUT_WITH_WEAK_PULLUP                ;        ;                       ;         ; Row I/O    ;                 ; no       ; On           ;
; E22      ; 333        ; 6        ; RESERVED_INPUT_WITH_WEAK_PULLUP                ;        ;                       ;         ; Row I/O    ;                 ; no       ; On           ;
; F1       ; 47         ; 1B       ; RESERVED_INPUT_WITH_WEAK_PULLUP                ;        ;                       ;         ; Row I/O    ;                 ; no       ; On           ;
; F2       ; 43         ; 1B       ; RESERVED_INPUT_WITH_WEAK_PULLUP                ;        ;                       ;         ; Row I/O    ;                 ; no       ; On           ;
; F3       ; 7          ; 1A       ; RESERVED_INPUT_WITH_WEAK_PULLUP                ;        ;                       ;         ; Row I/O    ;                 ; no       ; On           ;
; F4       ; 2          ; 1A       ; RESERVED_INPUT_WITH_WEAK_PULLUP                ;        ;                       ;         ; Row I/O    ;                 ; no       ; On           ;
; F5       ; 0          ; 1A       ; RESERVED_INPUT_WITH_WEAK_PULLUP                ;        ;                       ;         ; Row I/O    ;                 ; no       ; On           ;
; F6       ;            ;          ; NC                                             ;        ;                       ;         ; --         ;                 ; --       ; --           ;
; F7       ; 490        ; 8        ; RESERVED_INPUT_WITH_WEAK_PULLUP                ;        ;                       ;         ; Column I/O ;                 ; no       ; On           ;
; F8       ; 494        ; 8        ; ~ALTERA_CONF_DONE~ / RESERVED_INPUT            ; input  ; 2.5 V Schmitt Trigger ;         ; Column I/O ; N               ; no       ; Off          ;
; F9       ;            ; 8        ; VCCIO8                                         ; power  ;                       ; 2.5V    ; --         ;                 ; --       ; --           ;
; F10      ;            ;          ; GND                                            ; gnd    ;                       ;         ; --         ;                 ; --       ; --           ;
; F11      ;            ; 8        ; VCCIO8                                         ; power  ;                       ; 2.5V    ; --         ;                 ; --       ; --           ;
; F12      ;            ; 7        ; VCCIO7                                         ; power  ;                       ; 3.3V    ; --         ;                 ; --       ; --           ;
; F13      ;            ;          ; GND                                            ; gnd    ;                       ;         ; --         ;                 ; --       ; --           ;
; F14      ;            ; 7        ; VCCIO7                                         ; power  ;                       ; 3.3V    ; --         ;                 ; --       ; --           ;
; F15      ; 398        ; 7        ; RESERVED_INPUT_WITH_WEAK_PULLUP                ;        ;                       ;         ; Column I/O ;                 ; no       ; On           ;
; F16      ; 396        ; 7        ; RESERVED_INPUT_WITH_WEAK_PULLUP                ;        ;                       ;         ; Column I/O ;                 ; no       ; On           ;
; F17      ; 364        ; 6        ; RESERVED_INPUT_WITH_WEAK_PULLUP                ;        ;                       ;         ; Row I/O    ;                 ; no       ; On           ;
; F18      ; 354        ; 6        ; RESERVED_INPUT_WITH_WEAK_PULLUP                ;        ;                       ;         ; Row I/O    ;                 ; no       ; On           ;
; F19      ; 353        ; 6        ; RESERVED_INPUT_WITH_WEAK_PULLUP                ;        ;                       ;         ; Row I/O    ;                 ; no       ; On           ;
; F20      ; 342        ; 6        ; RESERVED_INPUT_WITH_WEAK_PULLUP                ;        ;                       ;         ; Row I/O    ;                 ; no       ; On           ;
; F21      ; 340        ; 6        ; RESERVED_INPUT_WITH_WEAK_PULLUP                ;        ;                       ;         ; Row I/O    ;                 ; no       ; On           ;
; F22      ; 331        ; 6        ; RESERVED_INPUT_WITH_WEAK_PULLUP                ;        ;                       ;         ; Row I/O    ;                 ; no       ; On           ;
; G1       ; 45         ; 1B       ; RESERVED_INPUT_WITH_WEAK_PULLUP                ;        ;                       ;         ; Row I/O    ;                 ; no       ; On           ;
; G2       ; 34         ; 1B       ; ~ALTERA_TCK~ / RESERVED_INPUT                  ; input  ; 2.5 V Schmitt Trigger ;         ; Row I/O    ; N               ; no       ; Off          ;
; G3       ; 11         ; 1A       ; RESERVED_INPUT_WITH_WEAK_PULLUP                ;        ;                       ;         ; Row I/O    ;                 ; no       ; On           ;
; G4       ; 5          ; 1A       ; RESERVED_INPUT_WITH_WEAK_PULLUP                ;        ;                       ;         ; Row I/O    ;                 ; no       ; On           ;
; G5       ;            ;          ; ANAIN1                                         ;        ;                       ;         ; --         ;                 ; --       ; --           ;
; G6       ;            ;          ; GND                                            ; gnd    ;                       ;         ; --         ;                 ; --       ; --           ;
; G7       ;            ;          ; VCCD_PLL3                                      ; power  ;                       ; 1.2V    ; --         ;                 ; --       ; --           ;
; G8       ;            ;          ; GND                                            ; gnd    ;                       ;         ; --         ;                 ; --       ; --           ;
; G9       ; 492        ; 8        ; ~ALTERA_nSTATUS~ / RESERVED_INPUT              ; input  ; 2.5 V Schmitt Trigger ;         ; Column I/O ; N               ; no       ; Off          ;
; G10      ;            ; 8        ; VCCIO8                                         ; power  ;                       ; 2.5V    ; --         ;                 ; --       ; --           ;
; G11      ;            ; 8        ; VCCIO8                                         ; power  ;                       ; 2.5V    ; --         ;                 ; --       ; --           ;
; G12      ;            ; 7        ; VCCIO7                                         ; power  ;                       ; 3.3V    ; --         ;                 ; --       ; --           ;
; G13      ;            ; 7        ; VCCIO7                                         ; power  ;                       ; 3.3V    ; --         ;                 ; --       ; --           ;
; G14      ;            ; 7        ; VCCIO7                                         ; power  ;                       ; 3.3V    ; --         ;                 ; --       ; --           ;
; G15      ;            ;          ; GND                                            ; gnd    ;                       ;         ; --         ;                 ; --       ; --           ;
; G16      ;            ;          ; VCCD_PLL2                                      ; power  ;                       ; 1.2V    ; --         ;                 ; --       ; --           ;
; G17      ; 386        ; 6        ; RESERVED_INPUT_WITH_WEAK_PULLUP                ;        ;                       ;         ; Row I/O    ;                 ; no       ; On           ;
; G18      ;            ;          ; GND                                            ; gnd    ;                       ;         ; --         ;                 ; --       ; --           ;
; G19      ; 330        ; 6        ; RESERVED_INPUT_WITH_WEAK_PULLUP                ;        ;                       ;         ; Row I/O    ;                 ; no       ; On           ;
; G20      ; 328        ; 6        ; RESERVED_INPUT_WITH_WEAK_PULLUP                ;        ;                       ;         ; Row I/O    ;                 ; no       ; On           ;
; G21      ;            ;          ; GND                                            ; gnd    ;                       ;         ; --         ;                 ; --       ; --           ;
; G22      ; 329        ; 6        ; RESERVED_INPUT_WITH_WEAK_PULLUP                ;        ;                       ;         ; Row I/O    ;                 ; no       ; On           ;
; H1       ; 44         ; 1B       ; RESERVED_INPUT_WITH_WEAK_PULLUP                ;        ;                       ;         ; Row I/O    ;                 ; no       ; On           ;
; H2       ; 32         ; 1B       ; ~ALTERA_TMS~ / RESERVED_INPUT_WITH_WEAK_PULLUP ; input  ; 2.5 V Schmitt Trigger ;         ; Row I/O    ; N               ; no       ; On           ;
; H3       ; 10         ; 1A       ; RESERVED_INPUT_WITH_WEAK_PULLUP                ;        ;                       ;         ; Row I/O    ;                 ; no       ; On           ;
; H4       ; 9          ; 1A       ; RESERVED_INPUT_WITH_WEAK_PULLUP                ;        ;                       ;         ; Row I/O    ;                 ; no       ; On           ;
; H5       ;            ;          ; REFGND                                         ;        ;                       ;         ; --         ;                 ; --       ; --           ;
; H6       ;            ;          ; ADC_VREF                                       ;        ;                       ;         ; --         ;                 ; --       ; --           ;
; H7       ;            ; --       ; VCCA_ADC                                       ; power  ;                       ; 2.5V    ; --         ;                 ; --       ; --           ;
; H8       ;            ; --       ; VCCA3                                          ; power  ;                       ; 2.5V    ; --         ;                 ; --       ; --           ;
; H9       ; 482        ; 8        ; ~ALTERA_nCONFIG~ / RESERVED_INPUT              ; input  ; 2.5 V Schmitt Trigger ;         ; Column I/O ; N               ; no       ; Off          ;
; H10      ; 480        ; 8        ; ~ALTERA_CONFIG_SEL~ / RESERVED_INPUT           ; input  ; 2.5 V                 ;         ; Column I/O ; N               ; no       ; Off          ;
; H11      ; 470        ; 8        ; RESERVED_INPUT_WITH_WEAK_PULLUP                ;        ;                       ;         ; Column I/O ;                 ; no       ; On           ;
; H12      ; 444        ; 7        ; RESERVED_INPUT_WITH_WEAK_PULLUP                ;        ;                       ;         ; Column I/O ;                 ; no       ; On           ;
; H13      ; 432        ; 7        ; RESERVED_INPUT_WITH_WEAK_PULLUP                ;        ;                       ;         ; Column I/O ;                 ; no       ; On           ;
; H14      ; 420        ; 7        ; RESERVED_INPUT_WITH_WEAK_PULLUP                ;        ;                       ;         ; Column I/O ;                 ; no       ; On           ;
; H15      ;            ; --       ; VCCA2                                          ; power  ;                       ; 2.5V    ; --         ;                 ; --       ; --           ;
; H16      ;            ; 6        ; VCCIO6                                         ; power  ;                       ; 2.5V    ; --         ;                 ; --       ; --           ;
; H17      ; 384        ; 6        ; RESERVED_INPUT_WITH_WEAK_PULLUP                ;        ;                       ;         ; Row I/O    ;                 ; no       ; On           ;
; H18      ; 374        ; 6        ; RESERVED_INPUT_WITH_WEAK_PULLUP                ;        ;                       ;         ; Row I/O    ;                 ; no       ; On           ;
; H19      ; 372        ; 6        ; RESERVED_INPUT_WITH_WEAK_PULLUP                ;        ;                       ;         ; Row I/O    ;                 ; no       ; On           ;
; H20      ; 375        ; 6        ; RESERVED_INPUT_WITH_WEAK_PULLUP                ;        ;                       ;         ; Row I/O    ;                 ; no       ; On           ;
; H21      ; 323        ; 6        ; RESERVED_INPUT_WITH_WEAK_PULLUP                ;        ;                       ;         ; Row I/O    ;                 ; no       ; On           ;
; H22      ; 321        ; 6        ; RESERVED_INPUT_WITH_WEAK_PULLUP                ;        ;                       ;         ; Row I/O    ;                 ; no       ; On           ;
; J1       ; 46         ; 1B       ; RESERVED_INPUT_WITH_WEAK_PULLUP                ;        ;                       ;         ; Row I/O    ;                 ; no       ; On           ;
; J2       ;            ;          ; GND                                            ; gnd    ;                       ;         ; --         ;                 ; --       ; --           ;
; J3       ; 15         ; 1A       ; RESERVED_INPUT_WITH_WEAK_PULLUP                ;        ;                       ;         ; Row I/O    ;                 ; no       ; On           ;
; J4       ; 8          ; 1A       ; RESERVED_INPUT_WITH_WEAK_PULLUP                ;        ;                       ;         ; Row I/O    ;                 ; no       ; On           ;
; J5       ;            ;          ; ANAIN2                                         ;        ;                       ;         ; --         ;                 ; --       ; --           ;
; J6       ;            ;          ; GND                                            ; gnd    ;                       ;         ; --         ;                 ; --       ; --           ;
; J7       ;            ;          ; VCCINT                                         ; power  ;                       ; 1.2V    ; --         ;                 ; --       ; --           ;
; J8       ; 4          ; 1A       ; RESERVED_INPUT_WITH_WEAK_PULLUP                ;        ;                       ;         ; Row I/O    ;                 ; no       ; On           ;
; J9       ; 6          ; 1A       ; RESERVED_INPUT_WITH_WEAK_PULLUP                ;        ;                       ;         ; Row I/O    ;                 ; no       ; On           ;
; J10      ; 468        ; 8        ; RESERVED_INPUT_WITH_WEAK_PULLUP                ;        ;                       ;         ; Column I/O ;                 ; no       ; On           ;
; J11      ; 446        ; 7        ; RESERVED_INPUT_WITH_WEAK_PULLUP                ;        ;                       ;         ; Column I/O ;                 ; no       ; On           ;
; J12      ; 434        ; 7        ; RESERVED_INPUT_WITH_WEAK_PULLUP                ;        ;                       ;         ; Column I/O ;                 ; no       ; On           ;
; J13      ; 422        ; 7        ; RESERVED_INPUT_WITH_WEAK_PULLUP                ;        ;                       ;         ; Column I/O ;                 ; no       ; On           ;
; J14      ; 368        ; 6        ; RESERVED_INPUT_WITH_WEAK_PULLUP                ;        ;                       ;         ; Row I/O    ;                 ; no       ; On           ;
; J15      ; 370        ; 6        ; RESERVED_INPUT_WITH_WEAK_PULLUP                ;        ;                       ;         ; Row I/O    ;                 ; no       ; On           ;
; J16      ;            ;          ; GND                                            ; gnd    ;                       ;         ; --         ;                 ; --       ; --           ;
; J17      ;            ; 6        ; VCCIO6                                         ; power  ;                       ; 2.5V    ; --         ;                 ; --       ; --           ;
; J18      ; 362        ; 6        ; RESERVED_INPUT_WITH_WEAK_PULLUP                ;        ;                       ;         ; Row I/O    ;                 ; no       ; On           ;
; J19      ;            ;          ; GND                                            ; gnd    ;                       ;         ; --         ;                 ; --       ; --           ;
; J20      ; 373        ; 6        ; RESERVED_INPUT_WITH_WEAK_PULLUP                ;        ;                       ;         ; Row I/O    ;                 ; no       ; On           ;
; J21      ; 327        ; 6        ; RESERVED_INPUT_WITH_WEAK_PULLUP                ;        ;                       ;         ; Row I/O    ;                 ; no       ; On           ;
; J22      ; 325        ; 6        ; RESERVED_INPUT_WITH_WEAK_PULLUP                ;        ;                       ;         ; Row I/O    ;                 ; no       ; On           ;
; K1       ; 49         ; 1B       ; RESERVED_INPUT_WITH_WEAK_PULLUP                ;        ;                       ;         ; Row I/O    ;                 ; no       ; On           ;
; K2       ; 37         ; 1B       ; RESERVED_INPUT_WITH_WEAK_PULLUP                ;        ;                       ;         ; Row I/O    ;                 ; no       ; On           ;
; K3       ;            ;          ; GND                                            ; gnd    ;                       ;         ; --         ;                 ; --       ; --           ;
; K4       ; 13         ; 1A       ; RESERVED_INPUT_WITH_WEAK_PULLUP                ;        ;                       ;         ; Row I/O    ;                 ; no       ; On           ;
; K5       ; 12         ; 1A       ; RESERVED_INPUT_WITH_WEAK_PULLUP                ;        ;                       ;         ; Row I/O    ;                 ; no       ; On           ;
; K6       ; 14         ; 1A       ; RESERVED_INPUT_WITH_WEAK_PULLUP                ;        ;                       ;         ; Row I/O    ;                 ; no       ; On           ;
; K7       ;            ; 1A       ; VCCIO1A                                        ; power  ;                       ; 2.5V    ; --         ;                 ; --       ; --           ;
; K8       ; 28         ; 1B       ; RESERVED_INPUT_WITH_WEAK_PULLUP                ;        ;                       ;         ; Row I/O    ;                 ; no       ; On           ;
; K9       ; 30         ; 1B       ; RESERVED_INPUT_WITH_WEAK_PULLUP                ;        ;                       ;         ; Row I/O    ;                 ; no       ; On           ;
; K10      ;            ;          ; GND                                            ; gnd    ;                       ;         ; --         ;                 ; --       ; --           ;
; K11      ;            ; --       ; VCC                                            ; power  ;                       ; 1.2V    ; --         ;                 ; --       ; --           ;
; K12      ;            ;          ; GND                                            ; gnd    ;                       ;         ; --         ;                 ; --       ; --           ;
; K13      ;            ; --       ; VCC                                            ; power  ;                       ; 1.2V    ; --         ;                 ; --       ; --           ;
; K14      ; 356        ; 6        ; RESERVED_INPUT_WITH_WEAK_PULLUP                ;        ;                       ;         ; Row I/O    ;                 ; no       ; On           ;
; K15      ; 358        ; 6        ; RESERVED_INPUT_WITH_WEAK_PULLUP                ;        ;                       ;         ; Row I/O    ;                 ; no       ; On           ;
; K16      ;            ; 6        ; VCCIO6                                         ; power  ;                       ; 2.5V    ; --         ;                 ; --       ; --           ;
; K17      ;            ; 6        ; VCCIO6                                         ; power  ;                       ; 2.5V    ; --         ;                 ; --       ; --           ;
; K18      ; 360        ; 6        ; RESERVED_INPUT_WITH_WEAK_PULLUP                ;        ;                       ;         ; Row I/O    ;                 ; no       ; On           ;
; K19      ; 361        ; 6        ; RESERVED_INPUT_WITH_WEAK_PULLUP                ;        ;                       ;         ; Row I/O    ;                 ; no       ; On           ;
; K20      ; 363        ; 6        ; RESERVED_INPUT_WITH_WEAK_PULLUP                ;        ;                       ;         ; Row I/O    ;                 ; no       ; On           ;
; K21      ; 326        ; 6        ; RESERVED_INPUT_WITH_WEAK_PULLUP                ;        ;                       ;         ; Row I/O    ;                 ; no       ; On           ;
; K22      ; 324        ; 6        ; RESERVED_INPUT_WITH_WEAK_PULLUP                ;        ;                       ;         ; Row I/O    ;                 ; no       ; On           ;
; L1       ; 51         ; 1B       ; RESERVED_INPUT_WITH_WEAK_PULLUP                ;        ;                       ;         ; Row I/O    ;                 ; no       ; On           ;
; L2       ; 39         ; 1B       ; RESERVED_INPUT_WITH_WEAK_PULLUP                ;        ;                       ;         ; Row I/O    ;                 ; no       ; On           ;
; L3       ;            ;          ; DNU                                            ;        ;                       ;         ; --         ;                 ; --       ; --           ;
; L4       ; 36         ; 1B       ; ~ALTERA_TDI~ / RESERVED_INPUT_WITH_WEAK_PULLUP ; input  ; 2.5 V Schmitt Trigger ;         ; Row I/O    ; N               ; no       ; On           ;
; L5       ;            ;          ; GND                                            ; gnd    ;                       ;         ; --         ;                 ; --       ; --           ;
; L6       ;            ; 1A       ; VCCIO1A                                        ; power  ;                       ; 2.5V    ; --         ;                 ; --       ; --           ;
; L7       ;            ; 1B       ; VCCIO1B                                        ; power  ;                       ; 2.5V    ; --         ;                 ; --       ; --           ;
; L8       ; 40         ; 1B       ; RESERVED_INPUT_WITH_WEAK_PULLUP                ;        ;                       ;         ; Row I/O    ;                 ; no       ; On           ;
; L9       ; 42         ; 1B       ; RESERVED_INPUT_WITH_WEAK_PULLUP                ;        ;                       ;         ; Row I/O    ;                 ; no       ; On           ;
; L10      ;            ; --       ; VCC                                            ; power  ;                       ; 1.2V    ; --         ;                 ; --       ; --           ;
; L11      ;            ; --       ; VCC                                            ; power  ;                       ; 1.2V    ; --         ;                 ; --       ; --           ;
; L12      ;            ; --       ; VCC                                            ; power  ;                       ; 1.2V    ; --         ;                 ; --       ; --           ;
; L13      ;            ;          ; GND                                            ; gnd    ;                       ;         ; --         ;                 ; --       ; --           ;
; L14      ; 344        ; 6        ; RESERVED_INPUT_WITH_WEAK_PULLUP                ;        ;                       ;         ; Row I/O    ;                 ; no       ; On           ;
; L15      ; 346        ; 6        ; RESERVED_INPUT_WITH_WEAK_PULLUP                ;        ;                       ;         ; Row I/O    ;                 ; no       ; On           ;
; L16      ;            ; 6        ; VCCIO6                                         ; power  ;                       ; 2.5V    ; --         ;                 ; --       ; --           ;
; L17      ;            ;          ; GND                                            ; gnd    ;                       ;         ; --         ;                 ; --       ; --           ;
; L18      ; 350        ; 6        ; RESERVED_INPUT_WITH_WEAK_PULLUP                ;        ;                       ;         ; Row I/O    ;                 ; no       ; On           ;
; L19      ; 349        ; 6        ; RESERVED_INPUT_WITH_WEAK_PULLUP                ;        ;                       ;         ; Row I/O    ;                 ; no       ; On           ;
; L20      ; 351        ; 6        ; RESERVED_INPUT_WITH_WEAK_PULLUP                ;        ;                       ;         ; Row I/O    ;                 ; no       ; On           ;
; L21      ;            ;          ; GND                                            ; gnd    ;                       ;         ; --         ;                 ; --       ; --           ;
; L22      ; 314        ; 5        ; RESERVED_INPUT_WITH_WEAK_PULLUP                ;        ;                       ;         ; Row I/O    ;                 ; no       ; On           ;
; M1       ; 79         ; 2        ; RESERVED_INPUT_WITH_WEAK_PULLUP                ;        ;                       ;         ; Row I/O    ;                 ; no       ; On           ;
; M2       ; 77         ; 2        ; RESERVED_INPUT_WITH_WEAK_PULLUP                ;        ;                       ;         ; Row I/O    ;                 ; --       ; --           ;
; M3       ; 50         ; 1B       ; RESERVED_INPUT_WITH_WEAK_PULLUP                ;        ;                       ;         ; Row I/O    ;                 ; no       ; On           ;
; M4       ; 48         ; 1B       ; RESERVED_INPUT_WITH_WEAK_PULLUP                ;        ;                       ;         ; Row I/O    ;                 ; no       ; On           ;
; M5       ; 38         ; 1B       ; ~ALTERA_TDO~                                   ; output ; 2.5 V                 ;         ; Row I/O    ; N               ; no       ; Off          ;
; M6       ;            ; 1B       ; VCCIO1B                                        ; power  ;                       ; 2.5V    ; --         ;                 ; --       ; --           ;
; M7       ;            ;          ; GND                                            ; gnd    ;                       ;         ; --         ;                 ; --       ; --           ;
; M8       ; 72         ; 2        ; RESERVED_INPUT_WITH_WEAK_PULLUP                ;        ;                       ;         ; Row I/O    ;                 ; no       ; On           ;
; M9       ; 74         ; 2        ; RESERVED_INPUT_WITH_WEAK_PULLUP                ;        ;                       ;         ; Row I/O    ;                 ; no       ; On           ;
; M10      ;            ;          ; GND                                            ; gnd    ;                       ;         ; --         ;                 ; --       ; --           ;
; M11      ;            ; --       ; VCC                                            ; power  ;                       ; 1.2V    ; --         ;                 ; --       ; --           ;
; M12      ;            ; --       ; VCC                                            ; power  ;                       ; 1.2V    ; --         ;                 ; --       ; --           ;
; M13      ;            ; --       ; VCC                                            ; power  ;                       ; 1.2V    ; --         ;                 ; --       ; --           ;
; M14      ; 334        ; 6        ; RESERVED_INPUT_WITH_WEAK_PULLUP                ;        ;                       ;         ; Row I/O    ;                 ; no       ; On           ;
; M15      ; 332        ; 6        ; RESERVED_INPUT_WITH_WEAK_PULLUP                ;        ;                       ;         ; Row I/O    ;                 ; no       ; On           ;
; M16      ;            ;          ; GND                                            ; gnd    ;                       ;         ; --         ;                 ; --       ; --           ;
; M17      ;            ; 6        ; VCCIO6                                         ; power  ;                       ; 2.5V    ; --         ;                 ; --       ; --           ;
; M18      ; 348        ; 6        ; RESERVED_INPUT_WITH_WEAK_PULLUP                ;        ;                       ;         ; Row I/O    ;                 ; no       ; On           ;
; M19      ;            ;          ; GND                                            ; gnd    ;                       ;         ; --         ;                 ; --       ; --           ;
; M20      ; 337        ; 6        ; timer1_extin                                   ; input  ; 2.5 V                 ;         ; Row I/O    ; N               ; no       ; Off          ;
; M21      ; 312        ; 5        ; RESERVED_INPUT_WITH_WEAK_PULLUP                ;        ;                       ;         ; Row I/O    ;                 ; no       ; On           ;
; M22      ; 315        ; 5        ; RESERVED_INPUT_WITH_WEAK_PULLUP                ;        ;                       ;         ; Row I/O    ;                 ; no       ; On           ;
; N1       ; 87         ; 2        ; RESERVED_INPUT_WITH_WEAK_PULLUP                ;        ;                       ;         ; Row I/O    ;                 ; no       ; On           ;
; N2       ; 75         ; 2        ; RESERVED_INPUT_WITH_WEAK_PULLUP                ;        ;                       ;         ; Row I/O    ;                 ; no       ; On           ;
; N3       ; 73         ; 2        ; RESERVED_INPUT_WITH_WEAK_PULLUP                ;        ;                       ;         ; Row I/O    ;                 ; no       ; On           ;
; N4       ; 56         ; 2        ; uart2_rxd                                      ; input  ; 2.5 V                 ;         ; Row I/O    ; N               ; no       ; Off          ;
; N5       ; 58         ; 2        ; RESERVED_INPUT_WITH_WEAK_PULLUP                ;        ;                       ;         ; Row I/O    ;                 ; no       ; On           ;
; N6       ;            ; 2        ; VCCIO2                                         ; power  ;                       ; 2.5V    ; --         ;                 ; --       ; --           ;
; N7       ;            ; 2        ; VCCIO2                                         ; power  ;                       ; 2.5V    ; --         ;                 ; --       ; --           ;
; N8       ; 84         ; 2        ; RESERVED_INPUT_WITH_WEAK_PULLUP                ;        ;                       ;         ; Row I/O    ;                 ; no       ; On           ;
; N9       ; 86         ; 2        ; RESERVED_INPUT_WITH_WEAK_PULLUP                ;        ;                       ;         ; Row I/O    ;                 ; no       ; On           ;
; N10      ;            ; --       ; VCC                                            ; power  ;                       ; 1.2V    ; --         ;                 ; --       ; --           ;
; N11      ;            ;          ; GND                                            ; gnd    ;                       ;         ; --         ;                 ; --       ; --           ;
; N12      ;            ; --       ; VCC                                            ; power  ;                       ; 1.2V    ; --         ;                 ; --       ; --           ;
; N13      ;            ;          ; GND                                            ; gnd    ;                       ;         ; --         ;                 ; --       ; --           ;
; N14      ; 320        ; 6        ; CLK                                            ; input  ; 3.3-V LVTTL           ;         ; Row I/O    ; Y               ; no       ; Off          ;
; N15      ; 322        ; 6        ; RESERVED_INPUT_WITH_WEAK_PULLUP                ;        ;                       ;         ; Row I/O    ;                 ; no       ; On           ;
; N16      ;            ; 5        ; VCCIO5                                         ; power  ;                       ; 2.5V    ; --         ;                 ; --       ; --           ;
; N17      ;            ; 6        ; VCCIO6                                         ; power  ;                       ; 2.5V    ; --         ;                 ; --       ; --           ;
; N18      ; 336        ; 6        ; RESERVED_INPUT_WITH_WEAK_PULLUP                ;        ;                       ;         ; Row I/O    ;                 ; no       ; On           ;
; N19      ; 338        ; 6        ; RESERVED_INPUT_WITH_WEAK_PULLUP                ;        ;                       ;         ; Row I/O    ;                 ; no       ; On           ;
; N20      ; 339        ; 6        ; RESERVED_INPUT_WITH_WEAK_PULLUP                ;        ;                       ;         ; Row I/O    ;                 ; no       ; On           ;
; N21      ; 313        ; 5        ; RESERVED_INPUT_WITH_WEAK_PULLUP                ;        ;                       ;         ; Row I/O    ;                 ; no       ; On           ;
; N22      ; 307        ; 5        ; RESERVED_INPUT_WITH_WEAK_PULLUP                ;        ;                       ;         ; Row I/O    ;                 ; no       ; On           ;
; P1       ; 85         ; 2        ; RESERVED_INPUT_WITH_WEAK_PULLUP                ;        ;                       ;         ; Row I/O    ;                 ; no       ; On           ;
; P2       ;            ;          ; GND                                            ; gnd    ;                       ;         ; --         ;                 ; --       ; --           ;
; P3       ; 76         ; 2        ; RESERVED_INPUT_WITH_WEAK_PULLUP                ;        ;                       ;         ; Row I/O    ;                 ; no       ; On           ;
; P4       ; 57         ; 2        ; RESERVED_INPUT_WITH_WEAK_PULLUP                ;        ;                       ;         ; Row I/O    ;                 ; no       ; On           ;
; P5       ; 59         ; 2        ; RESERVED_INPUT_WITH_WEAK_PULLUP                ;        ;                       ;         ; Row I/O    ;                 ; no       ; On           ;
; P6       ;            ;          ; GND                                            ; gnd    ;                       ;         ; --         ;                 ; --       ; --           ;
; P7       ;            ; 2        ; VCCIO2                                         ; power  ;                       ; 2.5V    ; --         ;                 ; --       ; --           ;
; P8       ; 96         ; 2        ; RESERVED_INPUT_WITH_WEAK_PULLUP                ;        ;                       ;         ; Row I/O    ;                 ; no       ; On           ;
; P9       ; 142        ; 3        ; RESERVED_INPUT_WITH_WEAK_PULLUP                ;        ;                       ;         ; Column I/O ;                 ; no       ; On           ;
; P10      ; 154        ; 3        ; RESERVED_INPUT_WITH_WEAK_PULLUP                ;        ;                       ;         ; Column I/O ;                 ; no       ; On           ;
; P11      ; 166        ; 3        ; RESERVED_INPUT_WITH_WEAK_PULLUP                ;        ;                       ;         ; Column I/O ;                 ; no       ; On           ;
; P12      ; 178        ; 4        ; RESERVED_INPUT_WITH_WEAK_PULLUP                ;        ;                       ;         ; Column I/O ;                 ; no       ; On           ;
; P13      ; 198        ; 4        ; RESERVED_INPUT_WITH_WEAK_PULLUP                ;        ;                       ;         ; Column I/O ;                 ; no       ; On           ;
; P14      ; 306        ; 5        ; RESERVED_INPUT_WITH_WEAK_PULLUP                ;        ;                       ;         ; Row I/O    ;                 ; no       ; On           ;
; P15      ; 304        ; 5        ; RESERVED_INPUT_WITH_WEAK_PULLUP                ;        ;                       ;         ; Row I/O    ;                 ; no       ; On           ;
; P16      ;            ; 5        ; VCCIO5                                         ; power  ;                       ; 2.5V    ; --         ;                 ; --       ; --           ;
; P17      ;            ;          ; GND                                            ; gnd    ;                       ;         ; --         ;                 ; --       ; --           ;
; P18      ; 310        ; 5        ; RESERVED_INPUT_WITH_WEAK_PULLUP                ;        ;                       ;         ; Row I/O    ;                 ; no       ; On           ;
; P19      ; 309        ; 5        ; RESERVED_INPUT_WITH_WEAK_PULLUP                ;        ;                       ;         ; Row I/O    ;                 ; no       ; On           ;
; P20      ; 311        ; 5        ; RESERVED_INPUT_WITH_WEAK_PULLUP                ;        ;                       ;         ; Row I/O    ;                 ; no       ; On           ;
; P21      ; 305        ; 5        ; RESERVED_INPUT_WITH_WEAK_PULLUP                ;        ;                       ;         ; Row I/O    ;                 ; no       ; On           ;
; P22      ; 303        ; 5        ; RESERVED_INPUT_WITH_WEAK_PULLUP                ;        ;                       ;         ; Row I/O    ;                 ; --       ; --           ;
; R1       ; 121        ; 2        ; RESERVED_INPUT_WITH_WEAK_PULLUP                ;        ;                       ;         ; Row I/O    ;                 ; no       ; On           ;
; R2       ; 123        ; 2        ; RESERVED_INPUT_WITH_WEAK_PULLUP                ;        ;                       ;         ; Row I/O    ;                 ; no       ; On           ;
; R3       ; 78         ; 2        ; RESERVED_INPUT_WITH_WEAK_PULLUP                ;        ;                       ;         ; Row I/O    ;                 ; no       ; On           ;
; R4       ; 80         ; 2        ; RESERVED_INPUT_WITH_WEAK_PULLUP                ;        ;                       ;         ; Row I/O    ;                 ; no       ; On           ;
; R5       ; 82         ; 2        ; RESERVED_INPUT_WITH_WEAK_PULLUP                ;        ;                       ;         ; Row I/O    ;                 ; no       ; On           ;
; R6       ;            ; 2        ; VCCIO2                                         ; power  ;                       ; 2.5V    ; --         ;                 ; --       ; --           ;
; R7       ; 98         ; 2        ; RESERVED_INPUT_WITH_WEAK_PULLUP                ;        ;                       ;         ; Row I/O    ;                 ; no       ; On           ;
; R8       ;            ; --       ; VCCA1                                          ; power  ;                       ; 2.5V    ; --         ;                 ; --       ; --           ;
; R9       ; 140        ; 3        ; RESERVED_INPUT_WITH_WEAK_PULLUP                ;        ;                       ;         ; Column I/O ;                 ; no       ; On           ;
; R10      ; 152        ; 3        ; RESERVED_INPUT_WITH_WEAK_PULLUP                ;        ;                       ;         ; Column I/O ;                 ; no       ; On           ;
; R11      ; 164        ; 3        ; RESERVED_INPUT_WITH_WEAK_PULLUP                ;        ;                       ;         ; Column I/O ;                 ; no       ; On           ;
; R12      ; 176        ; 4        ; RESERVED_INPUT_WITH_WEAK_PULLUP                ;        ;                       ;         ; Column I/O ;                 ; no       ; On           ;
; R13      ; 196        ; 4        ; RESERVED_INPUT_WITH_WEAK_PULLUP                ;        ;                       ;         ; Column I/O ;                 ; no       ; On           ;
; R14      ; 294        ; 5        ; RESERVED_INPUT_WITH_WEAK_PULLUP                ;        ;                       ;         ; Row I/O    ;                 ; no       ; On           ;
; R15      ; 292        ; 5        ; RESERVED_INPUT_WITH_WEAK_PULLUP                ;        ;                       ;         ; Row I/O    ;                 ; no       ; On           ;
; R16      ;            ; 5        ; VCCIO5                                         ; power  ;                       ; 2.5V    ; --         ;                 ; --       ; --           ;
; R17      ;            ; 5        ; VCCIO5                                         ; power  ;                       ; 2.5V    ; --         ;                 ; --       ; --           ;
; R18      ; 308        ; 5        ; RESERVED_INPUT_WITH_WEAK_PULLUP                ;        ;                       ;         ; Row I/O    ;                 ; no       ; On           ;
; R19      ;            ;          ; GND                                            ; gnd    ;                       ;         ; --         ;                 ; --       ; --           ;
; R20      ; 299        ; 5        ; RESERVED_INPUT_WITH_WEAK_PULLUP                ;        ;                       ;         ; Row I/O    ;                 ; no       ; On           ;
; R21      ;            ;          ; GND                                            ; gnd    ;                       ;         ; --         ;                 ; --       ; --           ;
; R22      ; 301        ; 5        ; RESERVED_INPUT_WITH_WEAK_PULLUP                ;        ;                       ;         ; Row I/O    ;                 ; no       ; On           ;
; T1       ; 81         ; 2        ; RESERVED_INPUT_WITH_WEAK_PULLUP                ;        ;                       ;         ; Row I/O    ;                 ; no       ; On           ;
; T2       ; 83         ; 2        ; RESERVED_INPUT_WITH_WEAK_PULLUP                ;        ;                       ;         ; Row I/O    ;                 ; no       ; On           ;
; T3       ; 88         ; 2        ; RESERVED_INPUT_WITH_WEAK_PULLUP                ;        ;                       ;         ; Row I/O    ;                 ; no       ; On           ;
; T4       ;            ;          ; GND                                            ; gnd    ;                       ;         ; --         ;                 ; --       ; --           ;
; T5       ; 120        ; 2        ; RESERVED_INPUT_WITH_WEAK_PULLUP                ;        ;                       ;         ; Row I/O    ;                 ; no       ; On           ;
; T6       ; 122        ; 2        ; RESERVED_INPUT_WITH_WEAK_PULLUP                ;        ;                       ;         ; Row I/O    ;                 ; no       ; On           ;
; T7       ;            ;          ; VCCD_PLL1                                      ; power  ;                       ; 1.2V    ; --         ;                 ; --       ; --           ;
; T8       ;            ;          ; GND                                            ; gnd    ;                       ;         ; --         ;                 ; --       ; --           ;
; T9       ;            ; 3        ; VCCIO3                                         ; power  ;                       ; 3.3V    ; --         ;                 ; --       ; --           ;
; T10      ;            ; 3        ; VCCIO3                                         ; power  ;                       ; 3.3V    ; --         ;                 ; --       ; --           ;
; T11      ;            ; 3        ; VCCIO3                                         ; power  ;                       ; 3.3V    ; --         ;                 ; --       ; --           ;
; T12      ;            ; 4        ; VCCIO4                                         ; power  ;                       ; 3.3V    ; --         ;                 ; --       ; --           ;
; T13      ;            ; 4        ; VCCIO4                                         ; power  ;                       ; 3.3V    ; --         ;                 ; --       ; --           ;
; T14      ;            ;          ; GND                                            ; gnd    ;                       ;         ; --         ;                 ; --       ; --           ;
; T15      ;            ; --       ; VCCA4                                          ; power  ;                       ; 2.5V    ; --         ;                 ; --       ; --           ;
; T16      ;            ;          ; GND                                            ; gnd    ;                       ;         ; --         ;                 ; --       ; --           ;
; T17      ;            ; 5        ; VCCIO5                                         ; power  ;                       ; 2.5V    ; --         ;                 ; --       ; --           ;
; T18      ; 298        ; 5        ; RESERVED_INPUT_WITH_WEAK_PULLUP                ;        ;                       ;         ; Row I/O    ;                 ; no       ; On           ;
; T19      ; 296        ; 5        ; RESERVED_INPUT_WITH_WEAK_PULLUP                ;        ;                       ;         ; Row I/O    ;                 ; no       ; On           ;
; T20      ; 297        ; 5        ; RESERVED_INPUT_WITH_WEAK_PULLUP                ;        ;                       ;         ; Row I/O    ;                 ; no       ; On           ;
; T21      ; 293        ; 5        ; RESERVED_INPUT_WITH_WEAK_PULLUP                ;        ;                       ;         ; Row I/O    ;                 ; no       ; On           ;
; T22      ; 295        ; 5        ; RESERVED_INPUT_WITH_WEAK_PULLUP                ;        ;                       ;         ; Row I/O    ;                 ; no       ; On           ;
; U1       ; 89         ; 2        ; RESERVED_INPUT_WITH_WEAK_PULLUP                ;        ;                       ;         ; Row I/O    ;                 ; no       ; On           ;
; U2       ; 90         ; 2        ; RESERVED_INPUT_WITH_WEAK_PULLUP                ;        ;                       ;         ; Row I/O    ;                 ; no       ; On           ;
; U3       ; 93         ; 2        ; RESERVED_INPUT_WITH_WEAK_PULLUP                ;        ;                       ;         ; Row I/O    ;                 ; no       ; On           ;
; U4       ; 92         ; 2        ; uart2_txd                                      ; output ; 2.5 V                 ;         ; Row I/O    ; N               ; no       ; Off          ;
; U5       ; 94         ; 2        ; RESERVED_INPUT_WITH_WEAK_PULLUP                ;        ;                       ;         ; Row I/O    ;                 ; no       ; On           ;
; U6       ; 128        ; 3        ; RESERVED_INPUT_WITH_WEAK_PULLUP                ;        ;                       ;         ; Column I/O ;                 ; no       ; On           ;
; U7       ; 130        ; 3        ; RESERVED_INPUT_WITH_WEAK_PULLUP                ;        ;                       ;         ; Column I/O ;                 ; no       ; On           ;
; U8       ;            ; 3        ; VCCIO3                                         ; power  ;                       ; 3.3V    ; --         ;                 ; --       ; --           ;
; U9       ;            ; 3        ; VCCIO3                                         ; power  ;                       ; 3.3V    ; --         ;                 ; --       ; --           ;
; U10      ;            ;          ; GND                                            ; gnd    ;                       ;         ; --         ;                 ; --       ; --           ;
; U11      ;            ; 4        ; VCCIO4                                         ; power  ;                       ; 3.3V    ; --         ;                 ; --       ; --           ;
; U12      ;            ; 4        ; VCCIO4                                         ; power  ;                       ; 3.3V    ; --         ;                 ; --       ; --           ;
; U13      ;            ;          ; GND                                            ; gnd    ;                       ;         ; --         ;                 ; --       ; --           ;
; U14      ;            ; 4        ; VCCIO4                                         ; power  ;                       ; 3.3V    ; --         ;                 ; --       ; --           ;
; U15      ; 208        ; 4        ; RESERVED_INPUT_WITH_WEAK_PULLUP                ;        ;                       ;         ; Column I/O ;                 ; no       ; On           ;
; U16      ;            ;          ; VCCD_PLL4                                      ; power  ;                       ; 1.2V    ; --         ;                 ; --       ; --           ;
; U17      ; 246        ; 5        ; RESERVED_INPUT_WITH_WEAK_PULLUP                ;        ;                       ;         ; Row I/O    ;                 ; no       ; On           ;
; U18      ; 244        ; 5        ; RESERVED_INPUT_WITH_WEAK_PULLUP                ;        ;                       ;         ; Row I/O    ;                 ; no       ; On           ;
; U19      ; 282        ; 5        ; b_pad_gpio_porta[1]                            ; bidir  ; 2.5 V                 ;         ; Row I/O    ; N               ; no       ; Off          ;
; U20      ; 290        ; 5        ; RESERVED_INPUT_WITH_WEAK_PULLUP                ;        ;                       ;         ; Row I/O    ;                 ; no       ; On           ;
; U21      ; 300        ; 5        ; RESERVED_INPUT_WITH_WEAK_PULLUP                ;        ;                       ;         ; Row I/O    ;                 ; no       ; On           ;
; U22      ; 302        ; 5        ; RESERVED_INPUT_WITH_WEAK_PULLUP                ;        ;                       ;         ; Row I/O    ;                 ; no       ; On           ;
; V1       ; 91         ; 2        ; RESERVED_INPUT_WITH_WEAK_PULLUP                ;        ;                       ;         ; Row I/O    ;                 ; no       ; On           ;
; V2       ;            ;          ; GND                                            ; gnd    ;                       ;         ; --         ;                 ; --       ; --           ;
; V3       ; 95         ; 2        ; RESERVED_INPUT_WITH_WEAK_PULLUP                ;        ;                       ;         ; Row I/O    ;                 ; no       ; On           ;
; V4       ; 125        ; 3        ; RESERVED_INPUT_WITH_WEAK_PULLUP                ;        ;                       ;         ; Column I/O ;                 ; no       ; On           ;
; V5       ; 127        ; 3        ; RESERVED_INPUT_WITH_WEAK_PULLUP                ;        ;                       ;         ; Column I/O ;                 ; no       ; On           ;
; V6       ;            ;          ; GND                                            ; gnd    ;                       ;         ; --         ;                 ; --       ; --           ;
; V7       ; 136        ; 3        ; RESERVED_INPUT_WITH_WEAK_PULLUP                ;        ;                       ;         ; Column I/O ;                 ; no       ; On           ;
; V8       ; 138        ; 3        ; RESERVED_INPUT_WITH_WEAK_PULLUP                ;        ;                       ;         ; Column I/O ;                 ; no       ; On           ;
; V9       ; 160        ; 3        ; RESERVED_INPUT_WITH_WEAK_PULLUP                ;        ;                       ;         ; Column I/O ;                 ; no       ; On           ;
; V10      ; 162        ; 3        ; RESERVED_INPUT_WITH_WEAK_PULLUP                ;        ;                       ;         ; Column I/O ;                 ; no       ; On           ;
; V11      ; 172        ; 4        ; RESERVED_INPUT_WITH_WEAK_PULLUP                ;        ;                       ;         ; Column I/O ;                 ; no       ; On           ;
; V12      ; 174        ; 4        ; RESERVED_INPUT_WITH_WEAK_PULLUP                ;        ;                       ;         ; Column I/O ;                 ; no       ; On           ;
; V13      ; 192        ; 4        ; RESERVED_INPUT_WITH_WEAK_PULLUP                ;        ;                       ;         ; Column I/O ;                 ; no       ; On           ;
; V14      ; 204        ; 4        ; RESERVED_INPUT_WITH_WEAK_PULLUP                ;        ;                       ;         ; Column I/O ;                 ; no       ; On           ;
; V15      ; 216        ; 4        ; RESERVED_INPUT_WITH_WEAK_PULLUP                ;        ;                       ;         ; Column I/O ;                 ; no       ; On           ;
; V16      ; 210        ; 4        ; RESERVED_INPUT_WITH_WEAK_PULLUP                ;        ;                       ;         ; Column I/O ;                 ; no       ; On           ;
; V17      ; 242        ; 4        ; RESERVED_INPUT_WITH_WEAK_PULLUP                ;        ;                       ;         ; Column I/O ;                 ; no       ; On           ;
; V18      ; 280        ; 5        ; b_pad_gpio_porta[6]                            ; bidir  ; 2.5 V                 ;         ; Row I/O    ; N               ; no       ; Off          ;
; V19      ;            ;          ; GND                                            ; gnd    ;                       ;         ; --         ;                 ; --       ; --           ;
; V20      ; 288        ; 5        ; RESERVED_INPUT_WITH_WEAK_PULLUP                ;        ;                       ;         ; Row I/O    ;                 ; no       ; On           ;
; V21      ; 289        ; 5        ; RESERVED_INPUT_WITH_WEAK_PULLUP                ;        ;                       ;         ; Row I/O    ;                 ; no       ; On           ;
; V22      ; 291        ; 5        ; RESERVED_INPUT_WITH_WEAK_PULLUP                ;        ;                       ;         ; Row I/O    ;                 ; no       ; On           ;
; W1       ; 97         ; 2        ; RESERVED_INPUT_WITH_WEAK_PULLUP                ;        ;                       ;         ; Row I/O    ;                 ; no       ; On           ;
; W2       ; 99         ; 2        ; RESERVED_INPUT_WITH_WEAK_PULLUP                ;        ;                       ;         ; Row I/O    ;                 ; no       ; On           ;
; W3       ; 134        ; 3        ; RESERVED_INPUT_WITH_WEAK_PULLUP                ;        ;                       ;         ; Column I/O ;                 ; no       ; On           ;
; W4       ; 132        ; 3        ; RESERVED_INPUT_WITH_WEAK_PULLUP                ;        ;                       ;         ; Column I/O ;                 ; no       ; On           ;
; W5       ; 124        ; 3        ; RESERVED_INPUT_WITH_WEAK_PULLUP                ;        ;                       ;         ; Column I/O ;                 ; no       ; On           ;
; W6       ; 126        ; 3        ; RESERVED_INPUT_WITH_WEAK_PULLUP                ;        ;                       ;         ; Column I/O ;                 ; no       ; On           ;
; W7       ; 148        ; 3        ; TDO                                            ; output ; 3.3-V LVTTL           ;         ; Column I/O ; Y               ; no       ; Off          ;
; W8       ; 150        ; 3        ; TCK                                            ; input  ; 3.3-V LVTTL           ;         ; Column I/O ; Y               ; no       ; Off          ;
; W9       ; 144        ; 3        ; TMS                                            ; bidir  ; 3.3-V LVTTL           ;         ; Column I/O ; Y               ; no       ; Off          ;
; W10      ; 146        ; 3        ; TDI                                            ; input  ; 3.3-V LVTTL           ;         ; Column I/O ; Y               ; no       ; Off          ;
; W11      ; 173        ; 4        ; RESERVED_INPUT_WITH_WEAK_PULLUP                ;        ;                       ;         ; Column I/O ;                 ; no       ; On           ;
; W12      ; 193        ; 4        ; RESERVED_INPUT_WITH_WEAK_PULLUP                ;        ;                       ;         ; Column I/O ;                 ; no       ; On           ;
; W13      ; 195        ; 4        ; i2s_sd                                         ; input  ; 3.3-V LVTTL           ;         ; Column I/O ; Y               ; no       ; Off          ;
; W14      ; 194        ; 4        ; RESERVED_INPUT_WITH_WEAK_PULLUP                ;        ;                       ;         ; Column I/O ;                 ; no       ; On           ;
; W15      ; 206        ; 4        ; RESERVED_INPUT_WITH_WEAK_PULLUP                ;        ;                       ;         ; Column I/O ;                 ; no       ; On           ;
; W16      ; 218        ; 4        ; RESERVED_INPUT_WITH_WEAK_PULLUP                ;        ;                       ;         ; Column I/O ;                 ; no       ; On           ;
; W17      ; 240        ; 4        ; RESERVED_INPUT_WITH_WEAK_PULLUP                ;        ;                       ;         ; Column I/O ;                 ; no       ; On           ;
; W18      ; 226        ; 4        ; RESERVED_INPUT_WITH_WEAK_PULLUP                ;        ;                       ;         ; Column I/O ;                 ; no       ; On           ;
; W19      ; 284        ; 5        ; b_pad_gpio_porta[7]                            ; bidir  ; 2.5 V                 ;         ; Row I/O    ; N               ; no       ; Off          ;
; W20      ; 286        ; 5        ; b_pad_gpio_porta[0]                            ; bidir  ; 2.5 V                 ;         ; Row I/O    ; N               ; no       ; Off          ;
; W21      ;            ;          ; GND                                            ; gnd    ;                       ;         ; --         ;                 ; --       ; --           ;
; W22      ; 283        ; 5        ; b_pad_gpio_porta[4]                            ; bidir  ; 2.5 V                 ;         ; Row I/O    ; N               ; no       ; Off          ;
; Y1       ; 129        ; 3        ; RESERVED_INPUT_WITH_WEAK_PULLUP                ;        ;                       ;         ; Column I/O ;                 ; no       ; On           ;
; Y2       ; 131        ; 3        ; RESERVED_INPUT_WITH_WEAK_PULLUP                ;        ;                       ;         ; Column I/O ;                 ; no       ; On           ;
; Y3       ; 149        ; 3        ; flash_mosi                                     ; output ; 3.3-V LVTTL           ;         ; Column I/O ; Y               ; no       ; Off          ;
; Y4       ; 151        ; 3        ; flash_miso                                     ; input  ; 3.3-V LVTTL           ;         ; Column I/O ; Y               ; no       ; Off          ;
; Y5       ; 137        ; 3        ; flash_cs_n                                     ; output ; 3.3-V LVTTL           ;         ; Column I/O ; Y               ; no       ; Off          ;
; Y6       ; 139        ; 3        ; RESERVED_INPUT_WITH_WEAK_PULLUP                ;        ;                       ;         ; Column I/O ;                 ; no       ; On           ;
; Y7       ; 141        ; 3        ; uart1_rxd                                      ; input  ; 3.3-V LVTTL           ;         ; Column I/O ; Y               ; no       ; Off          ;
; Y8       ; 143        ; 3        ; uart1_txd                                      ; output ; 3.3-V LVTTL           ;         ; Column I/O ; Y               ; no       ; Off          ;
; Y9       ;            ;          ; GND                                            ; gnd    ;                       ;         ; --         ;                 ; --       ; --           ;
; Y10      ; 168        ; 3        ; RESERVED_INPUT_WITH_WEAK_PULLUP                ;        ;                       ;         ; Column I/O ;                 ; no       ; On           ;
; Y11      ; 175        ; 4        ; RESERVED_INPUT_WITH_WEAK_PULLUP                ;        ;                       ;         ; Column I/O ;                 ; no       ; On           ;
; Y12      ;            ;          ; GND                                            ; gnd    ;                       ;         ; --         ;                 ; --       ; --           ;
; Y13      ; 200        ; 4        ; RESERVED_INPUT_WITH_WEAK_PULLUP                ;        ;                       ;         ; Column I/O ;                 ; no       ; On           ;
; Y14      ; 202        ; 4        ; RESERVED_INPUT_WITH_WEAK_PULLUP                ;        ;                       ;         ; Column I/O ;                 ; no       ; On           ;
; Y15      ;            ;          ; GND                                            ; gnd    ;                       ;         ; --         ;                 ; --       ; --           ;
; Y16      ; 207        ; 4        ; RESERVED_INPUT_WITH_WEAK_PULLUP                ;        ;                       ;         ; Column I/O ;                 ; no       ; On           ;
; Y17      ; 214        ; 4        ; RESERVED_INPUT_WITH_WEAK_PULLUP                ;        ;                       ;         ; Column I/O ;                 ; no       ; On           ;
; Y18      ; 219        ; 4        ; RESERVED_INPUT_WITH_WEAK_PULLUP                ;        ;                       ;         ; Column I/O ;                 ; no       ; On           ;
; Y19      ; 224        ; 4        ; RESERVED_INPUT_WITH_WEAK_PULLUP                ;        ;                       ;         ; Column I/O ;                 ; no       ; On           ;
; Y20      ; 285        ; 5        ; b_pad_gpio_porta[5]                            ; bidir  ; 2.5 V                 ;         ; Row I/O    ; N               ; no       ; Off          ;
; Y21      ; 287        ; 5        ; b_pad_gpio_porta[2]                            ; bidir  ; 2.5 V                 ;         ; Row I/O    ; N               ; no       ; Off          ;
; Y22      ; 281        ; 5        ; b_pad_gpio_porta[3]                            ; bidir  ; 2.5 V                 ;         ; Row I/O    ; N               ; no       ; Off          ;
+----------+------------+----------+------------------------------------------------+--------+-----------------------+---------+------------+-----------------+----------+--------------+
Note: Pin directions (input, output or bidir) are based on device operating in user mode.


+-----------------------------------------------------+
; I/O Assignment Warnings                             ;
+---------------------+-------------------------------+
; Pin Name            ; Reason                        ;
+---------------------+-------------------------------+
; TDO                 ; Missing drive strength        ;
; uart1_txd           ; Missing drive strength        ;
; uart2_rxd           ; Incomplete set of assignments ;
; uart2_txd           ; Incomplete set of assignments ;
; timer1_extin        ; Incomplete set of assignments ;
; i2s_sck             ; Missing drive strength        ;
; i2s_ws              ; Missing drive strength        ;
; flash_cs_n          ; Missing drive strength        ;
; flash_sclk          ; Missing drive strength        ;
; flash_mosi          ; Missing drive strength        ;
; TMS                 ; Missing drive strength        ;
; b_pad_gpio_porta[0] ; Incomplete set of assignments ;
; b_pad_gpio_porta[1] ; Incomplete set of assignments ;
; b_pad_gpio_porta[2] ; Incomplete set of assignments ;
; b_pad_gpio_porta[3] ; Incomplete set of assignments ;
; b_pad_gpio_porta[4] ; Incomplete set of assignments ;
; b_pad_gpio_porta[5] ; Incomplete set of assignments ;
; b_pad_gpio_porta[6] ; Incomplete set of assignments ;
; b_pad_gpio_porta[7] ; Incomplete set of assignments ;
; timer0_extin        ; Incomplete set of assignments ;
; uart2_rxd           ; Missing location assignment   ;
; uart2_txd           ; Missing location assignment   ;
; timer1_extin        ; Missing location assignment   ;
; b_pad_gpio_porta[0] ; Missing location assignment   ;
; b_pad_gpio_porta[1] ; Missing location assignment   ;
; b_pad_gpio_porta[2] ; Missing location assignment   ;
; b_pad_gpio_porta[3] ; Missing location assignment   ;
; b_pad_gpio_porta[4] ; Missing location assignment   ;
; b_pad_gpio_porta[5] ; Missing location assignment   ;
; b_pad_gpio_porta[6] ; Missing location assignment   ;
; b_pad_gpio_porta[7] ; Missing location assignment   ;
; timer0_extin        ; Missing location assignment   ;
+---------------------+-------------------------------+


+----------------------------------------------------------------------------------------------------------------------------------------------------------------------------------------------------------------------------------------------------------------------------------------------------------------------------------------------------------------------------------------------------------------------------------------------------------------------------------------+
; Fitter Resource Utilization by Entity                                                                                                                                                                                                                                                                                                                                                                                                                                                  ;
+--------------------------------------------------------------------+---------------+---------------------------+---------------+-------------+------+------------+--------------+---------+-----------+------+--------------+---------------+-------------------+------------------+------------+------------------------------------------------------------------------------------------------------------------------------------------+----------------------------+--------------+
; Compilation Hierarchy Node                                         ; Logic Cells   ; Dedicated Logic Registers ; I/O Registers ; Memory Bits ; M9Ks ; UFM Blocks ; DSP Elements ; DSP 9x9 ; DSP 18x18 ; Pins ; Virtual Pins ; LUT-Only LCs  ; Register-Only LCs ; LUT/Register LCs ; ADC blocks ; Full Hierarchy Name                                                                                                                      ; Entity Name                ; Library Name ;
+--------------------------------------------------------------------+---------------+---------------------------+---------------+-------------+------+------------+--------------+---------+-----------+------+--------------+---------------+-------------------+------------------+------------+------------------------------------------------------------------------------------------------------------------------------------------+----------------------------+--------------+
; |top                                                               ; 23930 (86)    ; 6080 (34)                 ; 0 (0)         ; 524672      ; 65   ; 1          ; 6            ; 0       ; 3         ; 27   ; 0            ; 17850 (52)    ; 941 (1)           ; 5139 (33)        ; 0          ; |top                                                                                                                                     ; top                        ; work         ;
;    |AHB2MEM:U_SRAM|                                                ; 187 (152)     ; 20 (19)                   ; 0 (0)         ; 524288      ; 64   ; 0          ; 0            ; 0       ; 0         ; 0    ; 0            ; 164 (132)     ; 0 (0)             ; 23 (20)          ; 0          ; |top|AHB2MEM:U_SRAM                                                                                                                      ; AHB2MEM                    ; work         ;
;       |altsyncram:memory_rtl_0|                                    ; 35 (0)        ; 1 (0)                     ; 0 (0)         ; 524288      ; 64   ; 0          ; 0            ; 0       ; 0         ; 0    ; 0            ; 32 (0)        ; 0 (0)             ; 3 (0)            ; 0          ; |top|AHB2MEM:U_SRAM|altsyncram:memory_rtl_0                                                                                              ; altsyncram                 ; work         ;
;          |altsyncram_6kg1:auto_generated|                          ; 35 (1)        ; 1 (1)                     ; 0 (0)         ; 524288      ; 64   ; 0          ; 0            ; 0       ; 0         ; 0    ; 0            ; 32 (0)        ; 0 (0)             ; 3 (1)            ; 0          ; |top|AHB2MEM:U_SRAM|altsyncram:memory_rtl_0|altsyncram_6kg1:auto_generated                                                               ; altsyncram_6kg1            ; work         ;
;             |decode_97a:decode2|                                   ; 2 (2)         ; 0 (0)                     ; 0 (0)         ; 0           ; 0    ; 0          ; 0            ; 0       ; 0         ; 0    ; 0            ; 1 (1)         ; 0 (0)             ; 1 (1)            ; 0          ; |top|AHB2MEM:U_SRAM|altsyncram:memory_rtl_0|altsyncram_6kg1:auto_generated|decode_97a:decode2                                            ; decode_97a                 ; work         ;
;             |mux_63b:mux3|                                         ; 32 (32)       ; 0 (0)                     ; 0 (0)         ; 0           ; 0    ; 0          ; 0            ; 0       ; 0         ; 0    ; 0            ; 31 (31)       ; 0 (0)             ; 1 (1)            ; 0          ; |top|AHB2MEM:U_SRAM|altsyncram:memory_rtl_0|altsyncram_6kg1:auto_generated|mux_63b:mux3                                                  ; mux_63b                    ; work         ;
;    |BusMatrix3x3:u_BusMatrix3x3|                                   ; 341 (0)       ; 132 (0)                   ; 0 (0)         ; 0           ; 0    ; 0          ; 0            ; 0       ; 0         ; 0    ; 0            ; 178 (0)       ; 5 (0)             ; 158 (0)          ; 0          ; |top|BusMatrix3x3:u_BusMatrix3x3                                                                                                         ; BusMatrix3x3               ; work         ;
;       |InputStage:u_InputStage_0|                                  ; 62 (62)       ; 41 (41)                   ; 0 (0)         ; 0           ; 0    ; 0          ; 0            ; 0       ; 0         ; 0    ; 0            ; 6 (6)         ; 0 (0)             ; 56 (56)          ; 0          ; |top|BusMatrix3x3:u_BusMatrix3x3|InputStage:u_InputStage_0                                                                               ; InputStage                 ; work         ;
;       |InputStage:u_InputStage_1|                                  ; 42 (42)       ; 38 (38)                   ; 0 (0)         ; 0           ; 0    ; 0          ; 0            ; 0       ; 0         ; 0    ; 0            ; 3 (3)         ; 0 (0)             ; 39 (39)          ; 0          ; |top|BusMatrix3x3:u_BusMatrix3x3|InputStage:u_InputStage_1                                                                               ; InputStage                 ; work         ;
;       |InputStage:u_InputStage_2|                                  ; 34 (34)       ; 30 (30)                   ; 0 (0)         ; 0           ; 0    ; 0          ; 0            ; 0       ; 0         ; 0    ; 0            ; 4 (4)         ; 5 (5)             ; 25 (25)          ; 0          ; |top|BusMatrix3x3:u_BusMatrix3x3|InputStage:u_InputStage_2                                                                               ; InputStage                 ; work         ;
;       |OutputStage:u_outputstage_0|                                ; 117 (87)      ; 12 (2)                    ; 0 (0)         ; 0           ; 0    ; 0          ; 0            ; 0       ; 0         ; 0    ; 0            ; 88 (68)       ; 0 (0)             ; 29 (18)          ; 0          ; |top|BusMatrix3x3:u_BusMatrix3x3|OutputStage:u_outputstage_0                                                                             ; OutputStage                ; work         ;
;          |cmsdk_ahb_bm_output_arb:u_output_arb|                    ; 31 (31)       ; 10 (10)                   ; 0 (0)         ; 0           ; 0    ; 0          ; 0            ; 0       ; 0         ; 0    ; 0            ; 20 (20)       ; 0 (0)             ; 11 (11)          ; 0          ; |top|BusMatrix3x3:u_BusMatrix3x3|OutputStage:u_outputstage_0|cmsdk_ahb_bm_output_arb:u_output_arb                                        ; cmsdk_ahb_bm_output_arb    ; work         ;
;       |OutputStage:u_outputstage_1|                                ; 3 (2)         ; 2 (1)                     ; 0 (0)         ; 0           ; 0    ; 0          ; 0            ; 0       ; 0         ; 0    ; 0            ; 1 (1)         ; 0 (0)             ; 2 (1)            ; 0          ; |top|BusMatrix3x3:u_BusMatrix3x3|OutputStage:u_outputstage_1                                                                             ; OutputStage                ; work         ;
;          |cmsdk_ahb_bm_output_arb:u_output_arb|                    ; 1 (1)         ; 1 (1)                     ; 0 (0)         ; 0           ; 0    ; 0          ; 0            ; 0       ; 0         ; 0    ; 0            ; 0 (0)         ; 0 (0)             ; 1 (1)            ; 0          ; |top|BusMatrix3x3:u_BusMatrix3x3|OutputStage:u_outputstage_1|cmsdk_ahb_bm_output_arb:u_output_arb                                        ; cmsdk_ahb_bm_output_arb    ; work         ;
;       |OutputStage:u_outputstage_2|                                ; 1 (0)         ; 1 (0)                     ; 0 (0)         ; 0           ; 0    ; 0          ; 0            ; 0       ; 0         ; 0    ; 0            ; 0 (0)         ; 0 (0)             ; 1 (0)            ; 0          ; |top|BusMatrix3x3:u_BusMatrix3x3|OutputStage:u_outputstage_2                                                                             ; OutputStage                ; work         ;
;          |cmsdk_ahb_bm_output_arb:u_output_arb|                    ; 1 (1)         ; 1 (1)                     ; 0 (0)         ; 0           ; 0    ; 0          ; 0            ; 0       ; 0         ; 0    ; 0            ; 0 (0)         ; 0 (0)             ; 1 (1)            ; 0          ; |top|BusMatrix3x3:u_BusMatrix3x3|OutputStage:u_outputstage_2|cmsdk_ahb_bm_output_arb:u_output_arb                                        ; cmsdk_ahb_bm_output_arb    ; work         ;
;       |cmsdk_ahb_bm_decodeSI0:u_cmsdk_ahb_bm_decodesi0|            ; 61 (60)       ; 4 (3)                     ; 0 (0)         ; 0           ; 0    ; 0          ; 0            ; 0       ; 0         ; 0    ; 0            ; 56 (56)       ; 0 (0)             ; 5 (4)            ; 0          ; |top|BusMatrix3x3:u_BusMatrix3x3|cmsdk_ahb_bm_decodeSI0:u_cmsdk_ahb_bm_decodesi0                                                         ; cmsdk_ahb_bm_decodeSI0     ; work         ;
;          |BusMatrix3x3_default_slave:u_BusMatrix3x3_default_slave| ; 1 (1)         ; 1 (1)                     ; 0 (0)         ; 0           ; 0    ; 0          ; 0            ; 0       ; 0         ; 0    ; 0            ; 0 (0)         ; 0 (0)             ; 1 (1)            ; 0          ; |top|BusMatrix3x3:u_BusMatrix3x3|cmsdk_ahb_bm_decodeSI0:u_cmsdk_ahb_bm_decodesi0|BusMatrix3x3_default_slave:u_BusMatrix3x3_default_slave ; BusMatrix3x3_default_slave ; work         ;
;       |cmsdk_ahb_bm_decodeSI1:u_cmsdk_ahb_bm_decodesi1|            ; 14 (13)       ; 2 (1)                     ; 0 (0)         ; 0           ; 0    ; 0          ; 0            ; 0       ; 0         ; 0    ; 0            ; 12 (12)       ; 0 (0)             ; 2 (1)            ; 0          ; |top|BusMatrix3x3:u_BusMatrix3x3|cmsdk_ahb_bm_decodeSI1:u_cmsdk_ahb_bm_decodesi1                                                         ; cmsdk_ahb_bm_decodeSI1     ; work         ;
;          |BusMatrix3x3_default_slave:u_BusMatrix3x3_default_slave| ; 1 (1)         ; 1 (1)                     ; 0 (0)         ; 0           ; 0    ; 0          ; 0            ; 0       ; 0         ; 0    ; 0            ; 0 (0)         ; 0 (0)             ; 1 (1)            ; 0          ; |top|BusMatrix3x3:u_BusMatrix3x3|cmsdk_ahb_bm_decodeSI1:u_cmsdk_ahb_bm_decodesi1|BusMatrix3x3_default_slave:u_BusMatrix3x3_default_slave ; BusMatrix3x3_default_slave ; work         ;
;       |cmsdk_ahb_bm_decodeSI2:u_cmsdk_ahb_bm_decodesi2|            ; 12 (11)       ; 2 (1)                     ; 0 (0)         ; 0           ; 0    ; 0          ; 0            ; 0       ; 0         ; 0    ; 0            ; 8 (8)         ; 0 (0)             ; 4 (3)            ; 0          ; |top|BusMatrix3x3:u_BusMatrix3x3|cmsdk_ahb_bm_decodeSI2:u_cmsdk_ahb_bm_decodesi2                                                         ; cmsdk_ahb_bm_decodeSI2     ; work         ;
;          |BusMatrix3x3_default_slave:u_BusMatrix3x3_default_slave| ; 1 (1)         ; 1 (1)                     ; 0 (0)         ; 0           ; 0    ; 0          ; 0            ; 0       ; 0         ; 0    ; 0            ; 0 (0)         ; 0 (0)             ; 1 (1)            ; 0          ; |top|BusMatrix3x3:u_BusMatrix3x3|cmsdk_ahb_bm_decodeSI2:u_cmsdk_ahb_bm_decodesi2|BusMatrix3x3_default_slave:u_BusMatrix3x3_default_slave ; BusMatrix3x3_default_slave ; work         ;
;    |CORTEXM3INTEGRATIONDS:u_CORTEXM3INTEGRATION|                   ; 21888 (0)     ; 5054 (0)                  ; 0 (0)         ; 0           ; 0    ; 0          ; 6            ; 0       ; 3         ; 0    ; 0            ; 16734 (0)     ; 803 (0)           ; 4351 (0)         ; 0          ; |top|CORTEXM3INTEGRATIONDS:u_CORTEXM3INTEGRATION                                                                                         ; CORTEXM3INTEGRATIONDS      ; work         ;
;       |cortexm3ds_logic:u_cortexm3ds_logic|                        ; 21888 (21796) ; 5054 (5054)               ; 0 (0)         ; 0           ; 0    ; 0          ; 6            ; 0       ; 3         ; 0    ; 0            ; 16734 (16642) ; 803 (803)         ; 4351 (4351)      ; 0          ; |top|CORTEXM3INTEGRATIONDS:u_CORTEXM3INTEGRATION|cortexm3ds_logic:u_cortexm3ds_logic                                                     ; cortexm3ds_logic           ; work         ;
;          |lpm_add_sub:Add25|                                       ; 64 (0)        ; 0 (0)                     ; 0 (0)         ; 0           ; 0    ; 0          ; 0            ; 0       ; 0         ; 0    ; 0            ; 64 (0)        ; 0 (0)             ; 0 (0)            ; 0          ; |top|CORTEXM3INTEGRATIONDS:u_CORTEXM3INTEGRATION|cortexm3ds_logic:u_cortexm3ds_logic|lpm_add_sub:Add25                                   ; lpm_add_sub                ; work         ;
;             |add_sub_fai:auto_generated|                           ; 64 (64)       ; 0 (0)                     ; 0 (0)         ; 0           ; 0    ; 0          ; 0            ; 0       ; 0         ; 0    ; 0            ; 64 (64)       ; 0 (0)             ; 0 (0)            ; 0          ; |top|CORTEXM3INTEGRATIONDS:u_CORTEXM3INTEGRATION|cortexm3ds_logic:u_cortexm3ds_logic|lpm_add_sub:Add25|add_sub_fai:auto_generated        ; add_sub_fai                ; work         ;
;          |lpm_mult:Mult0|                                          ; 28 (0)        ; 0 (0)                     ; 0 (0)         ; 0           ; 0    ; 0          ; 6            ; 0       ; 3         ; 0    ; 0            ; 28 (0)        ; 0 (0)             ; 0 (0)            ; 0          ; |top|CORTEXM3INTEGRATIONDS:u_CORTEXM3INTEGRATION|cortexm3ds_logic:u_cortexm3ds_logic|lpm_mult:Mult0                                      ; lpm_mult                   ; work         ;
;             |mult_tns:auto_generated|                              ; 28 (28)       ; 0 (0)                     ; 0 (0)         ; 0           ; 0    ; 0          ; 6            ; 0       ; 3         ; 0    ; 0            ; 28 (28)       ; 0 (0)             ; 0 (0)            ; 0          ; |top|CORTEXM3INTEGRATIONDS:u_CORTEXM3INTEGRATION|cortexm3ds_logic:u_cortexm3ds_logic|lpm_mult:Mult0|mult_tns:auto_generated              ; mult_tns                   ; work         ;
;    |audio_ctrl_apb:u_audio_ctrl_apb|                               ; 124 (22)      ; 87 (5)                    ; 0 (0)         ; 384         ; 1    ; 0          ; 0            ; 0       ; 0         ; 0    ; 0            ; 35 (17)       ; 13 (0)            ; 76 (12)          ; 0          ; |top|audio_ctrl_apb:u_audio_ctrl_apb                                                                                                     ; audio_ctrl_apb             ; work         ;
;       |audio_fifo:u_audio_fifo|                                    ; 103 (103)     ; 82 (82)                   ; 0 (0)         ; 384         ; 1    ; 0          ; 0            ; 0       ; 0         ; 0    ; 0            ; 18 (18)       ; 13 (13)           ; 72 (72)          ; 0          ; |top|audio_ctrl_apb:u_audio_ctrl_apb|audio_fifo:u_audio_fifo                                                                             ; audio_fifo                 ; work         ;
;          |altsyncram:mem_rtl_0|                                    ; 0 (0)         ; 0 (0)                     ; 0 (0)         ; 384         ; 1    ; 0          ; 0            ; 0       ; 0         ; 0    ; 0            ; 0 (0)         ; 0 (0)             ; 0 (0)            ; 0          ; |top|audio_ctrl_apb:u_audio_ctrl_apb|audio_fifo:u_audio_fifo|altsyncram:mem_rtl_0                                                        ; altsyncram                 ; work         ;
;             |altsyncram_gnb1:auto_generated|                       ; 0 (0)         ; 0 (0)                     ; 0 (0)         ; 384         ; 1    ; 0          ; 0            ; 0       ; 0         ; 0    ; 0            ; 0 (0)         ; 0 (0)             ; 0 (0)            ; 0          ; |top|audio_ctrl_apb:u_audio_ctrl_apb|audio_fifo:u_audio_fifo|altsyncram:mem_rtl_0|altsyncram_gnb1:auto_generated                         ; altsyncram_gnb1            ; work         ;
;    |cmsdk_apb_subsystem:u_apb_subsystem|                           ; 656 (1)       ; 310 (0)                   ; 0 (0)         ; 0           ; 0    ; 0          ; 0            ; 0       ; 0         ; 0    ; 0            ; 308 (0)       ; 79 (0)            ; 269 (1)          ; 0          ; |top|cmsdk_apb_subsystem:u_apb_subsystem                                                                                                 ; cmsdk_apb_subsystem        ; work         ;
;       |cmsdk_ahb_to_apb:u_ahb_to_apb|                              ; 52 (52)       ; 50 (50)                   ; 0 (0)         ; 0           ; 0    ; 0          ; 0            ; 0       ; 0         ; 0    ; 0            ; 2 (2)         ; 0 (0)             ; 50 (50)          ; 0          ; |top|cmsdk_apb_subsystem:u_apb_subsystem|cmsdk_ahb_to_apb:u_ahb_to_apb                                                                   ; cmsdk_ahb_to_apb           ; work         ;
;       |cmsdk_apb_slave_mux:u_apb_slave_mux|                        ; 175 (175)     ; 0 (0)                     ; 0 (0)         ; 0           ; 0    ; 0          ; 0            ; 0       ; 0         ; 0    ; 0            ; 90 (90)       ; 0 (0)             ; 85 (85)          ; 0          ; |top|cmsdk_apb_subsystem:u_apb_subsystem|cmsdk_apb_slave_mux:u_apb_slave_mux                                                             ; cmsdk_apb_slave_mux        ; work         ;
;       |cmsdk_apb_timer:gen_apb_timer_0.u_apb_timer_0|              ; 151 (151)     ; 80 (80)                   ; 0 (0)         ; 0           ; 0    ; 0          ; 0            ; 0       ; 0         ; 0    ; 0            ; 71 (71)       ; 24 (24)           ; 56 (56)          ; 0          ; |top|cmsdk_apb_subsystem:u_apb_subsystem|cmsdk_apb_timer:gen_apb_timer_0.u_apb_timer_0                                                   ; cmsdk_apb_timer            ; work         ;
;       |cmsdk_apb_uart:gen_apb_uart_1.u_apb_uart_1|                 ; 192 (192)     ; 116 (116)                 ; 0 (0)         ; 0           ; 0    ; 0          ; 0            ; 0       ; 0         ; 0    ; 0            ; 76 (76)       ; 28 (28)           ; 88 (88)          ; 0          ; |top|cmsdk_apb_subsystem:u_apb_subsystem|cmsdk_apb_uart:gen_apb_uart_1.u_apb_uart_1                                                      ; cmsdk_apb_uart             ; work         ;
;       |gpio:gen_apb_gpio_0.u_gpio_0|                               ; 133 (0)       ; 64 (0)                    ; 0 (0)         ; 0           ; 0    ; 0          ; 0            ; 0       ; 0         ; 0    ; 0            ; 69 (0)        ; 27 (0)            ; 37 (0)           ; 0          ; |top|cmsdk_apb_subsystem:u_apb_subsystem|gpio:gen_apb_gpio_0.u_gpio_0                                                                    ; gpio                       ; work         ;
;          |gpio_apbif:x_gpio_apbif|                                 ; 126 (126)     ; 64 (64)                   ; 0 (0)         ; 0           ; 0    ; 0          ; 0            ; 0       ; 0         ; 0    ; 0            ; 62 (62)       ; 27 (27)           ; 37 (37)          ; 0          ; |top|cmsdk_apb_subsystem:u_apb_subsystem|gpio:gen_apb_gpio_0.u_gpio_0|gpio_apbif:x_gpio_apbif                                            ; gpio_apbif                 ; work         ;
;          |gpio_ctrl:x_gpio_ctrl|                                   ; 8 (8)         ; 0 (0)                     ; 0 (0)         ; 0           ; 0    ; 0          ; 0            ; 0       ; 0         ; 0    ; 0            ; 7 (7)         ; 0 (0)             ; 1 (1)            ; 0          ; |top|cmsdk_apb_subsystem:u_apb_subsystem|gpio:gen_apb_gpio_0.u_gpio_0|gpio_ctrl:x_gpio_ctrl                                              ; gpio_ctrl                  ; work         ;
;    |i2s_rx_core:u_i2s_rx_core|                                     ; 68 (68)       ; 65 (65)                   ; 0 (0)         ; 0           ; 0    ; 0          ; 0            ; 0       ; 0         ; 0    ; 0            ; 3 (3)         ; 22 (22)           ; 43 (43)          ; 0          ; |top|i2s_rx_core:u_i2s_rx_core                                                                                                           ; i2s_rx_core                ; work         ;
;    |spi_flash_apb_ctrl:u_spi_flash_apb_ctrl|                       ; 754 (654)     ; 378 (326)                 ; 0 (0)         ; 0           ; 0    ; 0          ; 0            ; 0       ; 0         ; 0    ; 0            ; 376 (328)     ; 18 (18)           ; 360 (308)        ; 0          ; |top|spi_flash_apb_ctrl:u_spi_flash_apb_ctrl                                                                                             ; spi_flash_apb_ctrl         ; work         ;
;       |spi_module:u_spi_module|                                    ; 100 (100)     ; 52 (52)                   ; 0 (0)         ; 0           ; 0    ; 0          ; 0            ; 0       ; 0         ; 0    ; 0            ; 48 (48)       ; 0 (0)             ; 52 (52)          ; 0          ; |top|spi_flash_apb_ctrl:u_spi_flash_apb_ctrl|spi_module:u_spi_module                                                                     ; spi_module                 ; work         ;
+--------------------------------------------------------------------+---------------+---------------------------+---------------+-------------+------+------------+--------------+---------+-----------+------+--------------+---------------+-------------------+------------------+------------+------------------------------------------------------------------------------------------------------------------------------------------+----------------------------+--------------+
Note: For table entries with two numbers listed, the numbers in parentheses indicate the number of resources of the given type used by the specific entity alone. The numbers listed outside of parentheses indicate the total resources of the given type used by the specific entity and all of its sub-entities in the hierarchy.


+-----------------------------------------------------------------------------------------------------+
; Delay Chain Summary                                                                                 ;
+---------------------+----------+---------------+---------------+-----------------------+-----+------+
; Name                ; Pin Type ; Pad to Core 0 ; Pad to Core 1 ; Pad to Input Register ; TCO ; TCOE ;
+---------------------+----------+---------------+---------------+-----------------------+-----+------+
; TDO                 ; Output   ; --            ; --            ; --                    ; --  ; --   ;
; uart1_txd           ; Output   ; --            ; --            ; --                    ; --  ; --   ;
; uart2_rxd           ; Input    ; --            ; --            ; --                    ; --  ; --   ;
; uart2_txd           ; Output   ; --            ; --            ; --                    ; --  ; --   ;
; timer1_extin        ; Input    ; --            ; --            ; --                    ; --  ; --   ;
; i2s_sck             ; Output   ; --            ; --            ; --                    ; --  ; --   ;
; i2s_ws              ; Output   ; --            ; --            ; --                    ; --  ; --   ;
; flash_cs_n          ; Output   ; --            ; --            ; --                    ; --  ; --   ;
; flash_sclk          ; Output   ; --            ; --            ; --                    ; --  ; --   ;
; flash_mosi          ; Output   ; --            ; --            ; --                    ; --  ; --   ;
; TMS                 ; Bidir    ; (6) 868 ps    ; --            ; --                    ; --  ; --   ;
; b_pad_gpio_porta[0] ; Bidir    ; --            ; (6) 873 ps    ; --                    ; --  ; --   ;
; b_pad_gpio_porta[1] ; Bidir    ; --            ; (6) 873 ps    ; --                    ; --  ; --   ;
; b_pad_gpio_porta[2] ; Bidir    ; (6) 873 ps    ; --            ; --                    ; --  ; --   ;
; b_pad_gpio_porta[3] ; Bidir    ; --            ; (6) 873 ps    ; --                    ; --  ; --   ;
; b_pad_gpio_porta[4] ; Bidir    ; --            ; (6) 873 ps    ; --                    ; --  ; --   ;
; b_pad_gpio_porta[5] ; Bidir    ; (6) 873 ps    ; --            ; --                    ; --  ; --   ;
; b_pad_gpio_porta[6] ; Bidir    ; --            ; (6) 873 ps    ; --                    ; --  ; --   ;
; b_pad_gpio_porta[7] ; Bidir    ; --            ; (6) 873 ps    ; --                    ; --  ; --   ;
; CLK                 ; Input    ; (0) 0 ps      ; --            ; --                    ; --  ; --   ;
; RESETn              ; Input    ; --            ; (6) 868 ps    ; --                    ; --  ; --   ;
; TCK                 ; Input    ; (0) 0 ps      ; (0) 0 ps      ; --                    ; --  ; --   ;
; TDI                 ; Input    ; (6) 868 ps    ; --            ; --                    ; --  ; --   ;
; flash_miso          ; Input    ; (6) 868 ps    ; --            ; --                    ; --  ; --   ;
; timer0_extin        ; Input    ; --            ; (6) 868 ps    ; --                    ; --  ; --   ;
; uart1_rxd           ; Input    ; --            ; (6) 868 ps    ; --                    ; --  ; --   ;
; i2s_sd              ; Input    ; (6) 868 ps    ; --            ; --                    ; --  ; --   ;
+---------------------+----------+---------------+---------------+-----------------------+-----+------+


+--------------------------------------------------------------------------------------------------------------------------------------------------------------------------------------+
; Pad To Core Delay Chain Fanout                                                                                                                                                       ;
+--------------------------------------------------------------------------------------------------------------------------------------------------------+-------------------+---------+
; Source Pin / Fanout                                                                                                                                    ; Pad To Core Index ; Setting ;
+--------------------------------------------------------------------------------------------------------------------------------------------------------+-------------------+---------+
; uart2_rxd                                                                                                                                              ;                   ;         ;
; timer1_extin                                                                                                                                           ;                   ;         ;
; TMS                                                                                                                                                    ;                   ;         ;
;      - CORTEXM3INTEGRATIONDS:u_CORTEXM3INTEGRATION|cortexm3ds_logic:u_cortexm3ds_logic|Woxmz6~2                                                        ; 0                 ; 6       ;
;      - CORTEXM3INTEGRATIONDS:u_CORTEXM3INTEGRATION|cortexm3ds_logic:u_cortexm3ds_logic|Dcwmv6~0                                                        ; 0                 ; 6       ;
;      - CORTEXM3INTEGRATIONDS:u_CORTEXM3INTEGRATION|cortexm3ds_logic:u_cortexm3ds_logic|L2wmv6~0                                                        ; 0                 ; 6       ;
;      - CORTEXM3INTEGRATIONDS:u_CORTEXM3INTEGRATION|cortexm3ds_logic:u_cortexm3ds_logic|Alwmv6~0                                                        ; 0                 ; 6       ;
;      - CORTEXM3INTEGRATIONDS:u_CORTEXM3INTEGRATION|cortexm3ds_logic:u_cortexm3ds_logic|Tsvmv6~0                                                        ; 0                 ; 6       ;
;      - CORTEXM3INTEGRATIONDS:u_CORTEXM3INTEGRATION|cortexm3ds_logic:u_cortexm3ds_logic|Zovmv6~0                                                        ; 0                 ; 6       ;
;      - CORTEXM3INTEGRATIONDS:u_CORTEXM3INTEGRATION|cortexm3ds_logic:u_cortexm3ds_logic|Xmwmv6~0                                                        ; 0                 ; 6       ;
;      - CORTEXM3INTEGRATIONDS:u_CORTEXM3INTEGRATION|cortexm3ds_logic:u_cortexm3ds_logic|Lch8v6~2                                                        ; 0                 ; 6       ;
;      - CORTEXM3INTEGRATIONDS:u_CORTEXM3INTEGRATION|cortexm3ds_logic:u_cortexm3ds_logic|Dcwmv6~1                                                        ; 0                 ; 6       ;
;      - CORTEXM3INTEGRATIONDS:u_CORTEXM3INTEGRATION|cortexm3ds_logic:u_cortexm3ds_logic|Gwvmv6~1                                                        ; 0                 ; 6       ;
;      - CORTEXM3INTEGRATIONDS:u_CORTEXM3INTEGRATION|cortexm3ds_logic:u_cortexm3ds_logic|Gwvmv6~2                                                        ; 0                 ; 6       ;
;      - CORTEXM3INTEGRATIONDS:u_CORTEXM3INTEGRATION|cortexm3ds_logic:u_cortexm3ds_logic|Bwwmv6~0                                                        ; 0                 ; 6       ;
;      - CORTEXM3INTEGRATIONDS:u_CORTEXM3INTEGRATION|cortexm3ds_logic:u_cortexm3ds_logic|Djwmv6~0                                                        ; 0                 ; 6       ;
;      - CORTEXM3INTEGRATIONDS:u_CORTEXM3INTEGRATION|cortexm3ds_logic:u_cortexm3ds_logic|Msvmv6~0                                                        ; 0                 ; 6       ;
;      - CORTEXM3INTEGRATIONDS:u_CORTEXM3INTEGRATION|cortexm3ds_logic:u_cortexm3ds_logic|Bbwmv6~10                                                       ; 0                 ; 6       ;
;      - CORTEXM3INTEGRATIONDS:u_CORTEXM3INTEGRATION|cortexm3ds_logic:u_cortexm3ds_logic|Bbwmv6~14                                                       ; 0                 ; 6       ;
;      - CORTEXM3INTEGRATIONDS:u_CORTEXM3INTEGRATION|cortexm3ds_logic:u_cortexm3ds_logic|T6wmv6~2                                                        ; 0                 ; 6       ;
;      - CORTEXM3INTEGRATIONDS:u_CORTEXM3INTEGRATION|cortexm3ds_logic:u_cortexm3ds_logic|Lch8v6~3                                                        ; 0                 ; 6       ;
;      - CORTEXM3INTEGRATIONDS:u_CORTEXM3INTEGRATION|cortexm3ds_logic:u_cortexm3ds_logic|Lch8v6~6                                                        ; 0                 ; 6       ;
;      - CORTEXM3INTEGRATIONDS:u_CORTEXM3INTEGRATION|cortexm3ds_logic:u_cortexm3ds_logic|Lch8v6~13                                                       ; 0                 ; 6       ;
;      - CORTEXM3INTEGRATIONDS:u_CORTEXM3INTEGRATION|cortexm3ds_logic:u_cortexm3ds_logic|Lch8v6~15                                                       ; 0                 ; 6       ;
;      - CORTEXM3INTEGRATIONDS:u_CORTEXM3INTEGRATION|cortexm3ds_logic:u_cortexm3ds_logic|Lch8v6~19                                                       ; 0                 ; 6       ;
;      - CORTEXM3INTEGRATIONDS:u_CORTEXM3INTEGRATION|cortexm3ds_logic:u_cortexm3ds_logic|Azwmv6~0                                                        ; 0                 ; 6       ;
;      - CORTEXM3INTEGRATIONDS:u_CORTEXM3INTEGRATION|cortexm3ds_logic:u_cortexm3ds_logic|Wr1nv6                                                          ; 0                 ; 6       ;
;      - CORTEXM3INTEGRATIONDS:u_CORTEXM3INTEGRATION|cortexm3ds_logic:u_cortexm3ds_logic|Z3ymz6[1]~3                                                     ; 0                 ; 6       ;
;      - CORTEXM3INTEGRATIONDS:u_CORTEXM3INTEGRATION|cortexm3ds_logic:u_cortexm3ds_logic|Sdqhw6                                                          ; 0                 ; 6       ;
;      - CORTEXM3INTEGRATIONDS:u_CORTEXM3INTEGRATION|cortexm3ds_logic:u_cortexm3ds_logic|Hewmv6~3                                                        ; 0                 ; 6       ;
;      - CORTEXM3INTEGRATIONDS:u_CORTEXM3INTEGRATION|cortexm3ds_logic:u_cortexm3ds_logic|D5wmv6~2                                                        ; 0                 ; 6       ;
;      - CORTEXM3INTEGRATIONDS:u_CORTEXM3INTEGRATION|cortexm3ds_logic:u_cortexm3ds_logic|Bbwmv6~18                                                       ; 0                 ; 6       ;
;      - CORTEXM3INTEGRATIONDS:u_CORTEXM3INTEGRATION|cortexm3ds_logic:u_cortexm3ds_logic|Lch8v6~24                                                       ; 0                 ; 6       ;
; b_pad_gpio_porta[0]                                                                                                                                    ;                   ;         ;
;      - cmsdk_apb_subsystem:u_apb_subsystem|gpio:gen_apb_gpio_0.u_gpio_0|gpio_apbif:x_gpio_apbif|Mux7~0                                                 ; 1                 ; 6       ;
;      - cmsdk_apb_subsystem:u_apb_subsystem|gpio:gen_apb_gpio_0.u_gpio_0|gpio_apbif:x_gpio_apbif|Mux7~2                                                 ; 1                 ; 6       ;
; b_pad_gpio_porta[1]                                                                                                                                    ;                   ;         ;
;      - cmsdk_apb_subsystem:u_apb_subsystem|gpio:gen_apb_gpio_0.u_gpio_0|gpio_apbif:x_gpio_apbif|Mux6~0                                                 ; 1                 ; 6       ;
;      - cmsdk_apb_subsystem:u_apb_subsystem|gpio:gen_apb_gpio_0.u_gpio_0|gpio_apbif:x_gpio_apbif|Mux6~2                                                 ; 1                 ; 6       ;
; b_pad_gpio_porta[2]                                                                                                                                    ;                   ;         ;
;      - cmsdk_apb_subsystem:u_apb_subsystem|gpio:gen_apb_gpio_0.u_gpio_0|gpio_apbif:x_gpio_apbif|Mux5~0                                                 ; 0                 ; 6       ;
;      - cmsdk_apb_subsystem:u_apb_subsystem|gpio:gen_apb_gpio_0.u_gpio_0|gpio_apbif:x_gpio_apbif|Mux5~2                                                 ; 0                 ; 6       ;
; b_pad_gpio_porta[3]                                                                                                                                    ;                   ;         ;
;      - cmsdk_apb_subsystem:u_apb_subsystem|gpio:gen_apb_gpio_0.u_gpio_0|gpio_apbif:x_gpio_apbif|Mux4~0                                                 ; 1                 ; 6       ;
;      - cmsdk_apb_subsystem:u_apb_subsystem|gpio:gen_apb_gpio_0.u_gpio_0|gpio_apbif:x_gpio_apbif|Mux4~2                                                 ; 1                 ; 6       ;
; b_pad_gpio_porta[4]                                                                                                                                    ;                   ;         ;
;      - cmsdk_apb_subsystem:u_apb_subsystem|gpio:gen_apb_gpio_0.u_gpio_0|gpio_apbif:x_gpio_apbif|Mux3~0                                                 ; 1                 ; 6       ;
;      - cmsdk_apb_subsystem:u_apb_subsystem|gpio:gen_apb_gpio_0.u_gpio_0|gpio_apbif:x_gpio_apbif|Mux3~2                                                 ; 1                 ; 6       ;
; b_pad_gpio_porta[5]                                                                                                                                    ;                   ;         ;
;      - cmsdk_apb_subsystem:u_apb_subsystem|gpio:gen_apb_gpio_0.u_gpio_0|gpio_apbif:x_gpio_apbif|Mux2~0                                                 ; 0                 ; 6       ;
;      - cmsdk_apb_subsystem:u_apb_subsystem|gpio:gen_apb_gpio_0.u_gpio_0|gpio_apbif:x_gpio_apbif|Mux2~2                                                 ; 0                 ; 6       ;
; b_pad_gpio_porta[6]                                                                                                                                    ;                   ;         ;
;      - cmsdk_apb_subsystem:u_apb_subsystem|gpio:gen_apb_gpio_0.u_gpio_0|gpio_apbif:x_gpio_apbif|Mux1~0                                                 ; 1                 ; 6       ;
;      - cmsdk_apb_subsystem:u_apb_subsystem|gpio:gen_apb_gpio_0.u_gpio_0|gpio_apbif:x_gpio_apbif|Mux1~2                                                 ; 1                 ; 6       ;
; b_pad_gpio_porta[7]                                                                                                                                    ;                   ;         ;
;      - cmsdk_apb_subsystem:u_apb_subsystem|gpio:gen_apb_gpio_0.u_gpio_0|gpio_apbif:x_gpio_apbif|Mux0~0                                                 ; 1                 ; 6       ;
;      - cmsdk_apb_subsystem:u_apb_subsystem|gpio:gen_apb_gpio_0.u_gpio_0|gpio_apbif:x_gpio_apbif|Mux0~2                                                 ; 1                 ; 6       ;
; CLK                                                                                                                                                    ;                   ;         ;
; RESETn                                                                                                                                                 ;                   ;         ;
;      - i2s_sck~reg0                                                                                                                                    ; 1                 ; 6       ;
;      - spi_flash_apb_ctrl:u_spi_flash_apb_ctrl|spi_module:u_spi_module|spi_mosi                                                                        ; 1                 ; 6       ;
;      - spi_flash_apb_ctrl:u_spi_flash_apb_ctrl|spi_module:u_spi_module|half_phase_reg                                                                  ; 1                 ; 6       ;
;      - cmsdk_apb_subsystem:u_apb_subsystem|cmsdk_apb_uart:gen_apb_uart_1.u_apb_uart_1|tx_state[2]                                                      ; 1                 ; 6       ;
;      - cmsdk_apb_subsystem:u_apb_subsystem|cmsdk_apb_uart:gen_apb_uart_1.u_apb_uart_1|tx_shift_buf[0]                                                  ; 1                 ; 6       ;
;      - cmsdk_apb_subsystem:u_apb_subsystem|cmsdk_ahb_to_apb:u_ahb_to_apb|wr_reg                                                                        ; 1                 ; 6       ;
;      - spi_flash_apb_ctrl:u_spi_flash_apb_ctrl|busy_reg                                                                                                ; 1                 ; 6       ;
;      - spi_flash_apb_ctrl:u_spi_flash_apb_ctrl|wbuf_valid_reg                                                                                          ; 1                 ; 6       ;
;      - spi_flash_apb_ctrl:u_spi_flash_apb_ctrl|err_reg                                                                                                 ; 1                 ; 6       ;
;      - spi_flash_apb_ctrl:u_spi_flash_apb_ctrl|page_chunk_left_reg[8]                                                                                  ; 1                 ; 6       ;
;      - spi_flash_apb_ctrl:u_spi_flash_apb_ctrl|page_chunk_left_reg[7]                                                                                  ; 1                 ; 6       ;
;      - spi_flash_apb_ctrl:u_spi_flash_apb_ctrl|page_chunk_left_reg[6]                                                                                  ; 1                 ; 6       ;
;      - spi_flash_apb_ctrl:u_spi_flash_apb_ctrl|page_chunk_left_reg[5]                                                                                  ; 1                 ; 6       ;
;      - spi_flash_apb_ctrl:u_spi_flash_apb_ctrl|page_chunk_left_reg[4]                                                                                  ; 1                 ; 6       ;
;      - spi_flash_apb_ctrl:u_spi_flash_apb_ctrl|page_chunk_left_reg[3]                                                                                  ; 1                 ; 6       ;
;      - spi_flash_apb_ctrl:u_spi_flash_apb_ctrl|page_chunk_left_reg[2]                                                                                  ; 1                 ; 6       ;
;      - spi_flash_apb_ctrl:u_spi_flash_apb_ctrl|page_chunk_left_reg[1]                                                                                  ; 1                 ; 6       ;
;      - spi_flash_apb_ctrl:u_spi_flash_apb_ctrl|page_chunk_left_reg[0]                                                                                  ; 1                 ; 6       ;
;      - spi_flash_apb_ctrl:u_spi_flash_apb_ctrl|rbuf_valid_reg                                                                                          ; 1                 ; 6       ;
;      - spi_flash_apb_ctrl:u_spi_flash_apb_ctrl|spi_start_reg                                                                                           ; 1                 ; 6       ;
;      - spi_flash_apb_ctrl:u_spi_flash_apb_ctrl|op_is_read_reg                                                                                          ; 1                 ; 6       ;
;      - spi_flash_apb_ctrl:u_spi_flash_apb_ctrl|done_reg                                                                                                ; 1                 ; 6       ;
;      - audio_ctrl_apb:u_audio_ctrl_apb|audio_fifo:u_audio_fifo|item_cnt[0]                                                                             ; 1                 ; 6       ;
;      - audio_ctrl_apb:u_audio_ctrl_apb|audio_fifo:u_audio_fifo|item_cnt[1]                                                                             ; 1                 ; 6       ;
;      - audio_ctrl_apb:u_audio_ctrl_apb|audio_fifo:u_audio_fifo|item_cnt[2]                                                                             ; 1                 ; 6       ;
;      - audio_ctrl_apb:u_audio_ctrl_apb|audio_fifo:u_audio_fifo|item_cnt[3]                                                                             ; 1                 ; 6       ;
;      - audio_ctrl_apb:u_audio_ctrl_apb|audio_fifo:u_audio_fifo|item_cnt[4]                                                                             ; 1                 ; 6       ;
;      - audio_ctrl_apb:u_audio_ctrl_apb|audio_fifo:u_audio_fifo|item_cnt[5]                                                                             ; 1                 ; 6       ;
;      - audio_ctrl_apb:u_audio_ctrl_apb|audio_fifo:u_audio_fifo|item_cnt[6]                                                                             ; 1                 ; 6       ;
;      - audio_ctrl_apb:u_audio_ctrl_apb|audio_fifo:u_audio_fifo|item_cnt[7]                                                                             ; 1                 ; 6       ;
;      - audio_ctrl_apb:u_audio_ctrl_apb|audio_fifo:u_audio_fifo|item_cnt[8]                                                                             ; 1                 ; 6       ;
;      - audio_ctrl_apb:u_audio_ctrl_apb|audio_fifo:u_audio_fifo|item_cnt[9]                                                                             ; 1                 ; 6       ;
;      - audio_ctrl_apb:u_audio_ctrl_apb|audio_fifo:u_audio_fifo|item_cnt[10]                                                                            ; 1                 ; 6       ;
;      - audio_ctrl_apb:u_audio_ctrl_apb|audio_fifo:u_audio_fifo|item_cnt[11]                                                                            ; 1                 ; 6       ;
;      - audio_ctrl_apb:u_audio_ctrl_apb|audio_fifo:u_audio_fifo|item_cnt[12]                                                                            ; 1                 ; 6       ;
;      - audio_ctrl_apb:u_audio_ctrl_apb|audio_fifo:u_audio_fifo|item_cnt[13]                                                                            ; 1                 ; 6       ;
;      - audio_ctrl_apb:u_audio_ctrl_apb|audio_fifo:u_audio_fifo|item_cnt[14]                                                                            ; 1                 ; 6       ;
;      - audio_ctrl_apb:u_audio_ctrl_apb|audio_fifo:u_audio_fifo|item_cnt[15]                                                                            ; 1                 ; 6       ;
;      - spi_flash_apb_ctrl:u_spi_flash_apb_ctrl|bytes_left_reg[0]                                                                                       ; 1                 ; 6       ;
;      - spi_flash_apb_ctrl:u_spi_flash_apb_ctrl|bytes_left_reg[1]                                                                                       ; 1                 ; 6       ;
;      - spi_flash_apb_ctrl:u_spi_flash_apb_ctrl|bytes_left_reg[2]                                                                                       ; 1                 ; 6       ;
;      - spi_flash_apb_ctrl:u_spi_flash_apb_ctrl|bytes_left_reg[3]                                                                                       ; 1                 ; 6       ;
;      - spi_flash_apb_ctrl:u_spi_flash_apb_ctrl|bytes_left_reg[4]                                                                                       ; 1                 ; 6       ;
;      - spi_flash_apb_ctrl:u_spi_flash_apb_ctrl|bytes_left_reg[5]                                                                                       ; 1                 ; 6       ;
;      - spi_flash_apb_ctrl:u_spi_flash_apb_ctrl|bytes_left_reg[6]                                                                                       ; 1                 ; 6       ;
;      - spi_flash_apb_ctrl:u_spi_flash_apb_ctrl|bytes_left_reg[7]                                                                                       ; 1                 ; 6       ;
;      - spi_flash_apb_ctrl:u_spi_flash_apb_ctrl|bytes_left_reg[8]                                                                                       ; 1                 ; 6       ;
;      - spi_flash_apb_ctrl:u_spi_flash_apb_ctrl|bytes_left_reg[9]                                                                                       ; 1                 ; 6       ;
;      - spi_flash_apb_ctrl:u_spi_flash_apb_ctrl|bytes_left_reg[10]                                                                                      ; 1                 ; 6       ;
;      - spi_flash_apb_ctrl:u_spi_flash_apb_ctrl|bytes_left_reg[11]                                                                                      ; 1                 ; 6       ;
;      - spi_flash_apb_ctrl:u_spi_flash_apb_ctrl|bytes_left_reg[12]                                                                                      ; 1                 ; 6       ;
;      - spi_flash_apb_ctrl:u_spi_flash_apb_ctrl|bytes_left_reg[13]                                                                                      ; 1                 ; 6       ;
;      - spi_flash_apb_ctrl:u_spi_flash_apb_ctrl|bytes_left_reg[14]                                                                                      ; 1                 ; 6       ;
;      - spi_flash_apb_ctrl:u_spi_flash_apb_ctrl|bytes_left_reg[15]                                                                                      ; 1                 ; 6       ;
;      - spi_flash_apb_ctrl:u_spi_flash_apb_ctrl|bytes_left_reg[16]                                                                                      ; 1                 ; 6       ;
;      - spi_flash_apb_ctrl:u_spi_flash_apb_ctrl|bytes_left_reg[17]                                                                                      ; 1                 ; 6       ;
;      - spi_flash_apb_ctrl:u_spi_flash_apb_ctrl|bytes_left_reg[18]                                                                                      ; 1                 ; 6       ;
;      - spi_flash_apb_ctrl:u_spi_flash_apb_ctrl|bytes_left_reg[19]                                                                                      ; 1                 ; 6       ;
;      - spi_flash_apb_ctrl:u_spi_flash_apb_ctrl|bytes_left_reg[20]                                                                                      ; 1                 ; 6       ;
;      - spi_flash_apb_ctrl:u_spi_flash_apb_ctrl|bytes_left_reg[21]                                                                                      ; 1                 ; 6       ;
;      - spi_flash_apb_ctrl:u_spi_flash_apb_ctrl|bytes_left_reg[22]                                                                                      ; 1                 ; 6       ;
;      - spi_flash_apb_ctrl:u_spi_flash_apb_ctrl|bytes_left_reg[23]                                                                                      ; 1                 ; 6       ;
;      - spi_flash_apb_ctrl:u_spi_flash_apb_ctrl|spi_module:u_spi_module|div_cnt_reg[0]                                                                  ; 1                 ; 6       ;
;      - spi_flash_apb_ctrl:u_spi_flash_apb_ctrl|spi_module:u_spi_module|div_cnt_reg[1]                                                                  ; 1                 ; 6       ;
;      - spi_flash_apb_ctrl:u_spi_flash_apb_ctrl|spi_module:u_spi_module|div_cnt_reg[2]                                                                  ; 1                 ; 6       ;
;      - spi_flash_apb_ctrl:u_spi_flash_apb_ctrl|spi_module:u_spi_module|div_cnt_reg[3]                                                                  ; 1                 ; 6       ;
;      - spi_flash_apb_ctrl:u_spi_flash_apb_ctrl|spi_module:u_spi_module|div_cnt_reg[4]                                                                  ; 1                 ; 6       ;
;      - spi_flash_apb_ctrl:u_spi_flash_apb_ctrl|spi_module:u_spi_module|div_cnt_reg[5]                                                                  ; 1                 ; 6       ;
;      - spi_flash_apb_ctrl:u_spi_flash_apb_ctrl|spi_module:u_spi_module|div_cnt_reg[6]                                                                  ; 1                 ; 6       ;
;      - spi_flash_apb_ctrl:u_spi_flash_apb_ctrl|spi_module:u_spi_module|div_cnt_reg[7]                                                                  ; 1                 ; 6       ;
;      - spi_flash_apb_ctrl:u_spi_flash_apb_ctrl|spi_module:u_spi_module|div_cnt_reg[8]                                                                  ; 1                 ; 6       ;
;      - spi_flash_apb_ctrl:u_spi_flash_apb_ctrl|spi_module:u_spi_module|div_cnt_reg[9]                                                                  ; 1                 ; 6       ;
;      - spi_flash_apb_ctrl:u_spi_flash_apb_ctrl|spi_module:u_spi_module|div_cnt_reg[10]                                                                 ; 1                 ; 6       ;
;      - spi_flash_apb_ctrl:u_spi_flash_apb_ctrl|spi_module:u_spi_module|div_cnt_reg[11]                                                                 ; 1                 ; 6       ;
;      - spi_flash_apb_ctrl:u_spi_flash_apb_ctrl|spi_module:u_spi_module|div_cnt_reg[12]                                                                 ; 1                 ; 6       ;
;      - spi_flash_apb_ctrl:u_spi_flash_apb_ctrl|spi_module:u_spi_module|div_cnt_reg[13]                                                                 ; 1                 ; 6       ;
;      - spi_flash_apb_ctrl:u_spi_flash_apb_ctrl|spi_module:u_spi_module|div_cnt_reg[14]                                                                 ; 1                 ; 6       ;
;      - spi_flash_apb_ctrl:u_spi_flash_apb_ctrl|spi_module:u_spi_module|div_cnt_reg[15]                                                                 ; 1                 ; 6       ;
;      - cmsdk_apb_subsystem:u_apb_subsystem|cmsdk_apb_uart:gen_apb_uart_1.u_apb_uart_1|tx_tick_cnt[0]                                                   ; 1                 ; 6       ;
;      - cmsdk_apb_subsystem:u_apb_subsystem|cmsdk_apb_uart:gen_apb_uart_1.u_apb_uart_1|tx_tick_cnt[1]                                                   ; 1                 ; 6       ;
;      - cmsdk_apb_subsystem:u_apb_subsystem|cmsdk_apb_uart:gen_apb_uart_1.u_apb_uart_1|tx_tick_cnt[2]                                                   ; 1                 ; 6       ;
;      - cmsdk_apb_subsystem:u_apb_subsystem|cmsdk_apb_uart:gen_apb_uart_1.u_apb_uart_1|tx_tick_cnt[3]                                                   ; 1                 ; 6       ;
;      - spi_flash_apb_ctrl:u_spi_flash_apb_ctrl|poll_count_reg[6]                                                                                       ; 1                 ; 6       ;
;      - spi_flash_apb_ctrl:u_spi_flash_apb_ctrl|poll_count_reg[7]                                                                                       ; 1                 ; 6       ;
;      - spi_flash_apb_ctrl:u_spi_flash_apb_ctrl|poll_count_reg[8]                                                                                       ; 1                 ; 6       ;
;      - spi_flash_apb_ctrl:u_spi_flash_apb_ctrl|poll_count_reg[9]                                                                                       ; 1                 ; 6       ;
;      - spi_flash_apb_ctrl:u_spi_flash_apb_ctrl|poll_count_reg[10]                                                                                      ; 1                 ; 6       ;
;      - spi_flash_apb_ctrl:u_spi_flash_apb_ctrl|poll_count_reg[11]                                                                                      ; 1                 ; 6       ;
;      - spi_flash_apb_ctrl:u_spi_flash_apb_ctrl|poll_count_reg[12]                                                                                      ; 1                 ; 6       ;
;      - spi_flash_apb_ctrl:u_spi_flash_apb_ctrl|poll_count_reg[13]                                                                                      ; 1                 ; 6       ;
;      - spi_flash_apb_ctrl:u_spi_flash_apb_ctrl|poll_count_reg[14]                                                                                      ; 1                 ; 6       ;
;      - spi_flash_apb_ctrl:u_spi_flash_apb_ctrl|poll_count_reg[15]                                                                                      ; 1                 ; 6       ;
;      - spi_flash_apb_ctrl:u_spi_flash_apb_ctrl|poll_count_reg[16]                                                                                      ; 1                 ; 6       ;
;      - spi_flash_apb_ctrl:u_spi_flash_apb_ctrl|poll_count_reg[17]                                                                                      ; 1                 ; 6       ;
;      - spi_flash_apb_ctrl:u_spi_flash_apb_ctrl|poll_count_reg[18]                                                                                      ; 1                 ; 6       ;
;      - spi_flash_apb_ctrl:u_spi_flash_apb_ctrl|poll_count_reg[19]                                                                                      ; 1                 ; 6       ;
;      - spi_flash_apb_ctrl:u_spi_flash_apb_ctrl|poll_count_reg[20]                                                                                      ; 1                 ; 6       ;
;      - spi_flash_apb_ctrl:u_spi_flash_apb_ctrl|poll_count_reg[21]                                                                                      ; 1                 ; 6       ;
;      - spi_flash_apb_ctrl:u_spi_flash_apb_ctrl|poll_count_reg[22]                                                                                      ; 1                 ; 6       ;
;      - spi_flash_apb_ctrl:u_spi_flash_apb_ctrl|poll_count_reg[23]                                                                                      ; 1                 ; 6       ;
;      - spi_flash_apb_ctrl:u_spi_flash_apb_ctrl|poll_count_reg[24]                                                                                      ; 1                 ; 6       ;
;      - spi_flash_apb_ctrl:u_spi_flash_apb_ctrl|poll_count_reg[25]                                                                                      ; 1                 ; 6       ;
;      - spi_flash_apb_ctrl:u_spi_flash_apb_ctrl|poll_count_reg[26]                                                                                      ; 1                 ; 6       ;
;      - spi_flash_apb_ctrl:u_spi_flash_apb_ctrl|poll_count_reg[27]                                                                                      ; 1                 ; 6       ;
;      - spi_flash_apb_ctrl:u_spi_flash_apb_ctrl|poll_count_reg[28]                                                                                      ; 1                 ; 6       ;
;      - spi_flash_apb_ctrl:u_spi_flash_apb_ctrl|poll_count_reg[29]                                                                                      ; 1                 ; 6       ;
;      - spi_flash_apb_ctrl:u_spi_flash_apb_ctrl|poll_count_reg[30]                                                                                      ; 1                 ; 6       ;
;      - spi_flash_apb_ctrl:u_spi_flash_apb_ctrl|poll_count_reg[31]                                                                                      ; 1                 ; 6       ;
;      - spi_flash_apb_ctrl:u_spi_flash_apb_ctrl|curr_addr_reg[0]                                                                                        ; 1                 ; 6       ;
;      - spi_flash_apb_ctrl:u_spi_flash_apb_ctrl|curr_addr_reg[7]                                                                                        ; 1                 ; 6       ;
;      - spi_flash_apb_ctrl:u_spi_flash_apb_ctrl|curr_addr_reg[23]                                                                                       ; 1                 ; 6       ;
;      - spi_flash_apb_ctrl:u_spi_flash_apb_ctrl|erase_addr_reg[23]                                                                                      ; 1                 ; 6       ;
;      - spi_flash_apb_ctrl:u_spi_flash_apb_ctrl|curr_addr_reg[15]                                                                                       ; 1                 ; 6       ;
;      - spi_flash_apb_ctrl:u_spi_flash_apb_ctrl|erase_addr_reg[15]                                                                                      ; 1                 ; 6       ;
;      - spi_flash_apb_ctrl:u_spi_flash_apb_ctrl|debug_cnt_reg[9]                                                                                        ; 1                 ; 6       ;
;      - spi_flash_apb_ctrl:u_spi_flash_apb_ctrl|debug_cnt_reg[0]                                                                                        ; 1                 ; 6       ;
;      - spi_flash_apb_ctrl:u_spi_flash_apb_ctrl|debug_cnt_reg[6]                                                                                        ; 1                 ; 6       ;
;      - spi_flash_apb_ctrl:u_spi_flash_apb_ctrl|debug_cnt_reg[5]                                                                                        ; 1                 ; 6       ;
;      - spi_flash_apb_ctrl:u_spi_flash_apb_ctrl|debug_cnt_reg[4]                                                                                        ; 1                 ; 6       ;
;      - spi_flash_apb_ctrl:u_spi_flash_apb_ctrl|debug_cnt_reg[7]                                                                                        ; 1                 ; 6       ;
;      - spi_flash_apb_ctrl:u_spi_flash_apb_ctrl|debug_cnt_reg[10]                                                                                       ; 1                 ; 6       ;
;      - spi_flash_apb_ctrl:u_spi_flash_apb_ctrl|debug_cnt_reg[8]                                                                                        ; 1                 ; 6       ;
;      - spi_flash_apb_ctrl:u_spi_flash_apb_ctrl|debug_cnt_reg[11]                                                                                       ; 1                 ; 6       ;
;      - spi_flash_apb_ctrl:u_spi_flash_apb_ctrl|debug_cnt_reg[2]                                                                                        ; 1                 ; 6       ;
;      - spi_flash_apb_ctrl:u_spi_flash_apb_ctrl|debug_cnt_reg[1]                                                                                        ; 1                 ; 6       ;
;      - spi_flash_apb_ctrl:u_spi_flash_apb_ctrl|debug_cnt_reg[3]                                                                                        ; 1                 ; 6       ;
;      - spi_flash_apb_ctrl:u_spi_flash_apb_ctrl|debug_cnt_reg[14]                                                                                       ; 1                 ; 6       ;
;      - spi_flash_apb_ctrl:u_spi_flash_apb_ctrl|debug_cnt_reg[13]                                                                                       ; 1                 ; 6       ;
;      - spi_flash_apb_ctrl:u_spi_flash_apb_ctrl|debug_cnt_reg[12]                                                                                       ; 1                 ; 6       ;
;      - spi_flash_apb_ctrl:u_spi_flash_apb_ctrl|debug_cnt_reg[15]                                                                                       ; 1                 ; 6       ;
;      - spi_flash_apb_ctrl:u_spi_flash_apb_ctrl|debug_cnt_reg[22]                                                                                       ; 1                 ; 6       ;
;      - spi_flash_apb_ctrl:u_spi_flash_apb_ctrl|debug_cnt_reg[21]                                                                                       ; 1                 ; 6       ;
;      - spi_flash_apb_ctrl:u_spi_flash_apb_ctrl|debug_cnt_reg[20]                                                                                       ; 1                 ; 6       ;
;      - spi_flash_apb_ctrl:u_spi_flash_apb_ctrl|debug_cnt_reg[23]                                                                                       ; 1                 ; 6       ;
;      - spi_flash_apb_ctrl:u_spi_flash_apb_ctrl|debug_cnt_reg[18]                                                                                       ; 1                 ; 6       ;
;      - spi_flash_apb_ctrl:u_spi_flash_apb_ctrl|debug_cnt_reg[17]                                                                                       ; 1                 ; 6       ;
;      - spi_flash_apb_ctrl:u_spi_flash_apb_ctrl|debug_cnt_reg[16]                                                                                       ; 1                 ; 6       ;
;      - spi_flash_apb_ctrl:u_spi_flash_apb_ctrl|debug_cnt_reg[19]                                                                                       ; 1                 ; 6       ;
;      - cmsdk_apb_subsystem:u_apb_subsystem|cmsdk_apb_uart:gen_apb_uart_1.u_apb_uart_1|reg_baud_cntr_i[1]                                               ; 1                 ; 6       ;
;      - cmsdk_apb_subsystem:u_apb_subsystem|cmsdk_apb_uart:gen_apb_uart_1.u_apb_uart_1|reg_baud_cntr_i[2]                                               ; 1                 ; 6       ;
;      - cmsdk_apb_subsystem:u_apb_subsystem|cmsdk_apb_uart:gen_apb_uart_1.u_apb_uart_1|reg_baud_cntr_i[3]                                               ; 1                 ; 6       ;
;      - cmsdk_apb_subsystem:u_apb_subsystem|cmsdk_apb_uart:gen_apb_uart_1.u_apb_uart_1|reg_baud_cntr_i[4]                                               ; 1                 ; 6       ;
;      - cmsdk_apb_subsystem:u_apb_subsystem|cmsdk_apb_uart:gen_apb_uart_1.u_apb_uart_1|reg_baud_cntr_i[5]                                               ; 1                 ; 6       ;
;      - cmsdk_apb_subsystem:u_apb_subsystem|cmsdk_apb_uart:gen_apb_uart_1.u_apb_uart_1|reg_baud_cntr_i[6]                                               ; 1                 ; 6       ;
;      - cmsdk_apb_subsystem:u_apb_subsystem|cmsdk_apb_uart:gen_apb_uart_1.u_apb_uart_1|reg_baud_cntr_i[7]                                               ; 1                 ; 6       ;
;      - cmsdk_apb_subsystem:u_apb_subsystem|cmsdk_apb_uart:gen_apb_uart_1.u_apb_uart_1|reg_baud_cntr_i[8]                                               ; 1                 ; 6       ;
;      - cmsdk_apb_subsystem:u_apb_subsystem|cmsdk_apb_uart:gen_apb_uart_1.u_apb_uart_1|reg_baud_cntr_i[9]                                               ; 1                 ; 6       ;
;      - cmsdk_apb_subsystem:u_apb_subsystem|cmsdk_apb_uart:gen_apb_uart_1.u_apb_uart_1|reg_baud_cntr_i[10]                                              ; 1                 ; 6       ;
;      - cmsdk_apb_subsystem:u_apb_subsystem|cmsdk_apb_uart:gen_apb_uart_1.u_apb_uart_1|reg_baud_cntr_i[11]                                              ; 1                 ; 6       ;
;      - cmsdk_apb_subsystem:u_apb_subsystem|cmsdk_apb_uart:gen_apb_uart_1.u_apb_uart_1|reg_baud_cntr_i[12]                                              ; 1                 ; 6       ;
;      - cmsdk_apb_subsystem:u_apb_subsystem|cmsdk_apb_uart:gen_apb_uart_1.u_apb_uart_1|reg_baud_cntr_i[13]                                              ; 1                 ; 6       ;
;      - cmsdk_apb_subsystem:u_apb_subsystem|cmsdk_apb_uart:gen_apb_uart_1.u_apb_uart_1|reg_baud_cntr_i[14]                                              ; 1                 ; 6       ;
;      - cmsdk_apb_subsystem:u_apb_subsystem|cmsdk_apb_uart:gen_apb_uart_1.u_apb_uart_1|reg_baud_cntr_i[15]                                              ; 1                 ; 6       ;
;      - cmsdk_apb_subsystem:u_apb_subsystem|cmsdk_apb_uart:gen_apb_uart_1.u_apb_uart_1|reg_baud_cntr_i[0]                                               ; 1                 ; 6       ;
;      - spi_flash_apb_ctrl:u_spi_flash_apb_ctrl|poll_count_reg[5]                                                                                       ; 1                 ; 6       ;
;      - spi_flash_apb_ctrl:u_spi_flash_apb_ctrl|curr_addr_reg[6]                                                                                        ; 1                 ; 6       ;
;      - spi_flash_apb_ctrl:u_spi_flash_apb_ctrl|curr_addr_reg[5]                                                                                        ; 1                 ; 6       ;
;      - spi_flash_apb_ctrl:u_spi_flash_apb_ctrl|curr_addr_reg[4]                                                                                        ; 1                 ; 6       ;
;      - spi_flash_apb_ctrl:u_spi_flash_apb_ctrl|curr_addr_reg[3]                                                                                        ; 1                 ; 6       ;
;      - spi_flash_apb_ctrl:u_spi_flash_apb_ctrl|curr_addr_reg[2]                                                                                        ; 1                 ; 6       ;
;      - spi_flash_apb_ctrl:u_spi_flash_apb_ctrl|curr_addr_reg[1]                                                                                        ; 1                 ; 6       ;
;      - spi_flash_apb_ctrl:u_spi_flash_apb_ctrl|curr_addr_reg[22]                                                                                       ; 1                 ; 6       ;
;      - spi_flash_apb_ctrl:u_spi_flash_apb_ctrl|erase_addr_reg[22]                                                                                      ; 1                 ; 6       ;
;      - spi_flash_apb_ctrl:u_spi_flash_apb_ctrl|curr_addr_reg[14]                                                                                       ; 1                 ; 6       ;
;      - spi_flash_apb_ctrl:u_spi_flash_apb_ctrl|erase_addr_reg[14]                                                                                      ; 1                 ; 6       ;
;      - spi_flash_apb_ctrl:u_spi_flash_apb_ctrl|curr_addr_reg[18]                                                                                       ; 1                 ; 6       ;
;      - spi_flash_apb_ctrl:u_spi_flash_apb_ctrl|curr_addr_reg[10]                                                                                       ; 1                 ; 6       ;
;      - spi_flash_apb_ctrl:u_spi_flash_apb_ctrl|erase_addr_reg[18]                                                                                      ; 1                 ; 6       ;
;      - spi_flash_apb_ctrl:u_spi_flash_apb_ctrl|curr_addr_reg[17]                                                                                       ; 1                 ; 6       ;
;      - spi_flash_apb_ctrl:u_spi_flash_apb_ctrl|curr_addr_reg[9]                                                                                        ; 1                 ; 6       ;
;      - spi_flash_apb_ctrl:u_spi_flash_apb_ctrl|erase_addr_reg[17]                                                                                      ; 1                 ; 6       ;
;      - spi_flash_apb_ctrl:u_spi_flash_apb_ctrl|curr_addr_reg[16]                                                                                       ; 1                 ; 6       ;
;      - spi_flash_apb_ctrl:u_spi_flash_apb_ctrl|curr_addr_reg[8]                                                                                        ; 1                 ; 6       ;
;      - spi_flash_apb_ctrl:u_spi_flash_apb_ctrl|erase_addr_reg[16]                                                                                      ; 1                 ; 6       ;
;      - spi_flash_apb_ctrl:u_spi_flash_apb_ctrl|curr_addr_reg[19]                                                                                       ; 1                 ; 6       ;
;      - spi_flash_apb_ctrl:u_spi_flash_apb_ctrl|curr_addr_reg[11]                                                                                       ; 1                 ; 6       ;
;      - spi_flash_apb_ctrl:u_spi_flash_apb_ctrl|erase_addr_reg[19]                                                                                      ; 1                 ; 6       ;
;      - spi_flash_apb_ctrl:u_spi_flash_apb_ctrl|curr_addr_reg[21]                                                                                       ; 1                 ; 6       ;
;      - spi_flash_apb_ctrl:u_spi_flash_apb_ctrl|erase_addr_reg[21]                                                                                      ; 1                 ; 6       ;
;      - spi_flash_apb_ctrl:u_spi_flash_apb_ctrl|curr_addr_reg[13]                                                                                       ; 1                 ; 6       ;
;      - spi_flash_apb_ctrl:u_spi_flash_apb_ctrl|erase_addr_reg[13]                                                                                      ; 1                 ; 6       ;
;      - spi_flash_apb_ctrl:u_spi_flash_apb_ctrl|curr_addr_reg[20]                                                                                       ; 1                 ; 6       ;
;      - spi_flash_apb_ctrl:u_spi_flash_apb_ctrl|erase_addr_reg[20]                                                                                      ; 1                 ; 6       ;
;      - spi_flash_apb_ctrl:u_spi_flash_apb_ctrl|curr_addr_reg[12]                                                                                       ; 1                 ; 6       ;
;      - spi_flash_apb_ctrl:u_spi_flash_apb_ctrl|erase_addr_reg[12]                                                                                      ; 1                 ; 6       ;
;      - cmsdk_apb_subsystem:u_apb_subsystem|cmsdk_apb_uart:gen_apb_uart_1.u_apb_uart_1|rx_tick_cnt[0]                                                   ; 1                 ; 6       ;
;      - cmsdk_apb_subsystem:u_apb_subsystem|cmsdk_apb_uart:gen_apb_uart_1.u_apb_uart_1|rx_tick_cnt[1]                                                   ; 1                 ; 6       ;
;      - cmsdk_apb_subsystem:u_apb_subsystem|cmsdk_apb_uart:gen_apb_uart_1.u_apb_uart_1|rx_tick_cnt[2]                                                   ; 1                 ; 6       ;
;      - cmsdk_apb_subsystem:u_apb_subsystem|cmsdk_apb_uart:gen_apb_uart_1.u_apb_uart_1|rx_tick_cnt[3]                                                   ; 1                 ; 6       ;
;      - spi_flash_apb_ctrl:u_spi_flash_apb_ctrl|poll_count_reg[4]                                                                                       ; 1                 ; 6       ;
;      - spi_flash_apb_ctrl:u_spi_flash_apb_ctrl|poll_count_reg[3]                                                                                       ; 1                 ; 6       ;
;      - spi_flash_apb_ctrl:u_spi_flash_apb_ctrl|poll_count_reg[2]                                                                                       ; 1                 ; 6       ;
;      - spi_flash_apb_ctrl:u_spi_flash_apb_ctrl|poll_count_reg[1]                                                                                       ; 1                 ; 6       ;
;      - spi_flash_apb_ctrl:u_spi_flash_apb_ctrl|poll_count_reg[0]                                                                                       ; 1                 ; 6       ;
;      - cmsdk_apb_subsystem:u_apb_subsystem|cmsdk_apb_uart:gen_apb_uart_1.u_apb_uart_1|tx_state[3]                                                      ; 1                 ; 6       ;
;      - cmsdk_apb_subsystem:u_apb_subsystem|cmsdk_apb_uart:gen_apb_uart_1.u_apb_uart_1|tx_state[1]                                                      ; 1                 ; 6       ;
;      - cmsdk_apb_subsystem:u_apb_subsystem|cmsdk_apb_uart:gen_apb_uart_1.u_apb_uart_1|tx_state[0]                                                      ; 1                 ; 6       ;
;      - spi_flash_apb_ctrl:u_spi_flash_apb_ctrl|spi_tx_data_reg[7]                                                                                      ; 1                 ; 6       ;
;      - spi_flash_apb_ctrl:u_spi_flash_apb_ctrl|spi_tx_data_reg[5]                                                                                      ; 1                 ; 6       ;
;      - spi_flash_apb_ctrl:u_spi_flash_apb_ctrl|spi_tx_data_reg[6]                                                                                      ; 1                 ; 6       ;
;      - spi_flash_apb_ctrl:u_spi_flash_apb_ctrl|spi_tx_data_reg[4]                                                                                      ; 1                 ; 6       ;
;      - cmsdk_apb_subsystem:u_apb_subsystem|cmsdk_apb_timer:gen_apb_timer_0.u_apb_timer_0|reg_curr_val[9]                                               ; 1                 ; 6       ;
;      - cmsdk_apb_subsystem:u_apb_subsystem|cmsdk_apb_uart:gen_apb_uart_1.u_apb_uart_1|read_mux_byte0_reg[0]                                            ; 1                 ; 6       ;
;      - cmsdk_apb_subsystem:u_apb_subsystem|cmsdk_apb_timer:gen_apb_timer_0.u_apb_timer_0|reg_curr_val[0]                                               ; 1                 ; 6       ;
;      - cmsdk_apb_subsystem:u_apb_subsystem|cmsdk_apb_timer:gen_apb_timer_0.u_apb_timer_0|reg_curr_val[6]                                               ; 1                 ; 6       ;
;      - cmsdk_apb_subsystem:u_apb_subsystem|cmsdk_apb_timer:gen_apb_timer_0.u_apb_timer_0|reg_curr_val[5]                                               ; 1                 ; 6       ;
;      - cmsdk_apb_subsystem:u_apb_subsystem|cmsdk_apb_timer:gen_apb_timer_0.u_apb_timer_0|reg_curr_val[4]                                               ; 1                 ; 6       ;
;      - cmsdk_apb_subsystem:u_apb_subsystem|cmsdk_apb_timer:gen_apb_timer_0.u_apb_timer_0|reg_curr_val[7]                                               ; 1                 ; 6       ;
;      - cmsdk_apb_subsystem:u_apb_subsystem|cmsdk_apb_timer:gen_apb_timer_0.u_apb_timer_0|reg_curr_val[10]                                              ; 1                 ; 6       ;
;      - cmsdk_apb_subsystem:u_apb_subsystem|cmsdk_apb_timer:gen_apb_timer_0.u_apb_timer_0|reg_curr_val[8]                                               ; 1                 ; 6       ;
;      - cmsdk_apb_subsystem:u_apb_subsystem|cmsdk_apb_timer:gen_apb_timer_0.u_apb_timer_0|reg_curr_val[11]                                              ; 1                 ; 6       ;
;      - cmsdk_apb_subsystem:u_apb_subsystem|cmsdk_apb_uart:gen_apb_uart_1.u_apb_uart_1|read_mux_byte0_reg[2]                                            ; 1                 ; 6       ;
;      - cmsdk_apb_subsystem:u_apb_subsystem|cmsdk_apb_timer:gen_apb_timer_0.u_apb_timer_0|reg_curr_val[2]                                               ; 1                 ; 6       ;
;      - cmsdk_apb_subsystem:u_apb_subsystem|cmsdk_apb_uart:gen_apb_uart_1.u_apb_uart_1|read_mux_byte0_reg[1]                                            ; 1                 ; 6       ;
;      - cmsdk_apb_subsystem:u_apb_subsystem|cmsdk_apb_timer:gen_apb_timer_0.u_apb_timer_0|reg_curr_val[1]                                               ; 1                 ; 6       ;
;      - cmsdk_apb_subsystem:u_apb_subsystem|cmsdk_apb_uart:gen_apb_uart_1.u_apb_uart_1|read_mux_byte0_reg[3]                                            ; 1                 ; 6       ;
;      - cmsdk_apb_subsystem:u_apb_subsystem|cmsdk_apb_timer:gen_apb_timer_0.u_apb_timer_0|reg_curr_val[3]                                               ; 1                 ; 6       ;
;      - cmsdk_apb_subsystem:u_apb_subsystem|cmsdk_apb_timer:gen_apb_timer_0.u_apb_timer_0|reg_curr_val[14]                                              ; 1                 ; 6       ;
;      - cmsdk_apb_subsystem:u_apb_subsystem|cmsdk_apb_timer:gen_apb_timer_0.u_apb_timer_0|reg_curr_val[13]                                              ; 1                 ; 6       ;
;      - cmsdk_apb_subsystem:u_apb_subsystem|cmsdk_apb_timer:gen_apb_timer_0.u_apb_timer_0|reg_curr_val[12]                                              ; 1                 ; 6       ;
;      - cmsdk_apb_subsystem:u_apb_subsystem|cmsdk_apb_timer:gen_apb_timer_0.u_apb_timer_0|reg_curr_val[15]                                              ; 1                 ; 6       ;
;      - cmsdk_apb_subsystem:u_apb_subsystem|cmsdk_apb_timer:gen_apb_timer_0.u_apb_timer_0|reg_curr_val[22]                                              ; 1                 ; 6       ;
;      - cmsdk_apb_subsystem:u_apb_subsystem|cmsdk_apb_timer:gen_apb_timer_0.u_apb_timer_0|reg_curr_val[21]                                              ; 1                 ; 6       ;
;      - cmsdk_apb_subsystem:u_apb_subsystem|cmsdk_apb_timer:gen_apb_timer_0.u_apb_timer_0|reg_curr_val[20]                                              ; 1                 ; 6       ;
;      - cmsdk_apb_subsystem:u_apb_subsystem|cmsdk_apb_timer:gen_apb_timer_0.u_apb_timer_0|reg_curr_val[23]                                              ; 1                 ; 6       ;
;      - cmsdk_apb_subsystem:u_apb_subsystem|cmsdk_apb_timer:gen_apb_timer_0.u_apb_timer_0|reg_curr_val[26]                                              ; 1                 ; 6       ;
;      - cmsdk_apb_subsystem:u_apb_subsystem|cmsdk_apb_timer:gen_apb_timer_0.u_apb_timer_0|reg_curr_val[25]                                              ; 1                 ; 6       ;
;      - cmsdk_apb_subsystem:u_apb_subsystem|cmsdk_apb_timer:gen_apb_timer_0.u_apb_timer_0|reg_curr_val[24]                                              ; 1                 ; 6       ;
;      - cmsdk_apb_subsystem:u_apb_subsystem|cmsdk_apb_timer:gen_apb_timer_0.u_apb_timer_0|reg_curr_val[27]                                              ; 1                 ; 6       ;
;      - cmsdk_apb_subsystem:u_apb_subsystem|cmsdk_apb_timer:gen_apb_timer_0.u_apb_timer_0|reg_curr_val[18]                                              ; 1                 ; 6       ;
;      - cmsdk_apb_subsystem:u_apb_subsystem|cmsdk_apb_timer:gen_apb_timer_0.u_apb_timer_0|reg_curr_val[17]                                              ; 1                 ; 6       ;
;      - cmsdk_apb_subsystem:u_apb_subsystem|cmsdk_apb_timer:gen_apb_timer_0.u_apb_timer_0|reg_curr_val[16]                                              ; 1                 ; 6       ;
;      - cmsdk_apb_subsystem:u_apb_subsystem|cmsdk_apb_timer:gen_apb_timer_0.u_apb_timer_0|reg_curr_val[19]                                              ; 1                 ; 6       ;
;      - cmsdk_apb_subsystem:u_apb_subsystem|cmsdk_apb_timer:gen_apb_timer_0.u_apb_timer_0|reg_curr_val[30]                                              ; 1                 ; 6       ;
;      - cmsdk_apb_subsystem:u_apb_subsystem|cmsdk_apb_timer:gen_apb_timer_0.u_apb_timer_0|reg_curr_val[29]                                              ; 1                 ; 6       ;
;      - cmsdk_apb_subsystem:u_apb_subsystem|cmsdk_apb_timer:gen_apb_timer_0.u_apb_timer_0|reg_curr_val[28]                                              ; 1                 ; 6       ;
;      - cmsdk_apb_subsystem:u_apb_subsystem|cmsdk_apb_timer:gen_apb_timer_0.u_apb_timer_0|reg_curr_val[31]                                              ; 1                 ; 6       ;
;      - cmsdk_apb_subsystem:u_apb_subsystem|cmsdk_apb_uart:gen_apb_uart_1.u_apb_uart_1|reg_txd                                                          ; 1                 ; 6       ;
;      - i2s_ws~reg0                                                                                                                                     ; 1                 ; 6       ;
;      - spi_flash_apb_ctrl:u_spi_flash_apb_ctrl|flash_cs_n                                                                                              ; 1                 ; 6       ;
;      - i2s_div_acc[30]                                                                                                                                 ; 1                 ; 6       ;
;      - i2s_div_acc[29]                                                                                                                                 ; 1                 ; 6       ;
;      - i2s_div_acc[28]                                                                                                                                 ; 1                 ; 6       ;
;      - i2s_div_acc[27]                                                                                                                                 ; 1                 ; 6       ;
;      - i2s_div_acc[26]                                                                                                                                 ; 1                 ; 6       ;
;      - i2s_div_acc[25]                                                                                                                                 ; 1                 ; 6       ;
;      - i2s_div_acc[24]                                                                                                                                 ; 1                 ; 6       ;
;      - i2s_div_acc[23]                                                                                                                                 ; 1                 ; 6       ;
;      - i2s_div_acc[22]                                                                                                                                 ; 1                 ; 6       ;
;      - i2s_div_acc[21]                                                                                                                                 ; 1                 ; 6       ;
;      - i2s_div_acc[20]                                                                                                                                 ; 1                 ; 6       ;
;      - i2s_div_acc[19]                                                                                                                                 ; 1                 ; 6       ;
;      - i2s_div_acc[18]                                                                                                                                 ; 1                 ; 6       ;
;      - i2s_div_acc[17]                                                                                                                                 ; 1                 ; 6       ;
;      - i2s_div_acc[16]                                                                                                                                 ; 1                 ; 6       ;
;      - i2s_div_acc[15]                                                                                                                                 ; 1                 ; 6       ;
;      - i2s_div_acc[14]                                                                                                                                 ; 1                 ; 6       ;
;      - i2s_div_acc[31]                                                                                                                                 ; 1                 ; 6       ;
;      - i2s_div_acc[13]                                                                                                                                 ; 1                 ; 6       ;
;      - i2s_div_acc[12]                                                                                                                                 ; 1                 ; 6       ;
;      - i2s_div_acc[11]                                                                                                                                 ; 1                 ; 6       ;
;      - i2s_div_acc[10]                                                                                                                                 ; 1                 ; 6       ;
;      - i2s_div_acc[9]                                                                                                                                  ; 1                 ; 6       ;
;      - i2s_div_acc[8]                                                                                                                                  ; 1                 ; 6       ;
;      - i2s_div_acc[7]                                                                                                                                  ; 1                 ; 6       ;
;      - i2s_sck_d                                                                                                                                       ; 1                 ; 6       ;
;      - i2s_slot_cnt[4]                                                                                                                                 ; 1                 ; 6       ;
;      - i2s_slot_cnt[3]                                                                                                                                 ; 1                 ; 6       ;
;      - i2s_slot_cnt[2]                                                                                                                                 ; 1                 ; 6       ;
;      - i2s_slot_cnt[5]                                                                                                                                 ; 1                 ; 6       ;
;      - i2s_slot_cnt[1]                                                                                                                                 ; 1                 ; 6       ;
;      - i2s_slot_cnt[0]                                                                                                                                 ; 1                 ; 6       ;
;      - spi_flash_apb_ctrl:u_spi_flash_apb_ctrl|spi_module:u_spi_module|spi_done                                                                        ; 1                 ; 6       ;
;      - spi_flash_apb_ctrl:u_spi_flash_apb_ctrl|state.ST_WREN_WAIT                                                                                      ; 1                 ; 6       ;
;      - spi_flash_apb_ctrl:u_spi_flash_apb_ctrl|state.ST_POLL_DUMMY_WAIT                                                                                ; 1                 ; 6       ;
;      - spi_flash_apb_ctrl:u_spi_flash_apb_ctrl|state.ST_PP_DATA_WAIT                                                                                   ; 1                 ; 6       ;
;      - spi_flash_apb_ctrl:u_spi_flash_apb_ctrl|state.ST_ERASE_CMD_WAIT                                                                                 ; 1                 ; 6       ;
;      - spi_flash_apb_ctrl:u_spi_flash_apb_ctrl|cmd_idx_reg[1]                                                                                          ; 1                 ; 6       ;
;      - spi_flash_apb_ctrl:u_spi_flash_apb_ctrl|cmd_idx_reg[0]                                                                                          ; 1                 ; 6       ;
;      - spi_flash_apb_ctrl:u_spi_flash_apb_ctrl|state.ST_RD_DATA_WAIT                                                                                   ; 1                 ; 6       ;
;      - spi_flash_apb_ctrl:u_spi_flash_apb_ctrl|state.ST_POLL_CMD_WAIT                                                                                  ; 1                 ; 6       ;
;      - spi_flash_apb_ctrl:u_spi_flash_apb_ctrl|state.ST_POLL_DUMMY_START                                                                               ; 1                 ; 6       ;
;      - spi_flash_apb_ctrl:u_spi_flash_apb_ctrl|state.ST_POLL_CHECK                                                                                     ; 1                 ; 6       ;
;      - spi_flash_apb_ctrl:u_spi_flash_apb_ctrl|state.ST_PP_CMD_WAIT                                                                                    ; 1                 ; 6       ;
;      - spi_flash_apb_ctrl:u_spi_flash_apb_ctrl|state.ST_RD_ADDR_WAIT                                                                                   ; 1                 ; 6       ;
;      - spi_flash_apb_ctrl:u_spi_flash_apb_ctrl|state.ST_RD_CMD_WAIT                                                                                    ; 1                 ; 6       ;
;      - spi_flash_apb_ctrl:u_spi_flash_apb_ctrl|state.ST_IDLE                                                                                           ; 1                 ; 6       ;
;      - spi_flash_apb_ctrl:u_spi_flash_apb_ctrl|state.ST_PAGE_PREP                                                                                      ; 1                 ; 6       ;
;      - spi_flash_apb_ctrl:u_spi_flash_apb_ctrl|state.ST_ERASE_CHECK                                                                                    ; 1                 ; 6       ;
;      - spi_flash_apb_ctrl:u_spi_flash_apb_ctrl|state.ST_FINISH                                                                                         ; 1                 ; 6       ;
;      - spi_flash_apb_ctrl:u_spi_flash_apb_ctrl|state.ST_ERROR                                                                                          ; 1                 ; 6       ;
;      - spi_flash_apb_ctrl:u_spi_flash_apb_ctrl|state.ST_ABORT                                                                                          ; 1                 ; 6       ;
;      - cmsdk_apb_subsystem:u_apb_subsystem|cmsdk_ahb_to_apb:u_ahb_to_apb|addr_reg[10]                                                                  ; 1                 ; 6       ;
;      - cmsdk_apb_subsystem:u_apb_subsystem|cmsdk_ahb_to_apb:u_ahb_to_apb|state_reg[0]                                                                  ; 1                 ; 6       ;
;      - cmsdk_apb_subsystem:u_apb_subsystem|cmsdk_ahb_to_apb:u_ahb_to_apb|state_reg[1]                                                                  ; 1                 ; 6       ;
;      - cmsdk_apb_subsystem:u_apb_subsystem|cmsdk_ahb_to_apb:u_ahb_to_apb|state_reg[2]                                                                  ; 1                 ; 6       ;
;      - cmsdk_apb_subsystem:u_apb_subsystem|cmsdk_ahb_to_apb:u_ahb_to_apb|addr_reg[11]                                                                  ; 1                 ; 6       ;
;      - cmsdk_apb_subsystem:u_apb_subsystem|cmsdk_ahb_to_apb:u_ahb_to_apb|addr_reg[13]                                                                  ; 1                 ; 6       ;
;      - cmsdk_apb_subsystem:u_apb_subsystem|cmsdk_ahb_to_apb:u_ahb_to_apb|addr_reg[12]                                                                  ; 1                 ; 6       ;
;      - cmsdk_apb_subsystem:u_apb_subsystem|cmsdk_ahb_to_apb:u_ahb_to_apb|addr_reg[1]                                                                   ; 1                 ; 6       ;
;      - cmsdk_apb_subsystem:u_apb_subsystem|cmsdk_ahb_to_apb:u_ahb_to_apb|addr_reg[9]                                                                   ; 1                 ; 6       ;
;      - cmsdk_apb_subsystem:u_apb_subsystem|cmsdk_ahb_to_apb:u_ahb_to_apb|addr_reg[8]                                                                   ; 1                 ; 6       ;
;      - cmsdk_apb_subsystem:u_apb_subsystem|cmsdk_ahb_to_apb:u_ahb_to_apb|addr_reg[7]                                                                   ; 1                 ; 6       ;
;      - cmsdk_apb_subsystem:u_apb_subsystem|cmsdk_ahb_to_apb:u_ahb_to_apb|addr_reg[6]                                                                   ; 1                 ; 6       ;
;      - cmsdk_apb_subsystem:u_apb_subsystem|cmsdk_ahb_to_apb:u_ahb_to_apb|addr_reg[5]                                                                   ; 1                 ; 6       ;
;      - cmsdk_apb_subsystem:u_apb_subsystem|cmsdk_ahb_to_apb:u_ahb_to_apb|addr_reg[4]                                                                   ; 1                 ; 6       ;
;      - cmsdk_apb_subsystem:u_apb_subsystem|cmsdk_ahb_to_apb:u_ahb_to_apb|addr_reg[3]                                                                   ; 1                 ; 6       ;
;      - cmsdk_apb_subsystem:u_apb_subsystem|cmsdk_ahb_to_apb:u_ahb_to_apb|addr_reg[2]                                                                   ; 1                 ; 6       ;
;      - cmsdk_apb_subsystem:u_apb_subsystem|cmsdk_ahb_to_apb:u_ahb_to_apb|addr_reg[0]                                                                   ; 1                 ; 6       ;
;      - spi_flash_apb_ctrl:u_spi_flash_apb_ctrl|spi_module:u_spi_module|spi_busy                                                                        ; 1                 ; 6       ;
;      - spi_flash_apb_ctrl:u_spi_flash_apb_ctrl|spi_module:u_spi_module|tx_shift_reg[5]                                                                 ; 1                 ; 6       ;
;      - spi_flash_apb_ctrl:u_spi_flash_apb_ctrl|spi_module:u_spi_module|bit_idx_reg[0]                                                                  ; 1                 ; 6       ;
;      - spi_flash_apb_ctrl:u_spi_flash_apb_ctrl|spi_module:u_spi_module|tx_shift_reg[6]                                                                 ; 1                 ; 6       ;
;      - spi_flash_apb_ctrl:u_spi_flash_apb_ctrl|spi_module:u_spi_module|bit_idx_reg[1]                                                                  ; 1                 ; 6       ;
;      - spi_flash_apb_ctrl:u_spi_flash_apb_ctrl|spi_module:u_spi_module|tx_shift_reg[4]                                                                 ; 1                 ; 6       ;
;      - spi_flash_apb_ctrl:u_spi_flash_apb_ctrl|spi_module:u_spi_module|tx_shift_reg[7]                                                                 ; 1                 ; 6       ;
;      - spi_flash_apb_ctrl:u_spi_flash_apb_ctrl|spi_module:u_spi_module|tx_shift_reg[2]                                                                 ; 1                 ; 6       ;
;      - spi_flash_apb_ctrl:u_spi_flash_apb_ctrl|spi_module:u_spi_module|tx_shift_reg[1]                                                                 ; 1                 ; 6       ;
;      - spi_flash_apb_ctrl:u_spi_flash_apb_ctrl|spi_module:u_spi_module|tx_shift_reg[0]                                                                 ; 1                 ; 6       ;
;      - spi_flash_apb_ctrl:u_spi_flash_apb_ctrl|spi_module:u_spi_module|tx_shift_reg[3]                                                                 ; 1                 ; 6       ;
;      - spi_flash_apb_ctrl:u_spi_flash_apb_ctrl|spi_module:u_spi_module|bit_idx_reg[2]                                                                  ; 1                 ; 6       ;
;      - spi_flash_apb_ctrl:u_spi_flash_apb_ctrl|spi_module:u_spi_module|bit_idx_reg[15]                                                                 ; 1                 ; 6       ;
;      - spi_flash_apb_ctrl:u_spi_flash_apb_ctrl|spi_module:u_spi_module|bit_idx_reg[14]                                                                 ; 1                 ; 6       ;
;      - spi_flash_apb_ctrl:u_spi_flash_apb_ctrl|spi_module:u_spi_module|bit_idx_reg[13]                                                                 ; 1                 ; 6       ;
;      - spi_flash_apb_ctrl:u_spi_flash_apb_ctrl|spi_module:u_spi_module|bit_idx_reg[12]                                                                 ; 1                 ; 6       ;
;      - spi_flash_apb_ctrl:u_spi_flash_apb_ctrl|spi_module:u_spi_module|bit_idx_reg[11]                                                                 ; 1                 ; 6       ;
;      - spi_flash_apb_ctrl:u_spi_flash_apb_ctrl|spi_module:u_spi_module|bit_idx_reg[10]                                                                 ; 1                 ; 6       ;
;      - spi_flash_apb_ctrl:u_spi_flash_apb_ctrl|spi_module:u_spi_module|bit_idx_reg[9]                                                                  ; 1                 ; 6       ;
;      - spi_flash_apb_ctrl:u_spi_flash_apb_ctrl|spi_module:u_spi_module|bit_idx_reg[8]                                                                  ; 1                 ; 6       ;
;      - spi_flash_apb_ctrl:u_spi_flash_apb_ctrl|spi_module:u_spi_module|bit_idx_reg[7]                                                                  ; 1                 ; 6       ;
;      - spi_flash_apb_ctrl:u_spi_flash_apb_ctrl|spi_module:u_spi_module|bit_idx_reg[6]                                                                  ; 1                 ; 6       ;
;      - spi_flash_apb_ctrl:u_spi_flash_apb_ctrl|spi_module:u_spi_module|bit_idx_reg[5]                                                                  ; 1                 ; 6       ;
;      - spi_flash_apb_ctrl:u_spi_flash_apb_ctrl|spi_module:u_spi_module|bit_idx_reg[4]                                                                  ; 1                 ; 6       ;
;      - spi_flash_apb_ctrl:u_spi_flash_apb_ctrl|spi_module:u_spi_module|bit_idx_reg[3]                                                                  ; 1                 ; 6       ;
;      - CORTEXM3INTEGRATIONDS:u_CORTEXM3INTEGRATION|cortexm3ds_logic:u_cortexm3ds_logic|Ym2nz6                                                          ; 1                 ; 6       ;
;      - cmsdk_apb_subsystem:u_apb_subsystem|cmsdk_apb_uart:gen_apb_uart_1.u_apb_uart_1|reg_tx_buf[0]                                                    ; 1                 ; 6       ;
;      - cmsdk_apb_subsystem:u_apb_subsystem|cmsdk_apb_uart:gen_apb_uart_1.u_apb_uart_1|tx_shift_buf[1]                                                  ; 1                 ; 6       ;
;      - cmsdk_apb_subsystem:u_apb_subsystem|cmsdk_apb_uart:gen_apb_uart_1.u_apb_uart_1|reg_ctrl[6]                                                      ; 1                 ; 6       ;
;      - cmsdk_apb_subsystem:u_apb_subsystem|cmsdk_apb_uart:gen_apb_uart_1.u_apb_uart_1|reg_baud_tick                                                    ; 1                 ; 6       ;
;      - cmsdk_apb_subsystem:u_apb_subsystem|cmsdk_apb_uart:gen_apb_uart_1.u_apb_uart_1|tx_buf_full                                                      ; 1                 ; 6       ;
;      - cmsdk_apb_subsystem:u_apb_subsystem|cmsdk_apb_uart:gen_apb_uart_1.u_apb_uart_1|reg_ctrl[0]                                                      ; 1                 ; 6       ;
;      - spi_flash_apb_ctrl:u_spi_flash_apb_ctrl|state.ST_WREN_START                                                                                     ; 1                 ; 6       ;
;      - spi_flash_apb_ctrl:u_spi_flash_apb_ctrl|state.ST_PP_DATA_START                                                                                  ; 1                 ; 6       ;
;      - spi_flash_apb_ctrl:u_spi_flash_apb_ctrl|state.ST_ERASE_CMD_START                                                                                ; 1                 ; 6       ;
;      - spi_flash_apb_ctrl:u_spi_flash_apb_ctrl|byte_len_reg[1]                                                                                         ; 1                 ; 6       ;
;      - spi_flash_apb_ctrl:u_spi_flash_apb_ctrl|start_addr_reg[1]                                                                                       ; 1                 ; 6       ;
;      - spi_flash_apb_ctrl:u_spi_flash_apb_ctrl|byte_len_reg[0]                                                                                         ; 1                 ; 6       ;
;      - spi_flash_apb_ctrl:u_spi_flash_apb_ctrl|start_addr_reg[0]                                                                                       ; 1                 ; 6       ;
;      - spi_flash_apb_ctrl:u_spi_flash_apb_ctrl|byte_len_reg[23]                                                                                        ; 1                 ; 6       ;
;      - spi_flash_apb_ctrl:u_spi_flash_apb_ctrl|start_addr_reg[23]                                                                                      ; 1                 ; 6       ;
;      - spi_flash_apb_ctrl:u_spi_flash_apb_ctrl|byte_len_reg[22]                                                                                        ; 1                 ; 6       ;
;      - spi_flash_apb_ctrl:u_spi_flash_apb_ctrl|start_addr_reg[22]                                                                                      ; 1                 ; 6       ;
;      - spi_flash_apb_ctrl:u_spi_flash_apb_ctrl|byte_len_reg[21]                                                                                        ; 1                 ; 6       ;
;      - spi_flash_apb_ctrl:u_spi_flash_apb_ctrl|start_addr_reg[21]                                                                                      ; 1                 ; 6       ;
;      - spi_flash_apb_ctrl:u_spi_flash_apb_ctrl|byte_len_reg[20]                                                                                        ; 1                 ; 6       ;
;      - spi_flash_apb_ctrl:u_spi_flash_apb_ctrl|start_addr_reg[20]                                                                                      ; 1                 ; 6       ;
;      - spi_flash_apb_ctrl:u_spi_flash_apb_ctrl|byte_len_reg[19]                                                                                        ; 1                 ; 6       ;
;      - spi_flash_apb_ctrl:u_spi_flash_apb_ctrl|start_addr_reg[19]                                                                                      ; 1                 ; 6       ;
;      - spi_flash_apb_ctrl:u_spi_flash_apb_ctrl|byte_len_reg[18]                                                                                        ; 1                 ; 6       ;
;      - spi_flash_apb_ctrl:u_spi_flash_apb_ctrl|start_addr_reg[18]                                                                                      ; 1                 ; 6       ;
;      - spi_flash_apb_ctrl:u_spi_flash_apb_ctrl|byte_len_reg[17]                                                                                        ; 1                 ; 6       ;
;      - spi_flash_apb_ctrl:u_spi_flash_apb_ctrl|start_addr_reg[17]                                                                                      ; 1                 ; 6       ;
;      - spi_flash_apb_ctrl:u_spi_flash_apb_ctrl|byte_len_reg[16]                                                                                        ; 1                 ; 6       ;
;      - spi_flash_apb_ctrl:u_spi_flash_apb_ctrl|start_addr_reg[16]                                                                                      ; 1                 ; 6       ;
;      - spi_flash_apb_ctrl:u_spi_flash_apb_ctrl|byte_len_reg[15]                                                                                        ; 1                 ; 6       ;
;      - spi_flash_apb_ctrl:u_spi_flash_apb_ctrl|start_addr_reg[15]                                                                                      ; 1                 ; 6       ;
;      - spi_flash_apb_ctrl:u_spi_flash_apb_ctrl|byte_len_reg[14]                                                                                        ; 1                 ; 6       ;
;      - spi_flash_apb_ctrl:u_spi_flash_apb_ctrl|start_addr_reg[14]                                                                                      ; 1                 ; 6       ;
;      - spi_flash_apb_ctrl:u_spi_flash_apb_ctrl|byte_len_reg[13]                                                                                        ; 1                 ; 6       ;
;      - spi_flash_apb_ctrl:u_spi_flash_apb_ctrl|start_addr_reg[13]                                                                                      ; 1                 ; 6       ;
;      - spi_flash_apb_ctrl:u_spi_flash_apb_ctrl|byte_len_reg[12]                                                                                        ; 1                 ; 6       ;
;      - spi_flash_apb_ctrl:u_spi_flash_apb_ctrl|start_addr_reg[12]                                                                                      ; 1                 ; 6       ;
;      - spi_flash_apb_ctrl:u_spi_flash_apb_ctrl|byte_len_reg[11]                                                                                        ; 1                 ; 6       ;
;      - spi_flash_apb_ctrl:u_spi_flash_apb_ctrl|start_addr_reg[11]                                                                                      ; 1                 ; 6       ;
;      - spi_flash_apb_ctrl:u_spi_flash_apb_ctrl|byte_len_reg[10]                                                                                        ; 1                 ; 6       ;
;      - spi_flash_apb_ctrl:u_spi_flash_apb_ctrl|start_addr_reg[10]                                                                                      ; 1                 ; 6       ;
;      - spi_flash_apb_ctrl:u_spi_flash_apb_ctrl|byte_len_reg[9]                                                                                         ; 1                 ; 6       ;
;      - spi_flash_apb_ctrl:u_spi_flash_apb_ctrl|start_addr_reg[9]                                                                                       ; 1                 ; 6       ;
;      - spi_flash_apb_ctrl:u_spi_flash_apb_ctrl|byte_len_reg[8]                                                                                         ; 1                 ; 6       ;
;      - spi_flash_apb_ctrl:u_spi_flash_apb_ctrl|start_addr_reg[8]                                                                                       ; 1                 ; 6       ;
;      - spi_flash_apb_ctrl:u_spi_flash_apb_ctrl|byte_len_reg[7]                                                                                         ; 1                 ; 6       ;
;      - spi_flash_apb_ctrl:u_spi_flash_apb_ctrl|start_addr_reg[7]                                                                                       ; 1                 ; 6       ;
;      - spi_flash_apb_ctrl:u_spi_flash_apb_ctrl|byte_len_reg[6]                                                                                         ; 1                 ; 6       ;
;      - spi_flash_apb_ctrl:u_spi_flash_apb_ctrl|start_addr_reg[6]                                                                                       ; 1                 ; 6       ;
;      - spi_flash_apb_ctrl:u_spi_flash_apb_ctrl|byte_len_reg[5]                                                                                         ; 1                 ; 6       ;
;      - spi_flash_apb_ctrl:u_spi_flash_apb_ctrl|start_addr_reg[5]                                                                                       ; 1                 ; 6       ;
;      - spi_flash_apb_ctrl:u_spi_flash_apb_ctrl|byte_len_reg[4]                                                                                         ; 1                 ; 6       ;
;      - spi_flash_apb_ctrl:u_spi_flash_apb_ctrl|start_addr_reg[4]                                                                                       ; 1                 ; 6       ;
;      - spi_flash_apb_ctrl:u_spi_flash_apb_ctrl|byte_len_reg[3]                                                                                         ; 1                 ; 6       ;
;      - spi_flash_apb_ctrl:u_spi_flash_apb_ctrl|start_addr_reg[3]                                                                                       ; 1                 ; 6       ;
;      - spi_flash_apb_ctrl:u_spi_flash_apb_ctrl|byte_len_reg[2]                                                                                         ; 1                 ; 6       ;
;      - spi_flash_apb_ctrl:u_spi_flash_apb_ctrl|start_addr_reg[2]                                                                                       ; 1                 ; 6       ;
;      - spi_flash_apb_ctrl:u_spi_flash_apb_ctrl|state.ST_RD_DATA_START                                                                                  ; 1                 ; 6       ;
;      - spi_flash_apb_ctrl:u_spi_flash_apb_ctrl|state.ST_POLL_CMD_START                                                                                 ; 1                 ; 6       ;
;      - spi_flash_apb_ctrl:u_spi_flash_apb_ctrl|state.ST_PP_CMD_START                                                                                   ; 1                 ; 6       ;
;      - spi_flash_apb_ctrl:u_spi_flash_apb_ctrl|state.ST_RD_ADDR_START                                                                                  ; 1                 ; 6       ;
;      - spi_flash_apb_ctrl:u_spi_flash_apb_ctrl|state.ST_RD_CMD_START                                                                                   ; 1                 ; 6       ;
;      - spi_flash_apb_ctrl:u_spi_flash_apb_ctrl|poll_target_reg                                                                                         ; 1                 ; 6       ;
;      - spi_flash_apb_ctrl:u_spi_flash_apb_ctrl|erase_last_addr_reg[23]                                                                                 ; 1                 ; 6       ;
;      - spi_flash_apb_ctrl:u_spi_flash_apb_ctrl|erase_last_addr_reg[22]                                                                                 ; 1                 ; 6       ;
;      - spi_flash_apb_ctrl:u_spi_flash_apb_ctrl|erase_last_addr_reg[21]                                                                                 ; 1                 ; 6       ;
;      - spi_flash_apb_ctrl:u_spi_flash_apb_ctrl|erase_last_addr_reg[20]                                                                                 ; 1                 ; 6       ;
;      - spi_flash_apb_ctrl:u_spi_flash_apb_ctrl|erase_last_addr_reg[19]                                                                                 ; 1                 ; 6       ;
;      - spi_flash_apb_ctrl:u_spi_flash_apb_ctrl|erase_last_addr_reg[18]                                                                                 ; 1                 ; 6       ;
;      - spi_flash_apb_ctrl:u_spi_flash_apb_ctrl|erase_last_addr_reg[17]                                                                                 ; 1                 ; 6       ;
;      - spi_flash_apb_ctrl:u_spi_flash_apb_ctrl|erase_last_addr_reg[16]                                                                                 ; 1                 ; 6       ;
;      - spi_flash_apb_ctrl:u_spi_flash_apb_ctrl|erase_last_addr_reg[15]                                                                                 ; 1                 ; 6       ;
;      - spi_flash_apb_ctrl:u_spi_flash_apb_ctrl|erase_last_addr_reg[14]                                                                                 ; 1                 ; 6       ;
;      - spi_flash_apb_ctrl:u_spi_flash_apb_ctrl|erase_last_addr_reg[13]                                                                                 ; 1                 ; 6       ;
;      - spi_flash_apb_ctrl:u_spi_flash_apb_ctrl|erase_last_addr_reg[12]                                                                                 ; 1                 ; 6       ;
;      - spi_flash_apb_ctrl:u_spi_flash_apb_ctrl|last_status_reg[0]                                                                                      ; 1                 ; 6       ;
;      - BusMatrix3x3:u_BusMatrix3x3|InputStage:u_InputStage_0|reg_addr[12]                                                                              ; 1                 ; 6       ;
;      - BusMatrix3x3:u_BusMatrix3x3|InputStage:u_InputStage_0|pend_tran_reg                                                                             ; 1                 ; 6       ;
;      - BusMatrix3x3:u_BusMatrix3x3|cmsdk_ahb_bm_decodeSI0:u_cmsdk_ahb_bm_decodesi0|data_out_port[2]                                                    ; 1                 ; 6       ;
;      - BusMatrix3x3:u_BusMatrix3x3|cmsdk_ahb_bm_decodeSI0:u_cmsdk_ahb_bm_decodesi0|data_out_port[1]                                                    ; 1                 ; 6       ;
;      - BusMatrix3x3:u_BusMatrix3x3|cmsdk_ahb_bm_decodeSI0:u_cmsdk_ahb_bm_decodesi0|data_out_port[0]                                                    ; 1                 ; 6       ;
;      - BusMatrix3x3:u_BusMatrix3x3|InputStage:u_InputStage_0|reg_addr[17]                                                                              ; 1                 ; 6       ;
;      - BusMatrix3x3:u_BusMatrix3x3|InputStage:u_InputStage_0|reg_addr[18]                                                                              ; 1                 ; 6       ;
;      - BusMatrix3x3:u_BusMatrix3x3|InputStage:u_InputStage_0|reg_addr[19]                                                                              ; 1                 ; 6       ;
;      - BusMatrix3x3:u_BusMatrix3x3|InputStage:u_InputStage_0|reg_addr[20]                                                                              ; 1                 ; 6       ;
;      - BusMatrix3x3:u_BusMatrix3x3|InputStage:u_InputStage_0|reg_addr[21]                                                                              ; 1                 ; 6       ;
;      - BusMatrix3x3:u_BusMatrix3x3|InputStage:u_InputStage_0|reg_addr[22]                                                                              ; 1                 ; 6       ;
;      - BusMatrix3x3:u_BusMatrix3x3|InputStage:u_InputStage_0|reg_addr[23]                                                                              ; 1                 ; 6       ;
;      - BusMatrix3x3:u_BusMatrix3x3|InputStage:u_InputStage_0|reg_addr[24]                                                                              ; 1                 ; 6       ;
;      - BusMatrix3x3:u_BusMatrix3x3|InputStage:u_InputStage_0|reg_addr[25]                                                                              ; 1                 ; 6       ;
;      - BusMatrix3x3:u_BusMatrix3x3|InputStage:u_InputStage_0|reg_addr[26]                                                                              ; 1                 ; 6       ;
;      - BusMatrix3x3:u_BusMatrix3x3|InputStage:u_InputStage_0|reg_addr[27]                                                                              ; 1                 ; 6       ;
;      - BusMatrix3x3:u_BusMatrix3x3|InputStage:u_InputStage_0|reg_addr[28]                                                                              ; 1                 ; 6       ;
;      - BusMatrix3x3:u_BusMatrix3x3|InputStage:u_InputStage_0|reg_addr[31]                                                                              ; 1                 ; 6       ;
;      - BusMatrix3x3:u_BusMatrix3x3|InputStage:u_InputStage_0|reg_addr[30]                                                                              ; 1                 ; 6       ;
;      - BusMatrix3x3:u_BusMatrix3x3|InputStage:u_InputStage_0|reg_addr[16]                                                                              ; 1                 ; 6       ;
;      - BusMatrix3x3:u_BusMatrix3x3|InputStage:u_InputStage_0|reg_addr[29]                                                                              ; 1                 ; 6       ;
;      - BusMatrix3x3:u_BusMatrix3x3|OutputStage:u_outputstage_1|cmsdk_ahb_bm_output_arb:u_output_arb|i_no_port                                          ; 1                 ; 6       ;
;      - BusMatrix3x3:u_BusMatrix3x3|OutputStage:u_outputstage_1|slave_sel                                                                               ; 1                 ; 6       ;
;      - BusMatrix3x3:u_BusMatrix3x3|InputStage:u_InputStage_0|reg_write                                                                                 ; 1                 ; 6       ;
;      - BusMatrix3x3:u_BusMatrix3x3|InputStage:u_InputStage_0|reg_addr[13]                                                                              ; 1                 ; 6       ;
;      - BusMatrix3x3:u_BusMatrix3x3|InputStage:u_InputStage_0|reg_addr[15]                                                                              ; 1                 ; 6       ;
;      - BusMatrix3x3:u_BusMatrix3x3|InputStage:u_InputStage_0|reg_addr[14]                                                                              ; 1                 ; 6       ;
;      - BusMatrix3x3:u_BusMatrix3x3|InputStage:u_InputStage_0|reg_addr[3]                                                                               ; 1                 ; 6       ;
;      - BusMatrix3x3:u_BusMatrix3x3|InputStage:u_InputStage_0|reg_addr[11]                                                                              ; 1                 ; 6       ;
;      - BusMatrix3x3:u_BusMatrix3x3|InputStage:u_InputStage_0|reg_addr[10]                                                                              ; 1                 ; 6       ;
;      - BusMatrix3x3:u_BusMatrix3x3|InputStage:u_InputStage_0|reg_addr[9]                                                                               ; 1                 ; 6       ;
;      - BusMatrix3x3:u_BusMatrix3x3|InputStage:u_InputStage_0|reg_addr[8]                                                                               ; 1                 ; 6       ;
;      - BusMatrix3x3:u_BusMatrix3x3|InputStage:u_InputStage_0|reg_addr[7]                                                                               ; 1                 ; 6       ;
;      - BusMatrix3x3:u_BusMatrix3x3|InputStage:u_InputStage_0|reg_addr[6]                                                                               ; 1                 ; 6       ;
;      - BusMatrix3x3:u_BusMatrix3x3|InputStage:u_InputStage_0|reg_addr[5]                                                                               ; 1                 ; 6       ;
;      - BusMatrix3x3:u_BusMatrix3x3|InputStage:u_InputStage_0|reg_addr[4]                                                                               ; 1                 ; 6       ;
;      - BusMatrix3x3:u_BusMatrix3x3|InputStage:u_InputStage_0|reg_addr[2]                                                                               ; 1                 ; 6       ;
;      - BusMatrix3x3:u_BusMatrix3x3|cmsdk_ahb_bm_decodeSI0:u_cmsdk_ahb_bm_decodesi0|BusMatrix3x3_default_slave:u_BusMatrix3x3_default_slave|i_hreadyout ; 1                 ; 6       ;
;      - BusMatrix3x3:u_BusMatrix3x3|InputStage:u_InputStage_0|data_valid                                                                                ; 1                 ; 6       ;
;      - CORTEXM3INTEGRATIONDS:u_CORTEXM3INTEGRATION|cortexm3ds_logic:u_cortexm3ds_logic|Ik2nz6                                                          ; 1                 ; 6       ;
;      - BusMatrix3x3:u_BusMatrix3x3|cmsdk_ahb_bm_decodeSI1:u_cmsdk_ahb_bm_decodesi1|data_out_port[2]                                                    ; 1                 ; 6       ;
;      - BusMatrix3x3:u_BusMatrix3x3|cmsdk_ahb_bm_decodeSI1:u_cmsdk_ahb_bm_decodesi1|BusMatrix3x3_default_slave:u_BusMatrix3x3_default_slave|i_hreadyout ; 1                 ; 6       ;
;      - BusMatrix3x3:u_BusMatrix3x3|InputStage:u_InputStage_1|pend_tran_reg                                                                             ; 1                 ; 6       ;
;      - BusMatrix3x3:u_BusMatrix3x3|InputStage:u_InputStage_1|data_valid                                                                                ; 1                 ; 6       ;
;      - cmsdk_apb_subsystem:u_apb_subsystem|cmsdk_ahb_to_apb:u_ahb_to_apb|rwdata_reg[2]                                                                 ; 1                 ; 6       ;
;      - cmsdk_apb_subsystem:u_apb_subsystem|cmsdk_ahb_to_apb:u_ahb_to_apb|rwdata_reg[9]                                                                 ; 1                 ; 6       ;
;      - cmsdk_apb_subsystem:u_apb_subsystem|cmsdk_ahb_to_apb:u_ahb_to_apb|rwdata_reg[26]                                                                ; 1                 ; 6       ;
;      - cmsdk_apb_subsystem:u_apb_subsystem|cmsdk_ahb_to_apb:u_ahb_to_apb|rwdata_reg[18]                                                                ; 1                 ; 6       ;
;      - cmsdk_apb_subsystem:u_apb_subsystem|cmsdk_ahb_to_apb:u_ahb_to_apb|rwdata_reg[10]                                                                ; 1                 ; 6       ;
;      - cmsdk_apb_subsystem:u_apb_subsystem|cmsdk_ahb_to_apb:u_ahb_to_apb|rwdata_reg[15]                                                                ; 1                 ; 6       ;
;      - cmsdk_apb_subsystem:u_apb_subsystem|cmsdk_ahb_to_apb:u_ahb_to_apb|rwdata_reg[7]                                                                 ; 1                 ; 6       ;
;      - cmsdk_apb_subsystem:u_apb_subsystem|cmsdk_ahb_to_apb:u_ahb_to_apb|rwdata_reg[31]                                                                ; 1                 ; 6       ;
;      - cmsdk_apb_subsystem:u_apb_subsystem|cmsdk_ahb_to_apb:u_ahb_to_apb|rwdata_reg[23]                                                                ; 1                 ; 6       ;
;      - cmsdk_apb_subsystem:u_apb_subsystem|cmsdk_ahb_to_apb:u_ahb_to_apb|rwdata_reg[11]                                                                ; 1                 ; 6       ;
;      - cmsdk_apb_subsystem:u_apb_subsystem|cmsdk_ahb_to_apb:u_ahb_to_apb|rwdata_reg[25]                                                                ; 1                 ; 6       ;
;      - cmsdk_apb_subsystem:u_apb_subsystem|cmsdk_ahb_to_apb:u_ahb_to_apb|rwdata_reg[13]                                                                ; 1                 ; 6       ;
;      - cmsdk_apb_subsystem:u_apb_subsystem|cmsdk_ahb_to_apb:u_ahb_to_apb|rwdata_reg[14]                                                                ; 1                 ; 6       ;
;      - cmsdk_apb_subsystem:u_apb_subsystem|cmsdk_ahb_to_apb:u_ahb_to_apb|rwdata_reg[12]                                                                ; 1                 ; 6       ;
;      - spi_flash_apb_ctrl:u_spi_flash_apb_ctrl|spi_tx_data_reg[2]                                                                                      ; 1                 ; 6       ;
;      - spi_flash_apb_ctrl:u_spi_flash_apb_ctrl|spi_tx_data_reg[1]                                                                                      ; 1                 ; 6       ;
;      - spi_flash_apb_ctrl:u_spi_flash_apb_ctrl|spi_tx_data_reg[0]                                                                                      ; 1                 ; 6       ;
;      - spi_flash_apb_ctrl:u_spi_flash_apb_ctrl|spi_tx_data_reg[3]                                                                                      ; 1                 ; 6       ;
;      - spi_flash_apb_ctrl:u_spi_flash_apb_ctrl|wbuf_reg[23]                                                                                            ; 1                 ; 6       ;
;      - spi_flash_apb_ctrl:u_spi_flash_apb_ctrl|wbuf_byte_idx_reg[1]                                                                                    ; 1                 ; 6       ;
;      - spi_flash_apb_ctrl:u_spi_flash_apb_ctrl|wbuf_reg[15]                                                                                            ; 1                 ; 6       ;
;      - spi_flash_apb_ctrl:u_spi_flash_apb_ctrl|wbuf_byte_idx_reg[0]                                                                                    ; 1                 ; 6       ;
;      - spi_flash_apb_ctrl:u_spi_flash_apb_ctrl|wbuf_reg[7]                                                                                             ; 1                 ; 6       ;
;      - spi_flash_apb_ctrl:u_spi_flash_apb_ctrl|wbuf_reg[31]                                                                                            ; 1                 ; 6       ;
;      - cmsdk_apb_subsystem:u_apb_subsystem|gpio:gen_apb_gpio_0.u_gpio_0|gpio_apbif:x_gpio_apbif|int_gpio_swporta_dr[0]                                 ; 1                 ; 6       ;
;      - cmsdk_apb_subsystem:u_apb_subsystem|gpio:gen_apb_gpio_0.u_gpio_0|gpio_apbif:x_gpio_apbif|int_gpio_swporta_ddr[0]                                ; 1                 ; 6       ;
;      - cmsdk_apb_subsystem:u_apb_subsystem|gpio:gen_apb_gpio_0.u_gpio_0|gpio_apbif:x_gpio_apbif|int_gpio_swporta_dr[1]                                 ; 1                 ; 6       ;
;      - cmsdk_apb_subsystem:u_apb_subsystem|gpio:gen_apb_gpio_0.u_gpio_0|gpio_apbif:x_gpio_apbif|int_gpio_swporta_ddr[1]                                ; 1                 ; 6       ;
;      - cmsdk_apb_subsystem:u_apb_subsystem|gpio:gen_apb_gpio_0.u_gpio_0|gpio_apbif:x_gpio_apbif|int_gpio_swporta_dr[2]                                 ; 1                 ; 6       ;
;      - cmsdk_apb_subsystem:u_apb_subsystem|gpio:gen_apb_gpio_0.u_gpio_0|gpio_apbif:x_gpio_apbif|int_gpio_swporta_ddr[2]                                ; 1                 ; 6       ;
;      - cmsdk_apb_subsystem:u_apb_subsystem|gpio:gen_apb_gpio_0.u_gpio_0|gpio_apbif:x_gpio_apbif|int_gpio_swporta_dr[3]                                 ; 1                 ; 6       ;
;      - cmsdk_apb_subsystem:u_apb_subsystem|gpio:gen_apb_gpio_0.u_gpio_0|gpio_apbif:x_gpio_apbif|int_gpio_swporta_ddr[3]                                ; 1                 ; 6       ;
;      - cmsdk_apb_subsystem:u_apb_subsystem|gpio:gen_apb_gpio_0.u_gpio_0|gpio_apbif:x_gpio_apbif|int_gpio_swporta_dr[4]                                 ; 1                 ; 6       ;
;      - cmsdk_apb_subsystem:u_apb_subsystem|gpio:gen_apb_gpio_0.u_gpio_0|gpio_apbif:x_gpio_apbif|int_gpio_swporta_ddr[4]                                ; 1                 ; 6       ;
;      - cmsdk_apb_subsystem:u_apb_subsystem|gpio:gen_apb_gpio_0.u_gpio_0|gpio_apbif:x_gpio_apbif|int_gpio_swporta_dr[5]                                 ; 1                 ; 6       ;
;      - cmsdk_apb_subsystem:u_apb_subsystem|gpio:gen_apb_gpio_0.u_gpio_0|gpio_apbif:x_gpio_apbif|int_gpio_swporta_ddr[5]                                ; 1                 ; 6       ;
;      - cmsdk_apb_subsystem:u_apb_subsystem|gpio:gen_apb_gpio_0.u_gpio_0|gpio_apbif:x_gpio_apbif|int_gpio_swporta_dr[6]                                 ; 1                 ; 6       ;
;      - cmsdk_apb_subsystem:u_apb_subsystem|gpio:gen_apb_gpio_0.u_gpio_0|gpio_apbif:x_gpio_apbif|int_gpio_swporta_ddr[6]                                ; 1                 ; 6       ;
;      - cmsdk_apb_subsystem:u_apb_subsystem|gpio:gen_apb_gpio_0.u_gpio_0|gpio_apbif:x_gpio_apbif|int_gpio_swporta_dr[7]                                 ; 1                 ; 6       ;
;      - cmsdk_apb_subsystem:u_apb_subsystem|gpio:gen_apb_gpio_0.u_gpio_0|gpio_apbif:x_gpio_apbif|int_gpio_swporta_ddr[7]                                ; 1                 ; 6       ;
;      - CORTEXM3INTEGRATIONDS:u_CORTEXM3INTEGRATION|cortexm3ds_logic:u_cortexm3ds_logic|Im2nz6                                                          ; 1                 ; 6       ;
;      - cmsdk_apb_subsystem:u_apb_subsystem|cmsdk_apb_uart:gen_apb_uart_1.u_apb_uart_1|reg_tx_buf[1]                                                    ; 1                 ; 6       ;
;      - cmsdk_apb_subsystem:u_apb_subsystem|cmsdk_apb_uart:gen_apb_uart_1.u_apb_uart_1|tx_shift_buf[2]                                                  ; 1                 ; 6       ;
;      - cmsdk_apb_subsystem:u_apb_subsystem|cmsdk_apb_uart:gen_apb_uart_1.u_apb_uart_1|reg_ctrl[1]                                                      ; 1                 ; 6       ;
;      - cmsdk_apb_subsystem:u_apb_subsystem|cmsdk_apb_uart:gen_apb_uart_1.u_apb_uart_1|reg_baud_cntr_f[0]                                               ; 1                 ; 6       ;
;      - cmsdk_apb_subsystem:u_apb_subsystem|cmsdk_apb_uart:gen_apb_uart_1.u_apb_uart_1|reg_baud_div[3]                                                  ; 1                 ; 6       ;
;      - cmsdk_apb_subsystem:u_apb_subsystem|cmsdk_apb_uart:gen_apb_uart_1.u_apb_uart_1|reg_baud_cntr_f[1]                                               ; 1                 ; 6       ;
;      - cmsdk_apb_subsystem:u_apb_subsystem|cmsdk_apb_uart:gen_apb_uart_1.u_apb_uart_1|reg_baud_div[2]                                                  ; 1                 ; 6       ;
;      - cmsdk_apb_subsystem:u_apb_subsystem|cmsdk_apb_uart:gen_apb_uart_1.u_apb_uart_1|reg_baud_div[1]                                                  ; 1                 ; 6       ;
;      - cmsdk_apb_subsystem:u_apb_subsystem|cmsdk_apb_uart:gen_apb_uart_1.u_apb_uart_1|reg_baud_cntr_f[2]                                               ; 1                 ; 6       ;
;      - cmsdk_apb_subsystem:u_apb_subsystem|cmsdk_apb_uart:gen_apb_uart_1.u_apb_uart_1|reg_baud_div[0]                                                  ; 1                 ; 6       ;
;      - cmsdk_apb_subsystem:u_apb_subsystem|cmsdk_apb_uart:gen_apb_uart_1.u_apb_uart_1|reg_baud_cntr_f[3]                                               ; 1                 ; 6       ;
;      - spi_flash_apb_ctrl:u_spi_flash_apb_ctrl|state.ST_PP_DATA_NEED                                                                                   ; 1                 ; 6       ;
;      - spi_flash_apb_ctrl:u_spi_flash_apb_ctrl|wren_target_reg                                                                                         ; 1                 ; 6       ;
;      - cmsdk_apb_subsystem:u_apb_subsystem|cmsdk_ahb_to_apb:u_ahb_to_apb|rwdata_reg[1]                                                                 ; 1                 ; 6       ;
;      - cmsdk_apb_subsystem:u_apb_subsystem|cmsdk_ahb_to_apb:u_ahb_to_apb|rwdata_reg[17]                                                                ; 1                 ; 6       ;
;      - cmsdk_apb_subsystem:u_apb_subsystem|cmsdk_ahb_to_apb:u_ahb_to_apb|rwdata_reg[0]                                                                 ; 1                 ; 6       ;
;      - cmsdk_apb_subsystem:u_apb_subsystem|cmsdk_ahb_to_apb:u_ahb_to_apb|rwdata_reg[6]                                                                 ; 1                 ; 6       ;
;      - cmsdk_apb_subsystem:u_apb_subsystem|cmsdk_ahb_to_apb:u_ahb_to_apb|rwdata_reg[5]                                                                 ; 1                 ; 6       ;
;      - cmsdk_apb_subsystem:u_apb_subsystem|cmsdk_ahb_to_apb:u_ahb_to_apb|rwdata_reg[4]                                                                 ; 1                 ; 6       ;
;      - cmsdk_apb_subsystem:u_apb_subsystem|cmsdk_ahb_to_apb:u_ahb_to_apb|rwdata_reg[8]                                                                 ; 1                 ; 6       ;
;      - cmsdk_apb_subsystem:u_apb_subsystem|cmsdk_ahb_to_apb:u_ahb_to_apb|rwdata_reg[3]                                                                 ; 1                 ; 6       ;
;      - cmsdk_apb_subsystem:u_apb_subsystem|cmsdk_ahb_to_apb:u_ahb_to_apb|rwdata_reg[22]                                                                ; 1                 ; 6       ;
;      - cmsdk_apb_subsystem:u_apb_subsystem|cmsdk_ahb_to_apb:u_ahb_to_apb|rwdata_reg[21]                                                                ; 1                 ; 6       ;
;      - cmsdk_apb_subsystem:u_apb_subsystem|cmsdk_ahb_to_apb:u_ahb_to_apb|rwdata_reg[20]                                                                ; 1                 ; 6       ;
;      - cmsdk_apb_subsystem:u_apb_subsystem|cmsdk_ahb_to_apb:u_ahb_to_apb|rwdata_reg[24]                                                                ; 1                 ; 6       ;
;      - cmsdk_apb_subsystem:u_apb_subsystem|cmsdk_ahb_to_apb:u_ahb_to_apb|rwdata_reg[27]                                                                ; 1                 ; 6       ;
;      - cmsdk_apb_subsystem:u_apb_subsystem|cmsdk_ahb_to_apb:u_ahb_to_apb|rwdata_reg[16]                                                                ; 1                 ; 6       ;
;      - cmsdk_apb_subsystem:u_apb_subsystem|cmsdk_ahb_to_apb:u_ahb_to_apb|rwdata_reg[19]                                                                ; 1                 ; 6       ;
;      - cmsdk_apb_subsystem:u_apb_subsystem|cmsdk_ahb_to_apb:u_ahb_to_apb|rwdata_reg[30]                                                                ; 1                 ; 6       ;
;      - cmsdk_apb_subsystem:u_apb_subsystem|cmsdk_ahb_to_apb:u_ahb_to_apb|rwdata_reg[29]                                                                ; 1                 ; 6       ;
;      - cmsdk_apb_subsystem:u_apb_subsystem|cmsdk_ahb_to_apb:u_ahb_to_apb|rwdata_reg[28]                                                                ; 1                 ; 6       ;
;      - spi_flash_apb_ctrl:u_spi_flash_apb_ctrl|rbuf_byte_idx_reg[1]                                                                                    ; 1                 ; 6       ;
;      - spi_flash_apb_ctrl:u_spi_flash_apb_ctrl|rbuf_byte_idx_reg[0]                                                                                    ; 1                 ; 6       ;
;      - spi_flash_apb_ctrl:u_spi_flash_apb_ctrl|spi_module:u_spi_module|spi_rx_data[0]                                                                  ; 1                 ; 6       ;
;      - BusMatrix3x3:u_BusMatrix3x3|OutputStage:u_outputstage_0|cmsdk_ahb_bm_output_arb:u_output_arb|i_no_port                                          ; 1                 ; 6       ;
;      - BusMatrix3x3:u_BusMatrix3x3|OutputStage:u_outputstage_0|cmsdk_ahb_bm_output_arb:u_output_arb|i_addr_in_port[0]                                  ; 1                 ; 6       ;
;      - BusMatrix3x3:u_BusMatrix3x3|OutputStage:u_outputstage_0|cmsdk_ahb_bm_output_arb:u_output_arb|i_addr_in_port[1]                                  ; 1                 ; 6       ;
;      - BusMatrix3x3:u_BusMatrix3x3|OutputStage:u_outputstage_2|cmsdk_ahb_bm_output_arb:u_output_arb|i_no_port                                          ; 1                 ; 6       ;
;      - BusMatrix3x3:u_BusMatrix3x3|cmsdk_ahb_bm_decodeSI2:u_cmsdk_ahb_bm_decodesi2|data_out_port[2]                                                    ; 1                 ; 6       ;
;      - BusMatrix3x3:u_BusMatrix3x3|cmsdk_ahb_bm_decodeSI2:u_cmsdk_ahb_bm_decodesi2|BusMatrix3x3_default_slave:u_BusMatrix3x3_default_slave|i_hreadyout ; 1                 ; 6       ;
;      - BusMatrix3x3:u_BusMatrix3x3|InputStage:u_InputStage_2|pend_tran_reg                                                                             ; 1                 ; 6       ;
;      - BusMatrix3x3:u_BusMatrix3x3|InputStage:u_InputStage_2|data_valid                                                                                ; 1                 ; 6       ;
;      - CORTEXM3INTEGRATIONDS:u_CORTEXM3INTEGRATION|cortexm3ds_logic:u_cortexm3ds_logic|Sj2nz6                                                          ; 1                 ; 6       ;
;      - BusMatrix3x3:u_BusMatrix3x3|InputStage:u_InputStage_1|reg_addr[28]                                                                              ; 1                 ; 6       ;
;      - BusMatrix3x3:u_BusMatrix3x3|InputStage:u_InputStage_1|reg_addr[27]                                                                              ; 1                 ; 6       ;
;      - BusMatrix3x3:u_BusMatrix3x3|InputStage:u_InputStage_1|reg_addr[26]                                                                              ; 1                 ; 6       ;
;      - BusMatrix3x3:u_BusMatrix3x3|InputStage:u_InputStage_1|reg_addr[25]                                                                              ; 1                 ; 6       ;
;      - BusMatrix3x3:u_BusMatrix3x3|InputStage:u_InputStage_1|reg_addr[24]                                                                              ; 1                 ; 6       ;
;      - BusMatrix3x3:u_BusMatrix3x3|InputStage:u_InputStage_1|reg_addr[23]                                                                              ; 1                 ; 6       ;
;      - BusMatrix3x3:u_BusMatrix3x3|InputStage:u_InputStage_1|reg_addr[22]                                                                              ; 1                 ; 6       ;
;      - BusMatrix3x3:u_BusMatrix3x3|InputStage:u_InputStage_1|reg_addr[21]                                                                              ; 1                 ; 6       ;
;      - BusMatrix3x3:u_BusMatrix3x3|InputStage:u_InputStage_1|reg_addr[20]                                                                              ; 1                 ; 6       ;
;      - BusMatrix3x3:u_BusMatrix3x3|InputStage:u_InputStage_1|reg_addr[19]                                                                              ; 1                 ; 6       ;
;      - BusMatrix3x3:u_BusMatrix3x3|InputStage:u_InputStage_1|reg_addr[18]                                                                              ; 1                 ; 6       ;
;      - BusMatrix3x3:u_BusMatrix3x3|InputStage:u_InputStage_1|reg_addr[17]                                                                              ; 1                 ; 6       ;
;      - BusMatrix3x3:u_BusMatrix3x3|InputStage:u_InputStage_1|reg_addr[16]                                                                              ; 1                 ; 6       ;
;      - AHB2MEM:U_SRAM|we                                                                                                                               ; 1                 ; 6       ;
;      - AHB2MEM:U_SRAM|buf_hwaddr[15]                                                                                                                   ; 1                 ; 6       ;
;      - BusMatrix3x3:u_BusMatrix3x3|OutputStage:u_outputstage_0|data_in_port[0]                                                                         ; 1                 ; 6       ;
;      - BusMatrix3x3:u_BusMatrix3x3|OutputStage:u_outputstage_0|data_in_port[1]                                                                         ; 1                 ; 6       ;
;      - AHB2MEM:U_SRAM|hwdata_mask[0]                                                                                                                   ; 1                 ; 6       ;
;      - AHB2MEM:U_SRAM|buf_hwaddr[2]                                                                                                                    ; 1                 ; 6       ;
;      - AHB2MEM:U_SRAM|buf_hwaddr[3]                                                                                                                    ; 1                 ; 6       ;
;      - AHB2MEM:U_SRAM|buf_hwaddr[4]                                                                                                                    ; 1                 ; 6       ;
;      - AHB2MEM:U_SRAM|buf_hwaddr[5]                                                                                                                    ; 1                 ; 6       ;
;      - AHB2MEM:U_SRAM|buf_hwaddr[6]                                                                                                                    ; 1                 ; 6       ;
;      - AHB2MEM:U_SRAM|buf_hwaddr[7]                                                                                                                    ; 1                 ; 6       ;
;      - AHB2MEM:U_SRAM|buf_hwaddr[8]                                                                                                                    ; 1                 ; 6       ;
;      - AHB2MEM:U_SRAM|buf_hwaddr[9]                                                                                                                    ; 1                 ; 6       ;
;      - AHB2MEM:U_SRAM|buf_hwaddr[10]                                                                                                                   ; 1                 ; 6       ;
;      - AHB2MEM:U_SRAM|buf_hwaddr[11]                                                                                                                   ; 1                 ; 6       ;
;      - AHB2MEM:U_SRAM|buf_hwaddr[12]                                                                                                                   ; 1                 ; 6       ;
;      - AHB2MEM:U_SRAM|buf_hwaddr[13]                                                                                                                   ; 1                 ; 6       ;
;      - AHB2MEM:U_SRAM|buf_hwaddr[14]                                                                                                                   ; 1                 ; 6       ;
;      - BusMatrix3x3:u_BusMatrix3x3|InputStage:u_InputStage_2|reg_addr[2]                                                                               ; 1                 ; 6       ;
;      - BusMatrix3x3:u_BusMatrix3x3|InputStage:u_InputStage_1|reg_addr[2]                                                                               ; 1                 ; 6       ;
;      - BusMatrix3x3:u_BusMatrix3x3|InputStage:u_InputStage_2|reg_addr[3]                                                                               ; 1                 ; 6       ;
;      - BusMatrix3x3:u_BusMatrix3x3|InputStage:u_InputStage_1|reg_addr[3]                                                                               ; 1                 ; 6       ;
;      - BusMatrix3x3:u_BusMatrix3x3|InputStage:u_InputStage_2|reg_addr[4]                                                                               ; 1                 ; 6       ;
;      - BusMatrix3x3:u_BusMatrix3x3|InputStage:u_InputStage_1|reg_addr[4]                                                                               ; 1                 ; 6       ;
;      - BusMatrix3x3:u_BusMatrix3x3|InputStage:u_InputStage_2|reg_addr[5]                                                                               ; 1                 ; 6       ;
;      - BusMatrix3x3:u_BusMatrix3x3|InputStage:u_InputStage_1|reg_addr[5]                                                                               ; 1                 ; 6       ;
;      - BusMatrix3x3:u_BusMatrix3x3|InputStage:u_InputStage_2|reg_addr[6]                                                                               ; 1                 ; 6       ;
;      - BusMatrix3x3:u_BusMatrix3x3|InputStage:u_InputStage_1|reg_addr[6]                                                                               ; 1                 ; 6       ;
;      - BusMatrix3x3:u_BusMatrix3x3|InputStage:u_InputStage_2|reg_addr[7]                                                                               ; 1                 ; 6       ;
;      - BusMatrix3x3:u_BusMatrix3x3|InputStage:u_InputStage_1|reg_addr[7]                                                                               ; 1                 ; 6       ;
;      - BusMatrix3x3:u_BusMatrix3x3|InputStage:u_InputStage_2|reg_addr[8]                                                                               ; 1                 ; 6       ;
;      - BusMatrix3x3:u_BusMatrix3x3|InputStage:u_InputStage_1|reg_addr[8]                                                                               ; 1                 ; 6       ;
;      - BusMatrix3x3:u_BusMatrix3x3|InputStage:u_InputStage_2|reg_addr[9]                                                                               ; 1                 ; 6       ;
;      - BusMatrix3x3:u_BusMatrix3x3|InputStage:u_InputStage_1|reg_addr[9]                                                                               ; 1                 ; 6       ;
;      - BusMatrix3x3:u_BusMatrix3x3|InputStage:u_InputStage_2|reg_addr[10]                                                                              ; 1                 ; 6       ;
;      - BusMatrix3x3:u_BusMatrix3x3|InputStage:u_InputStage_1|reg_addr[10]                                                                              ; 1                 ; 6       ;
;      - BusMatrix3x3:u_BusMatrix3x3|InputStage:u_InputStage_2|reg_addr[11]                                                                              ; 1                 ; 6       ;
;      - BusMatrix3x3:u_BusMatrix3x3|InputStage:u_InputStage_1|reg_addr[11]                                                                              ; 1                 ; 6       ;
;      - BusMatrix3x3:u_BusMatrix3x3|InputStage:u_InputStage_2|reg_addr[12]                                                                              ; 1                 ; 6       ;
;      - BusMatrix3x3:u_BusMatrix3x3|InputStage:u_InputStage_1|reg_addr[12]                                                                              ; 1                 ; 6       ;
;      - BusMatrix3x3:u_BusMatrix3x3|InputStage:u_InputStage_2|reg_addr[13]                                                                              ; 1                 ; 6       ;
;      - BusMatrix3x3:u_BusMatrix3x3|InputStage:u_InputStage_1|reg_addr[13]                                                                              ; 1                 ; 6       ;
;      - BusMatrix3x3:u_BusMatrix3x3|InputStage:u_InputStage_2|reg_addr[14]                                                                              ; 1                 ; 6       ;
;      - BusMatrix3x3:u_BusMatrix3x3|InputStage:u_InputStage_1|reg_addr[14]                                                                              ; 1                 ; 6       ;
;      - BusMatrix3x3:u_BusMatrix3x3|InputStage:u_InputStage_2|reg_addr[15]                                                                              ; 1                 ; 6       ;
;      - BusMatrix3x3:u_BusMatrix3x3|InputStage:u_InputStage_1|reg_addr[15]                                                                              ; 1                 ; 6       ;
;      - audio_ctrl_apb:u_audio_ctrl_apb|audio_fifo:u_audio_fifo|mem_rtl_0_bypass[2]                                                                     ; 1                 ; 6       ;
;      - audio_ctrl_apb:u_audio_ctrl_apb|audio_fifo:u_audio_fifo|mem_rtl_0_bypass[4]                                                                     ; 1                 ; 6       ;
;      - audio_ctrl_apb:u_audio_ctrl_apb|audio_fifo:u_audio_fifo|mem_rtl_0_bypass[6]                                                                     ; 1                 ; 6       ;
;      - audio_ctrl_apb:u_audio_ctrl_apb|audio_fifo:u_audio_fifo|mem_rtl_0_bypass[8]                                                                     ; 1                 ; 6       ;
;      - audio_ctrl_apb:u_audio_ctrl_apb|overflow_sticky                                                                                                 ; 1                 ; 6       ;
;      - audio_ctrl_apb:u_audio_ctrl_apb|audio_fifo:u_audio_fifo|mem~0                                                                                   ; 1                 ; 6       ;
;      - cmsdk_apb_subsystem:u_apb_subsystem|cmsdk_apb_timer:gen_apb_timer_0.u_apb_timer_0|read_mux_byte0_reg[2]                                         ; 1                 ; 6       ;
;      - cmsdk_apb_subsystem:u_apb_subsystem|gpio:gen_apb_gpio_0.u_gpio_0|gpio_apbif:x_gpio_apbif|iprdata[2]                                             ; 1                 ; 6       ;
;      - spi_flash_apb_ctrl:u_spi_flash_apb_ctrl|rbuf_reg[2]                                                                                             ; 1                 ; 6       ;
;      - cmsdk_apb_subsystem:u_apb_subsystem|cmsdk_apb_uart:gen_apb_uart_1.u_apb_uart_1|reg_rxintr                                                       ; 1                 ; 6       ;
;      - AHB2MEM:U_SRAM|hwdata_mask[10]                                                                                                                  ; 1                 ; 6       ;
;      - cmsdk_apb_subsystem:u_apb_subsystem|cmsdk_apb_timer:gen_apb_timer_0.u_apb_timer_0|reg_reload_val[9]                                             ; 1                 ; 6       ;
;      - spi_flash_apb_ctrl:u_spi_flash_apb_ctrl|rbuf_reg[9]                                                                                             ; 1                 ; 6       ;
;      - cmsdk_apb_subsystem:u_apb_subsystem|cmsdk_apb_uart:gen_apb_uart_1.u_apb_uart_1|reg_baud_div[9]                                                  ; 1                 ; 6       ;
;      - AHB2MEM:U_SRAM|hwdata_mask[24]                                                                                                                  ; 1                 ; 6       ;
;      - spi_flash_apb_ctrl:u_spi_flash_apb_ctrl|rbuf_reg[26]                                                                                            ; 1                 ; 6       ;
;      - cmsdk_apb_subsystem:u_apb_subsystem|cmsdk_apb_timer:gen_apb_timer_0.u_apb_timer_0|reg_reload_val[26]                                            ; 1                 ; 6       ;
;      - cmsdk_apb_subsystem:u_apb_subsystem|gpio:gen_apb_gpio_0.u_gpio_0|gpio_apbif:x_gpio_apbif|int_gpio_inttype_level[2]                              ; 1                 ; 6       ;
;      - cmsdk_apb_subsystem:u_apb_subsystem|gpio:gen_apb_gpio_0.u_gpio_0|gpio_apbif:x_gpio_apbif|int_gpio_intmask[2]                                    ; 1                 ; 6       ;
;      - cmsdk_apb_subsystem:u_apb_subsystem|gpio:gen_apb_gpio_0.u_gpio_0|gpio_apbif:x_gpio_apbif|int_gpio_ls_sync[0]                                    ; 1                 ; 6       ;
;      - cmsdk_apb_subsystem:u_apb_subsystem|gpio:gen_apb_gpio_0.u_gpio_0|gpio_apbif:x_gpio_apbif|int_gpio_inten[2]                                      ; 1                 ; 6       ;
;      - cmsdk_apb_subsystem:u_apb_subsystem|gpio:gen_apb_gpio_0.u_gpio_0|gpio_apbif:x_gpio_apbif|int_gpio_int_polarity[2]                               ; 1                 ; 6       ;
;      - AHB2MEM:U_SRAM|hwdata_mask[16]                                                                                                                  ; 1                 ; 6       ;
;      - spi_flash_apb_ctrl:u_spi_flash_apb_ctrl|rbuf_reg[18]                                                                                            ; 1                 ; 6       ;
;      - cmsdk_apb_subsystem:u_apb_subsystem|cmsdk_apb_uart:gen_apb_uart_1.u_apb_uart_1|reg_baud_div[18]                                                 ; 1                 ; 6       ;
;      - cmsdk_apb_subsystem:u_apb_subsystem|cmsdk_apb_timer:gen_apb_timer_0.u_apb_timer_0|reg_reload_val[18]                                            ; 1                 ; 6       ;
;      - cmsdk_apb_subsystem:u_apb_subsystem|cmsdk_apb_timer:gen_apb_timer_0.u_apb_timer_0|reg_reload_val[10]                                            ; 1                 ; 6       ;
;      - cmsdk_apb_subsystem:u_apb_subsystem|cmsdk_apb_uart:gen_apb_uart_1.u_apb_uart_1|reg_baud_div[10]                                                 ; 1                 ; 6       ;
;      - spi_flash_apb_ctrl:u_spi_flash_apb_ctrl|rbuf_reg[10]                                                                                            ; 1                 ; 6       ;
;      - cmsdk_apb_subsystem:u_apb_subsystem|cmsdk_apb_timer:gen_apb_timer_0.u_apb_timer_0|reg_reload_val[15]                                            ; 1                 ; 6       ;
;      - spi_flash_apb_ctrl:u_spi_flash_apb_ctrl|rbuf_reg[15]                                                                                            ; 1                 ; 6       ;
;      - cmsdk_apb_subsystem:u_apb_subsystem|cmsdk_apb_uart:gen_apb_uart_1.u_apb_uart_1|reg_baud_div[15]                                                 ; 1                 ; 6       ;
;      - cmsdk_apb_subsystem:u_apb_subsystem|cmsdk_apb_timer:gen_apb_timer_0.u_apb_timer_0|read_mux_byte0_reg[7]                                         ; 1                 ; 6       ;
;      - cmsdk_apb_subsystem:u_apb_subsystem|cmsdk_apb_uart:gen_apb_uart_1.u_apb_uart_1|read_mux_byte0_reg[7]                                            ; 1                 ; 6       ;
;      - spi_flash_apb_ctrl:u_spi_flash_apb_ctrl|rbuf_reg[7]                                                                                             ; 1                 ; 6       ;
;      - cmsdk_apb_subsystem:u_apb_subsystem|gpio:gen_apb_gpio_0.u_gpio_0|gpio_apbif:x_gpio_apbif|iprdata[7]                                             ; 1                 ; 6       ;
;      - cmsdk_apb_subsystem:u_apb_subsystem|cmsdk_apb_timer:gen_apb_timer_0.u_apb_timer_0|reg_reload_val[31]                                            ; 1                 ; 6       ;
;      - spi_flash_apb_ctrl:u_spi_flash_apb_ctrl|rbuf_reg[31]                                                                                            ; 1                 ; 6       ;
;      - cmsdk_apb_subsystem:u_apb_subsystem|cmsdk_apb_timer:gen_apb_timer_0.u_apb_timer_0|reg_reload_val[23]                                            ; 1                 ; 6       ;
;      - spi_flash_apb_ctrl:u_spi_flash_apb_ctrl|rbuf_reg[23]                                                                                            ; 1                 ; 6       ;
;      - cmsdk_apb_subsystem:u_apb_subsystem|gpio:gen_apb_gpio_0.u_gpio_0|gpio_apbif:x_gpio_apbif|int_gpio_inttype_level[7]                              ; 1                 ; 6       ;
;      - cmsdk_apb_subsystem:u_apb_subsystem|gpio:gen_apb_gpio_0.u_gpio_0|gpio_apbif:x_gpio_apbif|int_gpio_intmask[7]                                    ; 1                 ; 6       ;
;      - cmsdk_apb_subsystem:u_apb_subsystem|gpio:gen_apb_gpio_0.u_gpio_0|gpio_apbif:x_gpio_apbif|int_gpio_inten[7]                                      ; 1                 ; 6       ;
;      - cmsdk_apb_subsystem:u_apb_subsystem|gpio:gen_apb_gpio_0.u_gpio_0|gpio_apbif:x_gpio_apbif|int_gpio_int_polarity[7]                               ; 1                 ; 6       ;
;      - cmsdk_apb_subsystem:u_apb_subsystem|cmsdk_apb_timer:gen_apb_timer_0.u_apb_timer_0|reg_reload_val[11]                                            ; 1                 ; 6       ;
;      - spi_flash_apb_ctrl:u_spi_flash_apb_ctrl|rbuf_reg[11]                                                                                            ; 1                 ; 6       ;
;      - cmsdk_apb_subsystem:u_apb_subsystem|cmsdk_apb_uart:gen_apb_uart_1.u_apb_uart_1|reg_baud_div[11]                                                 ; 1                 ; 6       ;
;      - cmsdk_apb_subsystem:u_apb_subsystem|cmsdk_apb_timer:gen_apb_timer_0.u_apb_timer_0|reg_reload_val[25]                                            ; 1                 ; 6       ;
;      - spi_flash_apb_ctrl:u_spi_flash_apb_ctrl|rbuf_reg[25]                                                                                            ; 1                 ; 6       ;
;      - cmsdk_apb_subsystem:u_apb_subsystem|cmsdk_apb_uart:gen_apb_uart_1.u_apb_uart_1|reg_rx_overrun                                                   ; 1                 ; 6       ;
;      - cmsdk_apb_subsystem:u_apb_subsystem|cmsdk_apb_uart:gen_apb_uart_1.u_apb_uart_1|reg_tx_overrun                                                   ; 1                 ; 6       ;
;      - cmsdk_apb_subsystem:u_apb_subsystem|cmsdk_apb_uart:gen_apb_uart_1.u_apb_uart_1|reg_ctrl[4]                                                      ; 1                 ; 6       ;
;      - cmsdk_apb_subsystem:u_apb_subsystem|cmsdk_apb_uart:gen_apb_uart_1.u_apb_uart_1|reg_ctrl[5]                                                      ; 1                 ; 6       ;
;      - cmsdk_apb_subsystem:u_apb_subsystem|cmsdk_apb_timer:gen_apb_timer_0.u_apb_timer_0|reg_reload_val[13]                                            ; 1                 ; 6       ;
;      - spi_flash_apb_ctrl:u_spi_flash_apb_ctrl|rbuf_reg[13]                                                                                            ; 1                 ; 6       ;
;      - cmsdk_apb_subsystem:u_apb_subsystem|cmsdk_apb_uart:gen_apb_uart_1.u_apb_uart_1|reg_baud_div[13]                                                 ; 1                 ; 6       ;
;      - cmsdk_apb_subsystem:u_apb_subsystem|cmsdk_apb_timer:gen_apb_timer_0.u_apb_timer_0|reg_reload_val[14]                                            ; 1                 ; 6       ;
;      - spi_flash_apb_ctrl:u_spi_flash_apb_ctrl|rbuf_reg[14]                                                                                            ; 1                 ; 6       ;
;      - cmsdk_apb_subsystem:u_apb_subsystem|cmsdk_apb_uart:gen_apb_uart_1.u_apb_uart_1|reg_baud_div[14]                                                 ; 1                 ; 6       ;
;      - cmsdk_apb_subsystem:u_apb_subsystem|cmsdk_apb_timer:gen_apb_timer_0.u_apb_timer_0|reg_reload_val[12]                                            ; 1                 ; 6       ;
;      - spi_flash_apb_ctrl:u_spi_flash_apb_ctrl|rbuf_reg[12]                                                                                            ; 1                 ; 6       ;
;      - cmsdk_apb_subsystem:u_apb_subsystem|cmsdk_apb_uart:gen_apb_uart_1.u_apb_uart_1|reg_baud_div[12]                                                 ; 1                 ; 6       ;
;      - spi_flash_apb_ctrl:u_spi_flash_apb_ctrl|wbuf_reg[21]                                                                                            ; 1                 ; 6       ;
;      - spi_flash_apb_ctrl:u_spi_flash_apb_ctrl|wbuf_reg[13]                                                                                            ; 1                 ; 6       ;
;      - spi_flash_apb_ctrl:u_spi_flash_apb_ctrl|wbuf_reg[5]                                                                                             ; 1                 ; 6       ;
;      - spi_flash_apb_ctrl:u_spi_flash_apb_ctrl|wbuf_reg[29]                                                                                            ; 1                 ; 6       ;
;      - spi_flash_apb_ctrl:u_spi_flash_apb_ctrl|wbuf_reg[14]                                                                                            ; 1                 ; 6       ;
;      - spi_flash_apb_ctrl:u_spi_flash_apb_ctrl|wbuf_reg[22]                                                                                            ; 1                 ; 6       ;
;      - spi_flash_apb_ctrl:u_spi_flash_apb_ctrl|wbuf_reg[6]                                                                                             ; 1                 ; 6       ;
;      - spi_flash_apb_ctrl:u_spi_flash_apb_ctrl|wbuf_reg[30]                                                                                            ; 1                 ; 6       ;
;      - spi_flash_apb_ctrl:u_spi_flash_apb_ctrl|wbuf_reg[12]                                                                                            ; 1                 ; 6       ;
;      - spi_flash_apb_ctrl:u_spi_flash_apb_ctrl|wbuf_reg[20]                                                                                            ; 1                 ; 6       ;
;      - spi_flash_apb_ctrl:u_spi_flash_apb_ctrl|wbuf_reg[4]                                                                                             ; 1                 ; 6       ;
;      - spi_flash_apb_ctrl:u_spi_flash_apb_ctrl|wbuf_reg[28]                                                                                            ; 1                 ; 6       ;
;      - spi_flash_apb_ctrl:u_spi_flash_apb_ctrl|wbuf_reg[10]                                                                                            ; 1                 ; 6       ;
;      - spi_flash_apb_ctrl:u_spi_flash_apb_ctrl|wbuf_reg[18]                                                                                            ; 1                 ; 6       ;
;      - spi_flash_apb_ctrl:u_spi_flash_apb_ctrl|wbuf_reg[2]                                                                                             ; 1                 ; 6       ;
;      - spi_flash_apb_ctrl:u_spi_flash_apb_ctrl|wbuf_reg[26]                                                                                            ; 1                 ; 6       ;
;      - spi_flash_apb_ctrl:u_spi_flash_apb_ctrl|wbuf_reg[17]                                                                                            ; 1                 ; 6       ;
;      - spi_flash_apb_ctrl:u_spi_flash_apb_ctrl|wbuf_reg[9]                                                                                             ; 1                 ; 6       ;
;      - spi_flash_apb_ctrl:u_spi_flash_apb_ctrl|wbuf_reg[1]                                                                                             ; 1                 ; 6       ;
;      - spi_flash_apb_ctrl:u_spi_flash_apb_ctrl|wbuf_reg[25]                                                                                            ; 1                 ; 6       ;
;      - spi_flash_apb_ctrl:u_spi_flash_apb_ctrl|wbuf_reg[8]                                                                                             ; 1                 ; 6       ;
;      - spi_flash_apb_ctrl:u_spi_flash_apb_ctrl|wbuf_reg[16]                                                                                            ; 1                 ; 6       ;
;      - spi_flash_apb_ctrl:u_spi_flash_apb_ctrl|wbuf_reg[0]                                                                                             ; 1                 ; 6       ;
;      - spi_flash_apb_ctrl:u_spi_flash_apb_ctrl|wbuf_reg[24]                                                                                            ; 1                 ; 6       ;
;      - spi_flash_apb_ctrl:u_spi_flash_apb_ctrl|wbuf_reg[19]                                                                                            ; 1                 ; 6       ;
;      - spi_flash_apb_ctrl:u_spi_flash_apb_ctrl|wbuf_reg[11]                                                                                            ; 1                 ; 6       ;
;      - spi_flash_apb_ctrl:u_spi_flash_apb_ctrl|wbuf_reg[3]                                                                                             ; 1                 ; 6       ;
;      - spi_flash_apb_ctrl:u_spi_flash_apb_ctrl|wbuf_reg[27]                                                                                            ; 1                 ; 6       ;
;      - cmsdk_apb_subsystem:u_apb_subsystem|cmsdk_apb_uart:gen_apb_uart_1.u_apb_uart_1|reg_tx_buf[2]                                                    ; 1                 ; 6       ;
;      - cmsdk_apb_subsystem:u_apb_subsystem|cmsdk_apb_uart:gen_apb_uart_1.u_apb_uart_1|tx_shift_buf[3]                                                  ; 1                 ; 6       ;
;      - cmsdk_apb_subsystem:u_apb_subsystem|cmsdk_apb_uart:gen_apb_uart_1.u_apb_uart_1|reg_baud_div[5]                                                  ; 1                 ; 6       ;
;      - cmsdk_apb_subsystem:u_apb_subsystem|cmsdk_apb_uart:gen_apb_uart_1.u_apb_uart_1|baud_updated                                                     ; 1                 ; 6       ;
;      - cmsdk_apb_subsystem:u_apb_subsystem|cmsdk_apb_uart:gen_apb_uart_1.u_apb_uart_1|reg_baud_div[6]                                                  ; 1                 ; 6       ;
;      - cmsdk_apb_subsystem:u_apb_subsystem|cmsdk_apb_uart:gen_apb_uart_1.u_apb_uart_1|reg_baud_div[7]                                                  ; 1                 ; 6       ;
;      - cmsdk_apb_subsystem:u_apb_subsystem|cmsdk_apb_uart:gen_apb_uart_1.u_apb_uart_1|reg_baud_div[8]                                                  ; 1                 ; 6       ;
;      - cmsdk_apb_subsystem:u_apb_subsystem|cmsdk_apb_uart:gen_apb_uart_1.u_apb_uart_1|reg_baud_div[16]                                                 ; 1                 ; 6       ;
;      - cmsdk_apb_subsystem:u_apb_subsystem|cmsdk_apb_uart:gen_apb_uart_1.u_apb_uart_1|reg_baud_div[17]                                                 ; 1                 ; 6       ;
;      - cmsdk_apb_subsystem:u_apb_subsystem|cmsdk_apb_uart:gen_apb_uart_1.u_apb_uart_1|reg_baud_div[4]                                                  ; 1                 ; 6       ;
;      - cmsdk_apb_subsystem:u_apb_subsystem|cmsdk_apb_uart:gen_apb_uart_1.u_apb_uart_1|reg_baud_div[19]                                                 ; 1                 ; 6       ;
;      - cmsdk_apb_subsystem:u_apb_subsystem|cmsdk_apb_timer:gen_apb_timer_0.u_apb_timer_0|read_mux_byte0_reg[1]                                         ; 1                 ; 6       ;
;      - cmsdk_apb_subsystem:u_apb_subsystem|gpio:gen_apb_gpio_0.u_gpio_0|gpio_apbif:x_gpio_apbif|iprdata[1]                                             ; 1                 ; 6       ;
;      - spi_flash_apb_ctrl:u_spi_flash_apb_ctrl|rbuf_reg[1]                                                                                             ; 1                 ; 6       ;
;      - cmsdk_apb_subsystem:u_apb_subsystem|gpio:gen_apb_gpio_0.u_gpio_0|gpio_apbif:x_gpio_apbif|int_gpio_inttype_level[1]                              ; 1                 ; 6       ;
;      - cmsdk_apb_subsystem:u_apb_subsystem|gpio:gen_apb_gpio_0.u_gpio_0|gpio_apbif:x_gpio_apbif|int_gpio_intmask[1]                                    ; 1                 ; 6       ;
;      - cmsdk_apb_subsystem:u_apb_subsystem|gpio:gen_apb_gpio_0.u_gpio_0|gpio_apbif:x_gpio_apbif|int_gpio_inten[1]                                      ; 1                 ; 6       ;
;      - cmsdk_apb_subsystem:u_apb_subsystem|gpio:gen_apb_gpio_0.u_gpio_0|gpio_apbif:x_gpio_apbif|int_gpio_int_polarity[1]                               ; 1                 ; 6       ;
;      - spi_flash_apb_ctrl:u_spi_flash_apb_ctrl|rbuf_reg[17]                                                                                            ; 1                 ; 6       ;
;      - cmsdk_apb_subsystem:u_apb_subsystem|cmsdk_apb_timer:gen_apb_timer_0.u_apb_timer_0|reg_reload_val[17]                                            ; 1                 ; 6       ;
;      - cmsdk_apb_subsystem:u_apb_subsystem|cmsdk_apb_timer:gen_apb_timer_0.u_apb_timer_0|read_mux_byte0_reg[0]                                         ; 1                 ; 6       ;
;      - audio_ctrl_apb:u_audio_ctrl_apb|fifo_en                                                                                                         ; 1                 ; 6       ;
;      - spi_flash_apb_ctrl:u_spi_flash_apb_ctrl|rbuf_reg[0]                                                                                             ; 1                 ; 6       ;
;      - cmsdk_apb_subsystem:u_apb_subsystem|gpio:gen_apb_gpio_0.u_gpio_0|gpio_apbif:x_gpio_apbif|iprdata[0]                                             ; 1                 ; 6       ;
;      - cmsdk_apb_subsystem:u_apb_subsystem|cmsdk_apb_timer:gen_apb_timer_0.u_apb_timer_0|read_mux_byte0_reg[6]                                         ; 1                 ; 6       ;
;      - cmsdk_apb_subsystem:u_apb_subsystem|cmsdk_apb_uart:gen_apb_uart_1.u_apb_uart_1|read_mux_byte0_reg[6]                                            ; 1                 ; 6       ;
;      - cmsdk_apb_subsystem:u_apb_subsystem|gpio:gen_apb_gpio_0.u_gpio_0|gpio_apbif:x_gpio_apbif|iprdata[6]                                             ; 1                 ; 6       ;
;      - spi_flash_apb_ctrl:u_spi_flash_apb_ctrl|underflow_reg                                                                                           ; 1                 ; 6       ;
;      - spi_flash_apb_ctrl:u_spi_flash_apb_ctrl|rbuf_reg[6]                                                                                             ; 1                 ; 6       ;
;      - cmsdk_apb_subsystem:u_apb_subsystem|cmsdk_apb_timer:gen_apb_timer_0.u_apb_timer_0|read_mux_byte0_reg[5]                                         ; 1                 ; 6       ;
;      - cmsdk_apb_subsystem:u_apb_subsystem|cmsdk_apb_uart:gen_apb_uart_1.u_apb_uart_1|read_mux_byte0_reg[5]                                            ; 1                 ; 6       ;
;      - cmsdk_apb_subsystem:u_apb_subsystem|gpio:gen_apb_gpio_0.u_gpio_0|gpio_apbif:x_gpio_apbif|iprdata[5]                                             ; 1                 ; 6       ;
;      - spi_flash_apb_ctrl:u_spi_flash_apb_ctrl|overflow_reg                                                                                            ; 1                 ; 6       ;
;      - spi_flash_apb_ctrl:u_spi_flash_apb_ctrl|rbuf_reg[5]                                                                                             ; 1                 ; 6       ;
;      - cmsdk_apb_subsystem:u_apb_subsystem|cmsdk_apb_timer:gen_apb_timer_0.u_apb_timer_0|read_mux_byte0_reg[4]                                         ; 1                 ; 6       ;
;      - cmsdk_apb_subsystem:u_apb_subsystem|cmsdk_apb_uart:gen_apb_uart_1.u_apb_uart_1|read_mux_byte0_reg[4]                                            ; 1                 ; 6       ;
;      - cmsdk_apb_subsystem:u_apb_subsystem|gpio:gen_apb_gpio_0.u_gpio_0|gpio_apbif:x_gpio_apbif|iprdata[4]                                             ; 1                 ; 6       ;
;      - spi_flash_apb_ctrl:u_spi_flash_apb_ctrl|rbuf_reg[4]                                                                                             ; 1                 ; 6       ;
;      - cmsdk_apb_subsystem:u_apb_subsystem|cmsdk_apb_timer:gen_apb_timer_0.u_apb_timer_0|reg_reload_val[8]                                             ; 1                 ; 6       ;
;      - spi_flash_apb_ctrl:u_spi_flash_apb_ctrl|rbuf_reg[8]                                                                                             ; 1                 ; 6       ;
;      - audio_ctrl_apb:u_audio_ctrl_apb|underflow_sticky                                                                                                ; 1                 ; 6       ;
;      - spi_flash_apb_ctrl:u_spi_flash_apb_ctrl|rbuf_reg[3]                                                                                             ; 1                 ; 6       ;
;      - cmsdk_apb_subsystem:u_apb_subsystem|cmsdk_apb_timer:gen_apb_timer_0.u_apb_timer_0|read_mux_byte0_reg[3]                                         ; 1                 ; 6       ;
;      - cmsdk_apb_subsystem:u_apb_subsystem|gpio:gen_apb_gpio_0.u_gpio_0|gpio_apbif:x_gpio_apbif|iprdata[3]                                             ; 1                 ; 6       ;
;      - cmsdk_apb_subsystem:u_apb_subsystem|cmsdk_apb_timer:gen_apb_timer_0.u_apb_timer_0|reg_reload_val[22]                                            ; 1                 ; 6       ;
;      - spi_flash_apb_ctrl:u_spi_flash_apb_ctrl|rbuf_reg[22]                                                                                            ; 1                 ; 6       ;
;      - cmsdk_apb_subsystem:u_apb_subsystem|cmsdk_apb_timer:gen_apb_timer_0.u_apb_timer_0|reg_reload_val[21]                                            ; 1                 ; 6       ;
;      - spi_flash_apb_ctrl:u_spi_flash_apb_ctrl|rbuf_reg[21]                                                                                            ; 1                 ; 6       ;
;      - cmsdk_apb_subsystem:u_apb_subsystem|cmsdk_apb_timer:gen_apb_timer_0.u_apb_timer_0|reg_reload_val[20]                                            ; 1                 ; 6       ;
;      - spi_flash_apb_ctrl:u_spi_flash_apb_ctrl|rbuf_reg[20]                                                                                            ; 1                 ; 6       ;
;      - cmsdk_apb_subsystem:u_apb_subsystem|cmsdk_apb_timer:gen_apb_timer_0.u_apb_timer_0|reg_reload_val[24]                                            ; 1                 ; 6       ;
;      - spi_flash_apb_ctrl:u_spi_flash_apb_ctrl|rbuf_reg[24]                                                                                            ; 1                 ; 6       ;
;      - cmsdk_apb_subsystem:u_apb_subsystem|cmsdk_apb_timer:gen_apb_timer_0.u_apb_timer_0|reg_reload_val[27]                                            ; 1                 ; 6       ;
;      - spi_flash_apb_ctrl:u_spi_flash_apb_ctrl|rbuf_reg[27]                                                                                            ; 1                 ; 6       ;
;      - spi_flash_apb_ctrl:u_spi_flash_apb_ctrl|rbuf_reg[16]                                                                                            ; 1                 ; 6       ;
;      - cmsdk_apb_subsystem:u_apb_subsystem|cmsdk_apb_timer:gen_apb_timer_0.u_apb_timer_0|reg_reload_val[16]                                            ; 1                 ; 6       ;
;      - spi_flash_apb_ctrl:u_spi_flash_apb_ctrl|rbuf_reg[19]                                                                                            ; 1                 ; 6       ;
;      - cmsdk_apb_subsystem:u_apb_subsystem|cmsdk_apb_timer:gen_apb_timer_0.u_apb_timer_0|reg_reload_val[19]                                            ; 1                 ; 6       ;
;      - cmsdk_apb_subsystem:u_apb_subsystem|cmsdk_apb_timer:gen_apb_timer_0.u_apb_timer_0|reg_reload_val[30]                                            ; 1                 ; 6       ;
;      - spi_flash_apb_ctrl:u_spi_flash_apb_ctrl|rbuf_reg[30]                                                                                            ; 1                 ; 6       ;
;      - cmsdk_apb_subsystem:u_apb_subsystem|cmsdk_apb_timer:gen_apb_timer_0.u_apb_timer_0|reg_reload_val[29]                                            ; 1                 ; 6       ;
;      - spi_flash_apb_ctrl:u_spi_flash_apb_ctrl|rbuf_reg[29]                                                                                            ; 1                 ; 6       ;
;      - cmsdk_apb_subsystem:u_apb_subsystem|cmsdk_apb_timer:gen_apb_timer_0.u_apb_timer_0|reg_reload_val[28]                                            ; 1                 ; 6       ;
;      - spi_flash_apb_ctrl:u_spi_flash_apb_ctrl|rbuf_reg[28]                                                                                            ; 1                 ; 6       ;
;      - cmsdk_apb_subsystem:u_apb_subsystem|cmsdk_apb_timer:gen_apb_timer_0.u_apb_timer_0|reg_timer_int                                                 ; 1                 ; 6       ;
;      - cmsdk_apb_subsystem:u_apb_subsystem|gpio:gen_apb_gpio_0.u_gpio_0|gpio_apbif:x_gpio_apbif|int_gpio_inttype_level[0]                              ; 1                 ; 6       ;
;      - cmsdk_apb_subsystem:u_apb_subsystem|gpio:gen_apb_gpio_0.u_gpio_0|gpio_apbif:x_gpio_apbif|int_gpio_intmask[0]                                    ; 1                 ; 6       ;
;      - cmsdk_apb_subsystem:u_apb_subsystem|gpio:gen_apb_gpio_0.u_gpio_0|gpio_apbif:x_gpio_apbif|int_gpio_inten[0]                                      ; 1                 ; 6       ;
;      - cmsdk_apb_subsystem:u_apb_subsystem|gpio:gen_apb_gpio_0.u_gpio_0|gpio_apbif:x_gpio_apbif|int_gpio_int_polarity[0]                               ; 1                 ; 6       ;
;      - cmsdk_apb_subsystem:u_apb_subsystem|gpio:gen_apb_gpio_0.u_gpio_0|gpio_apbif:x_gpio_apbif|int_gpio_inttype_level[3]                              ; 1                 ; 6       ;
;      - cmsdk_apb_subsystem:u_apb_subsystem|gpio:gen_apb_gpio_0.u_gpio_0|gpio_apbif:x_gpio_apbif|int_gpio_intmask[3]                                    ; 1                 ; 6       ;
;      - cmsdk_apb_subsystem:u_apb_subsystem|gpio:gen_apb_gpio_0.u_gpio_0|gpio_apbif:x_gpio_apbif|int_gpio_inten[3]                                      ; 1                 ; 6       ;
;      - cmsdk_apb_subsystem:u_apb_subsystem|gpio:gen_apb_gpio_0.u_gpio_0|gpio_apbif:x_gpio_apbif|int_gpio_int_polarity[3]                               ; 1                 ; 6       ;
;      - cmsdk_apb_subsystem:u_apb_subsystem|gpio:gen_apb_gpio_0.u_gpio_0|gpio_apbif:x_gpio_apbif|int_gpio_inttype_level[5]                              ; 1                 ; 6       ;
;      - cmsdk_apb_subsystem:u_apb_subsystem|gpio:gen_apb_gpio_0.u_gpio_0|gpio_apbif:x_gpio_apbif|int_gpio_intmask[5]                                    ; 1                 ; 6       ;
;      - cmsdk_apb_subsystem:u_apb_subsystem|gpio:gen_apb_gpio_0.u_gpio_0|gpio_apbif:x_gpio_apbif|int_gpio_inten[5]                                      ; 1                 ; 6       ;
;      - cmsdk_apb_subsystem:u_apb_subsystem|gpio:gen_apb_gpio_0.u_gpio_0|gpio_apbif:x_gpio_apbif|int_gpio_int_polarity[5]                               ; 1                 ; 6       ;
;      - cmsdk_apb_subsystem:u_apb_subsystem|gpio:gen_apb_gpio_0.u_gpio_0|gpio_apbif:x_gpio_apbif|int_gpio_inttype_level[4]                              ; 1                 ; 6       ;
;      - cmsdk_apb_subsystem:u_apb_subsystem|gpio:gen_apb_gpio_0.u_gpio_0|gpio_apbif:x_gpio_apbif|int_gpio_intmask[4]                                    ; 1                 ; 6       ;
;      - cmsdk_apb_subsystem:u_apb_subsystem|gpio:gen_apb_gpio_0.u_gpio_0|gpio_apbif:x_gpio_apbif|int_gpio_inten[4]                                      ; 1                 ; 6       ;
;      - cmsdk_apb_subsystem:u_apb_subsystem|gpio:gen_apb_gpio_0.u_gpio_0|gpio_apbif:x_gpio_apbif|int_gpio_int_polarity[4]                               ; 1                 ; 6       ;
;      - cmsdk_apb_subsystem:u_apb_subsystem|gpio:gen_apb_gpio_0.u_gpio_0|gpio_apbif:x_gpio_apbif|int_gpio_inttype_level[6]                              ; 1                 ; 6       ;
;      - cmsdk_apb_subsystem:u_apb_subsystem|gpio:gen_apb_gpio_0.u_gpio_0|gpio_apbif:x_gpio_apbif|int_gpio_intmask[6]                                    ; 1                 ; 6       ;
;      - cmsdk_apb_subsystem:u_apb_subsystem|gpio:gen_apb_gpio_0.u_gpio_0|gpio_apbif:x_gpio_apbif|int_gpio_inten[6]                                      ; 1                 ; 6       ;
;      - cmsdk_apb_subsystem:u_apb_subsystem|gpio:gen_apb_gpio_0.u_gpio_0|gpio_apbif:x_gpio_apbif|int_gpio_int_polarity[6]                               ; 1                 ; 6       ;
;      - cmsdk_apb_subsystem:u_apb_subsystem|cmsdk_apb_uart:gen_apb_uart_1.u_apb_uart_1|reg_txintr                                                       ; 1                 ; 6       ;
;      - BusMatrix3x3:u_BusMatrix3x3|InputStage:u_InputStage_2|reg_addr[28]                                                                              ; 1                 ; 6       ;
;      - BusMatrix3x3:u_BusMatrix3x3|InputStage:u_InputStage_2|reg_addr[27]                                                                              ; 1                 ; 6       ;
;      - BusMatrix3x3:u_BusMatrix3x3|InputStage:u_InputStage_2|reg_addr[26]                                                                              ; 1                 ; 6       ;
;      - BusMatrix3x3:u_BusMatrix3x3|InputStage:u_InputStage_2|reg_addr[25]                                                                              ; 1                 ; 6       ;
;      - BusMatrix3x3:u_BusMatrix3x3|InputStage:u_InputStage_2|reg_addr[20]                                                                              ; 1                 ; 6       ;
;      - BusMatrix3x3:u_BusMatrix3x3|InputStage:u_InputStage_2|reg_addr[19]                                                                              ; 1                 ; 6       ;
;      - BusMatrix3x3:u_BusMatrix3x3|InputStage:u_InputStage_2|reg_addr[18]                                                                              ; 1                 ; 6       ;
;      - BusMatrix3x3:u_BusMatrix3x3|InputStage:u_InputStage_2|reg_addr[17]                                                                              ; 1                 ; 6       ;
;      - BusMatrix3x3:u_BusMatrix3x3|InputStage:u_InputStage_2|reg_addr[16]                                                                              ; 1                 ; 6       ;
;      - BusMatrix3x3:u_BusMatrix3x3|InputStage:u_InputStage_2|reg_addr[24]                                                                              ; 1                 ; 6       ;
;      - BusMatrix3x3:u_BusMatrix3x3|InputStage:u_InputStage_2|reg_addr[23]                                                                              ; 1                 ; 6       ;
;      - BusMatrix3x3:u_BusMatrix3x3|InputStage:u_InputStage_2|reg_addr[22]                                                                              ; 1                 ; 6       ;
;      - BusMatrix3x3:u_BusMatrix3x3|InputStage:u_InputStage_2|reg_addr[21]                                                                              ; 1                 ; 6       ;
;      - BusMatrix3x3:u_BusMatrix3x3|OutputStage:u_outputstage_0|cmsdk_ahb_bm_output_arb:u_output_arb|reg_burst_remain[3]                                ; 1                 ; 6       ;
;      - BusMatrix3x3:u_BusMatrix3x3|OutputStage:u_outputstage_0|cmsdk_ahb_bm_output_arb:u_output_arb|reg_burst_remain[2]                                ; 1                 ; 6       ;
;      - BusMatrix3x3:u_BusMatrix3x3|OutputStage:u_outputstage_0|cmsdk_ahb_bm_output_arb:u_output_arb|reg_burst_remain[1]                                ; 1                 ; 6       ;
;      - BusMatrix3x3:u_BusMatrix3x3|OutputStage:u_outputstage_0|cmsdk_ahb_bm_output_arb:u_output_arb|reg_burst_remain[0]                                ; 1                 ; 6       ;
;      - BusMatrix3x3:u_BusMatrix3x3|InputStage:u_InputStage_1|burst_override                                                                            ; 1                 ; 6       ;
;      - BusMatrix3x3:u_BusMatrix3x3|InputStage:u_InputStage_1|reg_trans[0]                                                                              ; 1                 ; 6       ;
;      - BusMatrix3x3:u_BusMatrix3x3|InputStage:u_InputStage_1|reg_trans[1]                                                                              ; 1                 ; 6       ;
;      - BusMatrix3x3:u_BusMatrix3x3|InputStage:u_InputStage_1|reg_burst[0]                                                                              ; 1                 ; 6       ;
;      - BusMatrix3x3:u_BusMatrix3x3|InputStage:u_InputStage_0|burst_override                                                                            ; 1                 ; 6       ;
;      - BusMatrix3x3:u_BusMatrix3x3|InputStage:u_InputStage_0|reg_trans[0]                                                                              ; 1                 ; 6       ;
;      - BusMatrix3x3:u_BusMatrix3x3|InputStage:u_InputStage_0|reg_trans[1]                                                                              ; 1                 ; 6       ;
;      - BusMatrix3x3:u_BusMatrix3x3|InputStage:u_InputStage_0|reg_burst[0]                                                                              ; 1                 ; 6       ;
;      - BusMatrix3x3:u_BusMatrix3x3|OutputStage:u_outputstage_0|cmsdk_ahb_bm_output_arb:u_output_arb|reg_early_incr_count[1]                            ; 1                 ; 6       ;
;      - BusMatrix3x3:u_BusMatrix3x3|OutputStage:u_outputstage_0|cmsdk_ahb_bm_output_arb:u_output_arb|reg_early_incr_count[0]                            ; 1                 ; 6       ;
;      - BusMatrix3x3:u_BusMatrix3x3|OutputStage:u_outputstage_0|cmsdk_ahb_bm_output_arb:u_output_arb|reg_burst_hold                                     ; 1                 ; 6       ;
;      - BusMatrix3x3:u_BusMatrix3x3|InputStage:u_InputStage_1|reg_write                                                                                 ; 1                 ; 6       ;
;      - BusMatrix3x3:u_BusMatrix3x3|InputStage:u_InputStage_1|reg_size[1]                                                                               ; 1                 ; 6       ;
;      - BusMatrix3x3:u_BusMatrix3x3|InputStage:u_InputStage_2|reg_size[1]                                                                               ; 1                 ; 6       ;
;      - BusMatrix3x3:u_BusMatrix3x3|InputStage:u_InputStage_0|reg_size[1]                                                                               ; 1                 ; 6       ;
;      - BusMatrix3x3:u_BusMatrix3x3|InputStage:u_InputStage_0|reg_size[0]                                                                               ; 1                 ; 6       ;
;      - BusMatrix3x3:u_BusMatrix3x3|InputStage:u_InputStage_1|reg_size[0]                                                                               ; 1                 ; 6       ;
;      - BusMatrix3x3:u_BusMatrix3x3|InputStage:u_InputStage_0|reg_addr[0]                                                                               ; 1                 ; 6       ;
;      - BusMatrix3x3:u_BusMatrix3x3|InputStage:u_InputStage_1|reg_addr[0]                                                                               ; 1                 ; 6       ;
;      - BusMatrix3x3:u_BusMatrix3x3|InputStage:u_InputStage_0|reg_addr[1]                                                                               ; 1                 ; 6       ;
;      - BusMatrix3x3:u_BusMatrix3x3|InputStage:u_InputStage_1|reg_addr[1]                                                                               ; 1                 ; 6       ;
;      - audio_ctrl_apb:u_audio_ctrl_apb|fifo_clr_pulse                                                                                                  ; 1                 ; 6       ;
;      - i2s_rx_core:u_i2s_rx_core|sample_valid                                                                                                          ; 1                 ; 6       ;
;      - audio_ctrl_apb:u_audio_ctrl_apb|sample_valid_d                                                                                                  ; 1                 ; 6       ;
;      - audio_ctrl_apb:u_audio_ctrl_apb|audio_fifo:u_audio_fifo|comb~0                                                                                  ; 1                 ; 6       ;
;      - i2s_rx_core:u_i2s_rx_core|sample_data[2]                                                                                                        ; 1                 ; 6       ;
;      - audio_ctrl_apb:u_audio_ctrl_apb|audio_fifo:u_audio_fifo|wr_ptr[0]                                                                               ; 1                 ; 6       ;
;      - audio_ctrl_apb:u_audio_ctrl_apb|audio_fifo:u_audio_fifo|wr_ptr[1]                                                                               ; 1                 ; 6       ;
;      - audio_ctrl_apb:u_audio_ctrl_apb|audio_fifo:u_audio_fifo|wr_ptr[2]                                                                               ; 1                 ; 6       ;
;      - audio_ctrl_apb:u_audio_ctrl_apb|audio_fifo:u_audio_fifo|wr_ptr[3]                                                                               ; 1                 ; 6       ;
;      - audio_ctrl_apb:u_audio_ctrl_apb|audio_fifo:u_audio_fifo|rd_ptr[0]                                                                               ; 1                 ; 6       ;
;      - audio_ctrl_apb:u_audio_ctrl_apb|audio_fifo:u_audio_fifo|rd_ptr[1]                                                                               ; 1                 ; 6       ;
;      - audio_ctrl_apb:u_audio_ctrl_apb|audio_fifo:u_audio_fifo|rd_ptr[2]                                                                               ; 1                 ; 6       ;
;      - audio_ctrl_apb:u_audio_ctrl_apb|audio_fifo:u_audio_fifo|rd_ptr[3]                                                                               ; 1                 ; 6       ;
;      - audio_ctrl_apb:u_audio_ctrl_apb|audio_fifo:u_audio_fifo|mem~29                                                                                  ; 1                 ; 6       ;
;      - cmsdk_apb_subsystem:u_apb_subsystem|cmsdk_apb_timer:gen_apb_timer_0.u_apb_timer_0|reg_reload_val[2]                                             ; 1                 ; 6       ;
;      - cmsdk_apb_subsystem:u_apb_subsystem|cmsdk_apb_timer:gen_apb_timer_0.u_apb_timer_0|reg_ctrl[2]                                                   ; 1                 ; 6       ;
;      - cmsdk_apb_subsystem:u_apb_subsystem|cmsdk_apb_timer:gen_apb_timer_0.u_apb_timer_0|ext_in_delay                                                  ; 1                 ; 6       ;
;      - cmsdk_apb_subsystem:u_apb_subsystem|cmsdk_apb_timer:gen_apb_timer_0.u_apb_timer_0|reg_ctrl[1]                                                   ; 1                 ; 6       ;
;      - cmsdk_apb_subsystem:u_apb_subsystem|cmsdk_apb_timer:gen_apb_timer_0.u_apb_timer_0|ext_in_sync2                                                  ; 1                 ; 6       ;
;      - cmsdk_apb_subsystem:u_apb_subsystem|cmsdk_apb_timer:gen_apb_timer_0.u_apb_timer_0|reg_ctrl[0]                                                   ; 1                 ; 6       ;
;      - cmsdk_apb_subsystem:u_apb_subsystem|cmsdk_apb_uart:gen_apb_uart_1.u_apb_uart_1|reg_rx_buf[2]                                                    ; 1                 ; 6       ;
;      - cmsdk_apb_subsystem:u_apb_subsystem|cmsdk_apb_uart:gen_apb_uart_1.u_apb_uart_1|reg_ctrl[2]                                                      ; 1                 ; 6       ;
;      - cmsdk_apb_subsystem:u_apb_subsystem|gpio:gen_apb_gpio_0.u_gpio_0|gpio_apbif:x_gpio_apbif|int_gpio_ls_sync[2]                                    ; 1                 ; 6       ;
;      - spi_flash_apb_ctrl:u_spi_flash_apb_ctrl|spi_module:u_spi_module|spi_rx_data[2]                                                                  ; 1                 ; 6       ;
;      - cmsdk_apb_subsystem:u_apb_subsystem|cmsdk_apb_uart:gen_apb_uart_1.u_apb_uart_1|reg_ctrl[3]                                                      ; 1                 ; 6       ;
;      - cmsdk_apb_subsystem:u_apb_subsystem|cmsdk_apb_uart:gen_apb_uart_1.u_apb_uart_1|rx_state[0]                                                      ; 1                 ; 6       ;
;      - cmsdk_apb_subsystem:u_apb_subsystem|cmsdk_apb_uart:gen_apb_uart_1.u_apb_uart_1|rx_state[3]                                                      ; 1                 ; 6       ;
;      - cmsdk_apb_subsystem:u_apb_subsystem|cmsdk_apb_uart:gen_apb_uart_1.u_apb_uart_1|rx_state[2]                                                      ; 1                 ; 6       ;
;      - cmsdk_apb_subsystem:u_apb_subsystem|cmsdk_apb_uart:gen_apb_uart_1.u_apb_uart_1|rx_state[1]                                                      ; 1                 ; 6       ;
;      - spi_flash_apb_ctrl:u_spi_flash_apb_ctrl|spi_module:u_spi_module|spi_rx_data[1]                                                                  ; 1                 ; 6       ;
;      - i2s_rx_core:u_i2s_rx_core|sample_data[9]                                                                                                        ; 1                 ; 6       ;
;      - i2s_rx_core:u_i2s_rx_core|sample_data[18]                                                                                                       ; 1                 ; 6       ;
;      - i2s_rx_core:u_i2s_rx_core|sample_data[10]                                                                                                       ; 1                 ; 6       ;
;      - spi_flash_apb_ctrl:u_spi_flash_apb_ctrl|spi_module:u_spi_module|spi_rx_data[7]                                                                  ; 1                 ; 6       ;
;      - i2s_rx_core:u_i2s_rx_core|sample_data[15]                                                                                                       ; 1                 ; 6       ;
;      - cmsdk_apb_subsystem:u_apb_subsystem|cmsdk_apb_timer:gen_apb_timer_0.u_apb_timer_0|reg_reload_val[7]                                             ; 1                 ; 6       ;
;      - cmsdk_apb_subsystem:u_apb_subsystem|cmsdk_apb_uart:gen_apb_uart_1.u_apb_uart_1|reg_rx_buf[7]                                                    ; 1                 ; 6       ;
;      - cmsdk_apb_subsystem:u_apb_subsystem|gpio:gen_apb_gpio_0.u_gpio_0|gpio_apbif:x_gpio_apbif|int_gpio_ls_sync[7]                                    ; 1                 ; 6       ;
;      - i2s_rx_core:u_i2s_rx_core|sample_data[7]                                                                                                        ; 1                 ; 6       ;
;      - i2s_rx_core:u_i2s_rx_core|sample_data[23]                                                                                                       ; 1                 ; 6       ;
;      - spi_flash_apb_ctrl:u_spi_flash_apb_ctrl|spi_module:u_spi_module|spi_rx_data[3]                                                                  ; 1                 ; 6       ;
;      - i2s_rx_core:u_i2s_rx_core|sample_data[11]                                                                                                       ; 1                 ; 6       ;
;      - cmsdk_apb_subsystem:u_apb_subsystem|cmsdk_apb_uart:gen_apb_uart_1.u_apb_uart_1|rx_buf_full                                                      ; 1                 ; 6       ;
;      - spi_flash_apb_ctrl:u_spi_flash_apb_ctrl|spi_module:u_spi_module|spi_rx_data[5]                                                                  ; 1                 ; 6       ;
;      - i2s_rx_core:u_i2s_rx_core|sample_data[13]                                                                                                       ; 1                 ; 6       ;
;      - spi_flash_apb_ctrl:u_spi_flash_apb_ctrl|spi_module:u_spi_module|spi_rx_data[6]                                                                  ; 1                 ; 6       ;
;      - i2s_rx_core:u_i2s_rx_core|sample_data[14]                                                                                                       ; 1                 ; 6       ;
;      - spi_flash_apb_ctrl:u_spi_flash_apb_ctrl|spi_module:u_spi_module|spi_rx_data[4]                                                                  ; 1                 ; 6       ;
;      - i2s_rx_core:u_i2s_rx_core|sample_data[12]                                                                                                       ; 1                 ; 6       ;
;      - cmsdk_apb_subsystem:u_apb_subsystem|cmsdk_apb_uart:gen_apb_uart_1.u_apb_uart_1|reg_tx_buf[3]                                                    ; 1                 ; 6       ;
;      - cmsdk_apb_subsystem:u_apb_subsystem|cmsdk_apb_uart:gen_apb_uart_1.u_apb_uart_1|tx_shift_buf[4]                                                  ; 1                 ; 6       ;
;      - i2s_rx_core:u_i2s_rx_core|sample_data[1]                                                                                                        ; 1                 ; 6       ;
;      - cmsdk_apb_subsystem:u_apb_subsystem|cmsdk_apb_timer:gen_apb_timer_0.u_apb_timer_0|reg_reload_val[1]                                             ; 1                 ; 6       ;
;      - cmsdk_apb_subsystem:u_apb_subsystem|cmsdk_apb_uart:gen_apb_uart_1.u_apb_uart_1|reg_rx_buf[1]                                                    ; 1                 ; 6       ;
;      - cmsdk_apb_subsystem:u_apb_subsystem|gpio:gen_apb_gpio_0.u_gpio_0|gpio_apbif:x_gpio_apbif|int_gpio_ls_sync[1]                                    ; 1                 ; 6       ;
;      - i2s_rx_core:u_i2s_rx_core|sample_data[17]                                                                                                       ; 1                 ; 6       ;
;      - cmsdk_apb_subsystem:u_apb_subsystem|cmsdk_apb_timer:gen_apb_timer_0.u_apb_timer_0|reg_reload_val[0]                                             ; 1                 ; 6       ;
;      - cmsdk_apb_subsystem:u_apb_subsystem|cmsdk_apb_uart:gen_apb_uart_1.u_apb_uart_1|reg_rx_buf[0]                                                    ; 1                 ; 6       ;
;      - i2s_rx_core:u_i2s_rx_core|sample_data[0]                                                                                                        ; 1                 ; 6       ;
;      - i2s_rx_core:u_i2s_rx_core|sample_data[6]                                                                                                        ; 1                 ; 6       ;
;      - cmsdk_apb_subsystem:u_apb_subsystem|cmsdk_apb_timer:gen_apb_timer_0.u_apb_timer_0|reg_reload_val[6]                                             ; 1                 ; 6       ;
;      - cmsdk_apb_subsystem:u_apb_subsystem|cmsdk_apb_uart:gen_apb_uart_1.u_apb_uart_1|reg_rx_buf[6]                                                    ; 1                 ; 6       ;
;      - cmsdk_apb_subsystem:u_apb_subsystem|gpio:gen_apb_gpio_0.u_gpio_0|gpio_apbif:x_gpio_apbif|int_gpio_ls_sync[6]                                    ; 1                 ; 6       ;
;      - i2s_rx_core:u_i2s_rx_core|sample_data[5]                                                                                                        ; 1                 ; 6       ;
;      - cmsdk_apb_subsystem:u_apb_subsystem|cmsdk_apb_timer:gen_apb_timer_0.u_apb_timer_0|reg_reload_val[5]                                             ; 1                 ; 6       ;
;      - cmsdk_apb_subsystem:u_apb_subsystem|cmsdk_apb_uart:gen_apb_uart_1.u_apb_uart_1|reg_rx_buf[5]                                                    ; 1                 ; 6       ;
;      - cmsdk_apb_subsystem:u_apb_subsystem|gpio:gen_apb_gpio_0.u_gpio_0|gpio_apbif:x_gpio_apbif|int_gpio_ls_sync[5]                                    ; 1                 ; 6       ;
;      - spi_flash_apb_ctrl:u_spi_flash_apb_ctrl|total_len_reg[23]                                                                                       ; 1                 ; 6       ;
;      - spi_flash_apb_ctrl:u_spi_flash_apb_ctrl|total_len_reg[22]                                                                                       ; 1                 ; 6       ;
;      - spi_flash_apb_ctrl:u_spi_flash_apb_ctrl|total_len_reg[21]                                                                                       ; 1                 ; 6       ;
;      - spi_flash_apb_ctrl:u_spi_flash_apb_ctrl|total_len_reg[20]                                                                                       ; 1                 ; 6       ;
;      - spi_flash_apb_ctrl:u_spi_flash_apb_ctrl|total_len_reg[19]                                                                                       ; 1                 ; 6       ;
;      - spi_flash_apb_ctrl:u_spi_flash_apb_ctrl|total_len_reg[18]                                                                                       ; 1                 ; 6       ;
;      - spi_flash_apb_ctrl:u_spi_flash_apb_ctrl|total_len_reg[17]                                                                                       ; 1                 ; 6       ;
;      - spi_flash_apb_ctrl:u_spi_flash_apb_ctrl|total_len_reg[16]                                                                                       ; 1                 ; 6       ;
;      - spi_flash_apb_ctrl:u_spi_flash_apb_ctrl|total_len_reg[15]                                                                                       ; 1                 ; 6       ;
;      - spi_flash_apb_ctrl:u_spi_flash_apb_ctrl|total_len_reg[14]                                                                                       ; 1                 ; 6       ;
;      - spi_flash_apb_ctrl:u_spi_flash_apb_ctrl|total_len_reg[13]                                                                                       ; 1                 ; 6       ;
;      - spi_flash_apb_ctrl:u_spi_flash_apb_ctrl|total_len_reg[12]                                                                                       ; 1                 ; 6       ;
;      - spi_flash_apb_ctrl:u_spi_flash_apb_ctrl|total_len_reg[11]                                                                                       ; 1                 ; 6       ;
;      - spi_flash_apb_ctrl:u_spi_flash_apb_ctrl|total_len_reg[10]                                                                                       ; 1                 ; 6       ;
;      - spi_flash_apb_ctrl:u_spi_flash_apb_ctrl|total_len_reg[9]                                                                                        ; 1                 ; 6       ;
;      - spi_flash_apb_ctrl:u_spi_flash_apb_ctrl|total_len_reg[8]                                                                                        ; 1                 ; 6       ;
;      - spi_flash_apb_ctrl:u_spi_flash_apb_ctrl|total_len_reg[7]                                                                                        ; 1                 ; 6       ;
;      - spi_flash_apb_ctrl:u_spi_flash_apb_ctrl|total_len_reg[6]                                                                                        ; 1                 ; 6       ;
;      - spi_flash_apb_ctrl:u_spi_flash_apb_ctrl|total_len_reg[5]                                                                                        ; 1                 ; 6       ;
;      - spi_flash_apb_ctrl:u_spi_flash_apb_ctrl|total_len_reg[4]                                                                                        ; 1                 ; 6       ;
;      - spi_flash_apb_ctrl:u_spi_flash_apb_ctrl|total_len_reg[3]                                                                                        ; 1                 ; 6       ;
;      - spi_flash_apb_ctrl:u_spi_flash_apb_ctrl|total_len_reg[2]                                                                                        ; 1                 ; 6       ;
;      - spi_flash_apb_ctrl:u_spi_flash_apb_ctrl|total_len_reg[1]                                                                                        ; 1                 ; 6       ;
;      - spi_flash_apb_ctrl:u_spi_flash_apb_ctrl|total_len_reg[0]                                                                                        ; 1                 ; 6       ;
;      - i2s_rx_core:u_i2s_rx_core|sample_data[4]                                                                                                        ; 1                 ; 6       ;
;      - cmsdk_apb_subsystem:u_apb_subsystem|cmsdk_apb_timer:gen_apb_timer_0.u_apb_timer_0|reg_reload_val[4]                                             ; 1                 ; 6       ;
;      - cmsdk_apb_subsystem:u_apb_subsystem|cmsdk_apb_uart:gen_apb_uart_1.u_apb_uart_1|reg_rx_buf[4]                                                    ; 1                 ; 6       ;
;      - cmsdk_apb_subsystem:u_apb_subsystem|gpio:gen_apb_gpio_0.u_gpio_0|gpio_apbif:x_gpio_apbif|int_gpio_ls_sync[4]                                    ; 1                 ; 6       ;
;      - i2s_rx_core:u_i2s_rx_core|sample_data[8]                                                                                                        ; 1                 ; 6       ;
;      - i2s_rx_core:u_i2s_rx_core|sample_data[3]                                                                                                        ; 1                 ; 6       ;
;      - cmsdk_apb_subsystem:u_apb_subsystem|cmsdk_apb_timer:gen_apb_timer_0.u_apb_timer_0|reg_reload_val[3]                                             ; 1                 ; 6       ;
;      - cmsdk_apb_subsystem:u_apb_subsystem|cmsdk_apb_timer:gen_apb_timer_0.u_apb_timer_0|reg_ctrl[3]                                                   ; 1                 ; 6       ;
;      - cmsdk_apb_subsystem:u_apb_subsystem|cmsdk_apb_uart:gen_apb_uart_1.u_apb_uart_1|reg_rx_buf[3]                                                    ; 1                 ; 6       ;
;      - cmsdk_apb_subsystem:u_apb_subsystem|gpio:gen_apb_gpio_0.u_gpio_0|gpio_apbif:x_gpio_apbif|int_gpio_ls_sync[3]                                    ; 1                 ; 6       ;
;      - i2s_rx_core:u_i2s_rx_core|sample_data[22]                                                                                                       ; 1                 ; 6       ;
;      - i2s_rx_core:u_i2s_rx_core|sample_data[21]                                                                                                       ; 1                 ; 6       ;
;      - i2s_rx_core:u_i2s_rx_core|sample_data[20]                                                                                                       ; 1                 ; 6       ;
;      - i2s_rx_core:u_i2s_rx_core|sample_data[16]                                                                                                       ; 1                 ; 6       ;
;      - i2s_rx_core:u_i2s_rx_core|sample_data[19]                                                                                                       ; 1                 ; 6       ;
;      - i2s_rx_core:u_i2s_rx_core|cnt[4]                                                                                                                ; 1                 ; 6       ;
;      - i2s_rx_core:u_i2s_rx_core|cnt[3]                                                                                                                ; 1                 ; 6       ;
;      - i2s_rx_core:u_i2s_rx_core|cnt[2]                                                                                                                ; 1                 ; 6       ;
;      - i2s_rx_core:u_i2s_rx_core|cnt[0]                                                                                                                ; 1                 ; 6       ;
;      - i2s_rx_core:u_i2s_rx_core|cnt[1]                                                                                                                ; 1                 ; 6       ;
;      - i2s_rx_core:u_i2s_rx_core|state.LEFT                                                                                                            ; 1                 ; 6       ;
;      - i2s_rx_core:u_i2s_rx_core|cnt[5]                                                                                                                ; 1                 ; 6       ;
;      - i2s_rx_core:u_i2s_rx_core|shift_reg[9]                                                                                                          ; 1                 ; 6       ;
;      - cmsdk_apb_subsystem:u_apb_subsystem|cmsdk_apb_timer:gen_apb_timer_0.u_apb_timer_0|ext_in_sync1                                                  ; 1                 ; 6       ;
;      - cmsdk_apb_subsystem:u_apb_subsystem|cmsdk_apb_uart:gen_apb_uart_1.u_apb_uart_1|rx_shift_buf[2]                                                  ; 1                 ; 6       ;
;      - cmsdk_apb_subsystem:u_apb_subsystem|cmsdk_apb_uart:gen_apb_uart_1.u_apb_uart_1|rxd_lpf[1]                                                       ; 1                 ; 6       ;
;      - cmsdk_apb_subsystem:u_apb_subsystem|cmsdk_apb_uart:gen_apb_uart_1.u_apb_uart_1|rxd_lpf[0]                                                       ; 1                 ; 6       ;
;      - cmsdk_apb_subsystem:u_apb_subsystem|cmsdk_apb_uart:gen_apb_uart_1.u_apb_uart_1|rxd_lpf[2]                                                       ; 1                 ; 6       ;
;      - i2s_rx_core:u_i2s_rx_core|shift_reg[16]                                                                                                         ; 1                 ; 6       ;
;      - i2s_rx_core:u_i2s_rx_core|shift_reg[25]                                                                                                         ; 1                 ; 6       ;
;      - i2s_rx_core:u_i2s_rx_core|shift_reg[17]                                                                                                         ; 1                 ; 6       ;
;      - i2s_rx_core:u_i2s_rx_core|shift_reg[22]                                                                                                         ; 1                 ; 6       ;
;      - i2s_rx_core:u_i2s_rx_core|shift_reg[14]                                                                                                         ; 1                 ; 6       ;
;      - i2s_rx_core:u_i2s_rx_core|shift_reg[30]                                                                                                         ; 1                 ; 6       ;
;      - i2s_rx_core:u_i2s_rx_core|shift_reg[18]                                                                                                         ; 1                 ; 6       ;
;      - i2s_rx_core:u_i2s_rx_core|shift_reg[20]                                                                                                         ; 1                 ; 6       ;
;      - i2s_rx_core:u_i2s_rx_core|shift_reg[21]                                                                                                         ; 1                 ; 6       ;
;      - i2s_rx_core:u_i2s_rx_core|shift_reg[19]                                                                                                         ; 1                 ; 6       ;
;      - cmsdk_apb_subsystem:u_apb_subsystem|cmsdk_apb_uart:gen_apb_uart_1.u_apb_uart_1|reg_tx_buf[4]                                                    ; 1                 ; 6       ;
;      - cmsdk_apb_subsystem:u_apb_subsystem|cmsdk_apb_uart:gen_apb_uart_1.u_apb_uart_1|tx_shift_buf[5]                                                  ; 1                 ; 6       ;
;      - i2s_rx_core:u_i2s_rx_core|shift_reg[8]                                                                                                          ; 1                 ; 6       ;
;      - cmsdk_apb_subsystem:u_apb_subsystem|cmsdk_apb_uart:gen_apb_uart_1.u_apb_uart_1|rx_shift_buf[1]                                                  ; 1                 ; 6       ;
;      - i2s_rx_core:u_i2s_rx_core|shift_reg[24]                                                                                                         ; 1                 ; 6       ;
;      - cmsdk_apb_subsystem:u_apb_subsystem|cmsdk_apb_uart:gen_apb_uart_1.u_apb_uart_1|rx_shift_buf[0]                                                  ; 1                 ; 6       ;
;      - i2s_rx_core:u_i2s_rx_core|shift_reg[7]                                                                                                          ; 1                 ; 6       ;
;      - i2s_rx_core:u_i2s_rx_core|shift_reg[13]                                                                                                         ; 1                 ; 6       ;
;      - cmsdk_apb_subsystem:u_apb_subsystem|cmsdk_apb_uart:gen_apb_uart_1.u_apb_uart_1|rx_shift_buf[6]                                                  ; 1                 ; 6       ;
;      - i2s_rx_core:u_i2s_rx_core|shift_reg[12]                                                                                                         ; 1                 ; 6       ;
;      - cmsdk_apb_subsystem:u_apb_subsystem|cmsdk_apb_uart:gen_apb_uart_1.u_apb_uart_1|rx_shift_buf[5]                                                  ; 1                 ; 6       ;
;      - i2s_rx_core:u_i2s_rx_core|shift_reg[11]                                                                                                         ; 1                 ; 6       ;
;      - cmsdk_apb_subsystem:u_apb_subsystem|cmsdk_apb_uart:gen_apb_uart_1.u_apb_uart_1|rx_shift_buf[4]                                                  ; 1                 ; 6       ;
;      - i2s_rx_core:u_i2s_rx_core|shift_reg[15]                                                                                                         ; 1                 ; 6       ;
;      - i2s_rx_core:u_i2s_rx_core|shift_reg[10]                                                                                                         ; 1                 ; 6       ;
;      - cmsdk_apb_subsystem:u_apb_subsystem|cmsdk_apb_uart:gen_apb_uart_1.u_apb_uart_1|rx_shift_buf[3]                                                  ; 1                 ; 6       ;
;      - i2s_rx_core:u_i2s_rx_core|shift_reg[29]                                                                                                         ; 1                 ; 6       ;
;      - i2s_rx_core:u_i2s_rx_core|shift_reg[28]                                                                                                         ; 1                 ; 6       ;
;      - i2s_rx_core:u_i2s_rx_core|shift_reg[27]                                                                                                         ; 1                 ; 6       ;
;      - i2s_rx_core:u_i2s_rx_core|shift_reg[23]                                                                                                         ; 1                 ; 6       ;
;      - i2s_rx_core:u_i2s_rx_core|shift_reg[26]                                                                                                         ; 1                 ; 6       ;
;      - i2s_rx_core:u_i2s_rx_core|state.RIGT                                                                                                            ; 1                 ; 6       ;
;      - i2s_rx_core:u_i2s_rx_core|ws_d1                                                                                                                 ; 1                 ; 6       ;
;      - cmsdk_apb_subsystem:u_apb_subsystem|cmsdk_apb_uart:gen_apb_uart_1.u_apb_uart_1|rxd_sync_2                                                       ; 1                 ; 6       ;
;      - cmsdk_apb_subsystem:u_apb_subsystem|cmsdk_apb_uart:gen_apb_uart_1.u_apb_uart_1|reg_tx_buf[5]                                                    ; 1                 ; 6       ;
;      - cmsdk_apb_subsystem:u_apb_subsystem|cmsdk_apb_uart:gen_apb_uart_1.u_apb_uart_1|tx_shift_buf[6]                                                  ; 1                 ; 6       ;
;      - i2s_rx_core:u_i2s_rx_core|shift_reg[6]                                                                                                          ; 1                 ; 6       ;
;      - cmsdk_apb_subsystem:u_apb_subsystem|cmsdk_apb_uart:gen_apb_uart_1.u_apb_uart_1|rxd_sync_1                                                       ; 1                 ; 6       ;
;      - cmsdk_apb_subsystem:u_apb_subsystem|cmsdk_apb_uart:gen_apb_uart_1.u_apb_uart_1|reg_tx_buf[6]                                                    ; 1                 ; 6       ;
;      - cmsdk_apb_subsystem:u_apb_subsystem|cmsdk_apb_uart:gen_apb_uart_1.u_apb_uart_1|tx_shift_buf[7]                                                  ; 1                 ; 6       ;
;      - i2s_rx_core:u_i2s_rx_core|shift_reg[5]                                                                                                          ; 1                 ; 6       ;
;      - cmsdk_apb_subsystem:u_apb_subsystem|cmsdk_apb_uart:gen_apb_uart_1.u_apb_uart_1|reg_tx_buf[7]                                                    ; 1                 ; 6       ;
;      - i2s_rx_core:u_i2s_rx_core|shift_reg[4]                                                                                                          ; 1                 ; 6       ;
;      - i2s_rx_core:u_i2s_rx_core|shift_reg[3]                                                                                                          ; 1                 ; 6       ;
;      - i2s_rx_core:u_i2s_rx_core|shift_reg[2]                                                                                                          ; 1                 ; 6       ;
;      - i2s_rx_core:u_i2s_rx_core|shift_reg[1]                                                                                                          ; 1                 ; 6       ;
;      - i2s_rx_core:u_i2s_rx_core|shift_reg[0]                                                                                                          ; 1                 ; 6       ;
; TCK                                                                                                                                                    ;                   ;         ;
;      - CORTEXM3INTEGRATIONDS:u_CORTEXM3INTEGRATION|cortexm3ds_logic:u_cortexm3ds_logic|O5kzz6                                                          ; 1                 ; 0       ;
;      - CORTEXM3INTEGRATIONDS:u_CORTEXM3INTEGRATION|cortexm3ds_logic:u_cortexm3ds_logic|Zoizz6                                                          ; 1                 ; 0       ;
;      - CORTEXM3INTEGRATIONDS:u_CORTEXM3INTEGRATION|cortexm3ds_logic:u_cortexm3ds_logic|Rvhoz6                                                          ; 0                 ; 0       ;
;      - CORTEXM3INTEGRATIONDS:u_CORTEXM3INTEGRATION|cortexm3ds_logic:u_cortexm3ds_logic|G8eoz6                                                          ; 0                 ; 0       ;
;      - CORTEXM3INTEGRATIONDS:u_CORTEXM3INTEGRATION|cortexm3ds_logic:u_cortexm3ds_logic|P6eoz6                                                          ; 0                 ; 0       ;
;      - CORTEXM3INTEGRATIONDS:u_CORTEXM3INTEGRATION|cortexm3ds_logic:u_cortexm3ds_logic|Y4eoz6                                                          ; 0                 ; 0       ;
;      - CORTEXM3INTEGRATIONDS:u_CORTEXM3INTEGRATION|cortexm3ds_logic:u_cortexm3ds_logic|H3eoz6                                                          ; 0                 ; 0       ;
;      - CORTEXM3INTEGRATIONDS:u_CORTEXM3INTEGRATION|cortexm3ds_logic:u_cortexm3ds_logic|P1eoz6                                                          ; 1                 ; 0       ;
;      - CORTEXM3INTEGRATIONDS:u_CORTEXM3INTEGRATION|cortexm3ds_logic:u_cortexm3ds_logic|Gtdoz6                                                          ; 1                 ; 0       ;
;      - CORTEXM3INTEGRATIONDS:u_CORTEXM3INTEGRATION|cortexm3ds_logic:u_cortexm3ds_logic|Nrdoz6                                                          ; 1                 ; 0       ;
;      - CORTEXM3INTEGRATIONDS:u_CORTEXM3INTEGRATION|cortexm3ds_logic:u_cortexm3ds_logic|Updoz6                                                          ; 1                 ; 0       ;
;      - CORTEXM3INTEGRATIONDS:u_CORTEXM3INTEGRATION|cortexm3ds_logic:u_cortexm3ds_logic|Bodoz6                                                          ; 1                 ; 0       ;
;      - CORTEXM3INTEGRATIONDS:u_CORTEXM3INTEGRATION|cortexm3ds_logic:u_cortexm3ds_logic|Jkdoz6                                                          ; 1                 ; 0       ;
;      - CORTEXM3INTEGRATIONDS:u_CORTEXM3INTEGRATION|cortexm3ds_logic:u_cortexm3ds_logic|Vedoz6                                                          ; 1                 ; 0       ;
;      - CORTEXM3INTEGRATIONDS:u_CORTEXM3INTEGRATION|cortexm3ds_logic:u_cortexm3ds_logic|Zcdoz6                                                          ; 1                 ; 0       ;
;      - CORTEXM3INTEGRATIONDS:u_CORTEXM3INTEGRATION|cortexm3ds_logic:u_cortexm3ds_logic|Zry917                                                          ; 0                 ; 0       ;
;      - CORTEXM3INTEGRATIONDS:u_CORTEXM3INTEGRATION|cortexm3ds_logic:u_cortexm3ds_logic|Zudoz6                                                          ; 1                 ; 0       ;
;      - CORTEXM3INTEGRATIONDS:u_CORTEXM3INTEGRATION|cortexm3ds_logic:u_cortexm3ds_logic|Rgdoz6                                                          ; 1                 ; 0       ;
;      - CORTEXM3INTEGRATIONDS:u_CORTEXM3INTEGRATION|cortexm3ds_logic:u_cortexm3ds_logic|Nidoz6                                                          ; 1                 ; 0       ;
;      - CORTEXM3INTEGRATIONDS:u_CORTEXM3INTEGRATION|cortexm3ds_logic:u_cortexm3ds_logic|Fmdoz6                                                          ; 1                 ; 0       ;
;      - CORTEXM3INTEGRATIONDS:u_CORTEXM3INTEGRATION|cortexm3ds_logic:u_cortexm3ds_logic|Xrcoz6                                                          ; 0                 ; 0       ;
;      - CORTEXM3INTEGRATIONDS:u_CORTEXM3INTEGRATION|cortexm3ds_logic:u_cortexm3ds_logic|Ctgoz6                                                          ; 0                 ; 0       ;
;      - CORTEXM3INTEGRATIONDS:u_CORTEXM3INTEGRATION|cortexm3ds_logic:u_cortexm3ds_logic|Z2toz6                                                          ; 0                 ; 0       ;
;      - CORTEXM3INTEGRATIONDS:u_CORTEXM3INTEGRATION|cortexm3ds_logic:u_cortexm3ds_logic|Jhazz6                                                          ; 1                 ; 0       ;
;      - CORTEXM3INTEGRATIONDS:u_CORTEXM3INTEGRATION|cortexm3ds_logic:u_cortexm3ds_logic|F4bzz6                                                          ; 1                 ; 0       ;
;      - CORTEXM3INTEGRATIONDS:u_CORTEXM3INTEGRATION|cortexm3ds_logic:u_cortexm3ds_logic|Fjbzz6                                                          ; 1                 ; 0       ;
;      - CORTEXM3INTEGRATIONDS:u_CORTEXM3INTEGRATION|cortexm3ds_logic:u_cortexm3ds_logic|B6czz6                                                          ; 0                 ; 0       ;
;      - CORTEXM3INTEGRATIONDS:u_CORTEXM3INTEGRATION|cortexm3ds_logic:u_cortexm3ds_logic|Blczz6                                                          ; 0                 ; 0       ;
;      - CORTEXM3INTEGRATIONDS:u_CORTEXM3INTEGRATION|cortexm3ds_logic:u_cortexm3ds_logic|X7dzz6                                                          ; 0                 ; 0       ;
;      - CORTEXM3INTEGRATIONDS:u_CORTEXM3INTEGRATION|cortexm3ds_logic:u_cortexm3ds_logic|Xmdzz6                                                          ; 0                 ; 0       ;
;      - CORTEXM3INTEGRATIONDS:u_CORTEXM3INTEGRATION|cortexm3ds_logic:u_cortexm3ds_logic|T9ezz6                                                          ; 0                 ; 0       ;
;      - CORTEXM3INTEGRATIONDS:u_CORTEXM3INTEGRATION|cortexm3ds_logic:u_cortexm3ds_logic|Toezz6                                                          ; 0                 ; 0       ;
;      - CORTEXM3INTEGRATIONDS:u_CORTEXM3INTEGRATION|cortexm3ds_logic:u_cortexm3ds_logic|Ym2nz6                                                          ; 1                 ; 0       ;
;      - CORTEXM3INTEGRATIONDS:u_CORTEXM3INTEGRATION|cortexm3ds_logic:u_cortexm3ds_logic|Dbdoz6                                                          ; 0                 ; 0       ;
;      - CORTEXM3INTEGRATIONDS:u_CORTEXM3INTEGRATION|cortexm3ds_logic:u_cortexm3ds_logic|P5doz6                                                          ; 0                 ; 0       ;
;      - CORTEXM3INTEGRATIONDS:u_CORTEXM3INTEGRATION|cortexm3ds_logic:u_cortexm3ds_logic|L7doz6                                                          ; 0                 ; 0       ;
;      - CORTEXM3INTEGRATIONDS:u_CORTEXM3INTEGRATION|cortexm3ds_logic:u_cortexm3ds_logic|T3doz6                                                          ; 0                 ; 0       ;
;      - CORTEXM3INTEGRATIONDS:u_CORTEXM3INTEGRATION|cortexm3ds_logic:u_cortexm3ds_logic|H9doz6                                                          ; 0                 ; 0       ;
;      - CORTEXM3INTEGRATIONDS:u_CORTEXM3INTEGRATION|cortexm3ds_logic:u_cortexm3ds_logic|Zwsoz6                                                          ; 0                 ; 0       ;
;      - CORTEXM3INTEGRATIONDS:u_CORTEXM3INTEGRATION|cortexm3ds_logic:u_cortexm3ds_logic|Ziizz6                                                          ; 1                 ; 0       ;
;      - CORTEXM3INTEGRATIONDS:u_CORTEXM3INTEGRATION|cortexm3ds_logic:u_cortexm3ds_logic|Gv1g07                                                          ; 1                 ; 0       ;
;      - CORTEXM3INTEGRATIONDS:u_CORTEXM3INTEGRATION|cortexm3ds_logic:u_cortexm3ds_logic|J0doz6                                                          ; 1                 ; 0       ;
;      - CORTEXM3INTEGRATIONDS:u_CORTEXM3INTEGRATION|cortexm3ds_logic:u_cortexm3ds_logic|Xzdoz6                                                          ; 0                 ; 0       ;
;      - CORTEXM3INTEGRATIONDS:u_CORTEXM3INTEGRATION|cortexm3ds_logic:u_cortexm3ds_logic|Sthoz6                                                          ; 1                 ; 0       ;
;      - CORTEXM3INTEGRATIONDS:u_CORTEXM3INTEGRATION|cortexm3ds_logic:u_cortexm3ds_logic|I4lzz6                                                          ; 1                 ; 0       ;
;      - CORTEXM3INTEGRATIONDS:u_CORTEXM3INTEGRATION|cortexm3ds_logic:u_cortexm3ds_logic|Ligoz6                                                          ; 1                 ; 0       ;
;      - CORTEXM3INTEGRATIONDS:u_CORTEXM3INTEGRATION|cortexm3ds_logic:u_cortexm3ds_logic|Iavzz6                                                          ; 1                 ; 0       ;
;      - CORTEXM3INTEGRATIONDS:u_CORTEXM3INTEGRATION|cortexm3ds_logic:u_cortexm3ds_logic|S8vzz6                                                          ; 1                 ; 0       ;
;      - CORTEXM3INTEGRATIONDS:u_CORTEXM3INTEGRATION|cortexm3ds_logic:u_cortexm3ds_logic|Fydoz6                                                          ; 0                 ; 0       ;
;      - CORTEXM3INTEGRATIONDS:u_CORTEXM3INTEGRATION|cortexm3ds_logic:u_cortexm3ds_logic|Uyizz6                                                          ; 1                 ; 0       ;
;      - CORTEXM3INTEGRATIONDS:u_CORTEXM3INTEGRATION|cortexm3ds_logic:u_cortexm3ds_logic|J1goz6                                                          ; 1                 ; 0       ;
;      - CORTEXM3INTEGRATIONDS:u_CORTEXM3INTEGRATION|cortexm3ds_logic:u_cortexm3ds_logic|Gfgoz6                                                          ; 1                 ; 0       ;
;      - CORTEXM3INTEGRATIONDS:u_CORTEXM3INTEGRATION|cortexm3ds_logic:u_cortexm3ds_logic|V2goz6                                                          ; 0                 ; 0       ;
;      - CORTEXM3INTEGRATIONDS:u_CORTEXM3INTEGRATION|cortexm3ds_logic:u_cortexm3ds_logic|Jdgoz6                                                          ; 0                 ; 0       ;
;      - CORTEXM3INTEGRATIONDS:u_CORTEXM3INTEGRATION|cortexm3ds_logic:u_cortexm3ds_logic|Fpkzz6                                                          ; 1                 ; 0       ;
;      - CORTEXM3INTEGRATIONDS:u_CORTEXM3INTEGRATION|cortexm3ds_logic:u_cortexm3ds_logic|Dlizz6                                                          ; 1                 ; 0       ;
;      - CORTEXM3INTEGRATIONDS:u_CORTEXM3INTEGRATION|cortexm3ds_logic:u_cortexm3ds_logic|Nwdoz6                                                          ; 1                 ; 0       ;
;      - CORTEXM3INTEGRATIONDS:u_CORTEXM3INTEGRATION|cortexm3ds_logic:u_cortexm3ds_logic|Im2nz6                                                          ; 1                 ; 0       ;
;      - CORTEXM3INTEGRATIONDS:u_CORTEXM3INTEGRATION|cortexm3ds_logic:u_cortexm3ds_logic|X1doz6                                                          ; 0                 ; 0       ;
;      - CORTEXM3INTEGRATIONDS:u_CORTEXM3INTEGRATION|cortexm3ds_logic:u_cortexm3ds_logic|Dhqoz6                                                          ; 1                 ; 0       ;
;      - CORTEXM3INTEGRATIONDS:u_CORTEXM3INTEGRATION|cortexm3ds_logic:u_cortexm3ds_logic|Vmizz6                                                          ; 0                 ; 0       ;
;      - CORTEXM3INTEGRATIONDS:u_CORTEXM3INTEGRATION|cortexm3ds_logic:u_cortexm3ds_logic|Vmsoz6                                                          ; 1                 ; 0       ;
;      - CORTEXM3INTEGRATIONDS:u_CORTEXM3INTEGRATION|cortexm3ds_logic:u_cortexm3ds_logic|Rqizz6                                                          ; 0                 ; 0       ;
;      - CORTEXM3INTEGRATIONDS:u_CORTEXM3INTEGRATION|cortexm3ds_logic:u_cortexm3ds_logic|Eanoz6                                                          ; 1                 ; 0       ;
;      - CORTEXM3INTEGRATIONDS:u_CORTEXM3INTEGRATION|cortexm3ds_logic:u_cortexm3ds_logic|Y5lzz6                                                          ; 1                 ; 0       ;
;      - CORTEXM3INTEGRATIONDS:u_CORTEXM3INTEGRATION|cortexm3ds_logic:u_cortexm3ds_logic|Vqszz6                                                          ; 1                 ; 0       ;
;      - CORTEXM3INTEGRATIONDS:u_CORTEXM3INTEGRATION|cortexm3ds_logic:u_cortexm3ds_logic|S7lzz6                                                          ; 0                 ; 0       ;
;      - CORTEXM3INTEGRATIONDS:u_CORTEXM3INTEGRATION|cortexm3ds_logic:u_cortexm3ds_logic|Efpoz6                                                          ; 1                 ; 0       ;
;      - CORTEXM3INTEGRATIONDS:u_CORTEXM3INTEGRATION|cortexm3ds_logic:u_cortexm3ds_logic|R1vzz6                                                          ; 0                 ; 0       ;
;      - CORTEXM3INTEGRATIONDS:u_CORTEXM3INTEGRATION|cortexm3ds_logic:u_cortexm3ds_logic|Veeoz6                                                          ; 1                 ; 0       ;
;      - CORTEXM3INTEGRATIONDS:u_CORTEXM3INTEGRATION|cortexm3ds_logic:u_cortexm3ds_logic|L3vzz6                                                          ; 1                 ; 0       ;
;      - CORTEXM3INTEGRATIONDS:u_CORTEXM3INTEGRATION|cortexm3ds_logic:u_cortexm3ds_logic|V6vzz6                                                          ; 0                 ; 0       ;
;      - CORTEXM3INTEGRATIONDS:u_CORTEXM3INTEGRATION|cortexm3ds_logic:u_cortexm3ds_logic|Yuooz6                                                          ; 0                 ; 0       ;
;      - CORTEXM3INTEGRATIONDS:u_CORTEXM3INTEGRATION|cortexm3ds_logic:u_cortexm3ds_logic|N6izz6                                                          ; 0                 ; 0       ;
;      - CORTEXM3INTEGRATIONDS:u_CORTEXM3INTEGRATION|cortexm3ds_logic:u_cortexm3ds_logic|I9kzz6                                                          ; 0                 ; 0       ;
;      - CORTEXM3INTEGRATIONDS:u_CORTEXM3INTEGRATION|cortexm3ds_logic:u_cortexm3ds_logic|Bzsoz6                                                          ; 0                 ; 0       ;
;      - CORTEXM3INTEGRATIONDS:u_CORTEXM3INTEGRATION|cortexm3ds_logic:u_cortexm3ds_logic|G7kzz6                                                          ; 0                 ; 0       ;
;      - CORTEXM3INTEGRATIONDS:u_CORTEXM3INTEGRATION|cortexm3ds_logic:u_cortexm3ds_logic|Ivsoz6                                                          ; 1                 ; 0       ;
;      - CORTEXM3INTEGRATIONDS:u_CORTEXM3INTEGRATION|cortexm3ds_logic:u_cortexm3ds_logic|Ltooz6                                                          ; 1                 ; 0       ;
;      - CORTEXM3INTEGRATIONDS:u_CORTEXM3INTEGRATION|cortexm3ds_logic:u_cortexm3ds_logic|Hiroz6                                                          ; 1                 ; 0       ;
;      - CORTEXM3INTEGRATIONDS:u_CORTEXM3INTEGRATION|cortexm3ds_logic:u_cortexm3ds_logic|Hhizz6                                                          ; 1                 ; 0       ;
;      - CORTEXM3INTEGRATIONDS:u_CORTEXM3INTEGRATION|cortexm3ds_logic:u_cortexm3ds_logic|Sggoz6                                                          ; 1                 ; 0       ;
;      - CORTEXM3INTEGRATIONDS:u_CORTEXM3INTEGRATION|cortexm3ds_logic:u_cortexm3ds_logic|Ybvzz6                                                          ; 1                 ; 0       ;
;      - CORTEXM3INTEGRATIONDS:u_CORTEXM3INTEGRATION|cortexm3ds_logic:u_cortexm3ds_logic|Ryeoz6                                                          ; 0                 ; 0       ;
;      - CORTEXM3INTEGRATIONDS:u_CORTEXM3INTEGRATION|cortexm3ds_logic:u_cortexm3ds_logic|Zskzz6                                                          ; 1                 ; 0       ;
;      - CORTEXM3INTEGRATIONDS:u_CORTEXM3INTEGRATION|cortexm3ds_logic:u_cortexm3ds_logic|L5pzz6                                                          ; 0                 ; 0       ;
;      - CORTEXM3INTEGRATIONDS:u_CORTEXM3INTEGRATION|cortexm3ds_logic:u_cortexm3ds_logic|Hjuzz6                                                          ; 0                 ; 0       ;
;      - CORTEXM3INTEGRATIONDS:u_CORTEXM3INTEGRATION|cortexm3ds_logic:u_cortexm3ds_logic|D0vzz6                                                          ; 0                 ; 0       ;
;      - CORTEXM3INTEGRATIONDS:u_CORTEXM3INTEGRATION|cortexm3ds_logic:u_cortexm3ds_logic|Xz1g07                                                          ; 0                 ; 0       ;
;      - CORTEXM3INTEGRATIONDS:u_CORTEXM3INTEGRATION|cortexm3ds_logic:u_cortexm3ds_logic|Ohhoz6                                                          ; 1                 ; 0       ;
;      - CORTEXM3INTEGRATIONDS:u_CORTEXM3INTEGRATION|cortexm3ds_logic:u_cortexm3ds_logic|Ukhoz6                                                          ; 1                 ; 0       ;
;      - CORTEXM3INTEGRATIONDS:u_CORTEXM3INTEGRATION|cortexm3ds_logic:u_cortexm3ds_logic|Poooz6                                                          ; 1                 ; 0       ;
;      - CORTEXM3INTEGRATIONDS:u_CORTEXM3INTEGRATION|cortexm3ds_logic:u_cortexm3ds_logic|E2pzz6                                                          ; 1                 ; 0       ;
;      - CORTEXM3INTEGRATIONDS:u_CORTEXM3INTEGRATION|cortexm3ds_logic:u_cortexm3ds_logic|C1lzz6                                                          ; 1                 ; 0       ;
;      - CORTEXM3INTEGRATIONDS:u_CORTEXM3INTEGRATION|cortexm3ds_logic:u_cortexm3ds_logic|S2lzz6                                                          ; 1                 ; 0       ;
;      - CORTEXM3INTEGRATIONDS:u_CORTEXM3INTEGRATION|cortexm3ds_logic:u_cortexm3ds_logic|F5vzz6                                                          ; 1                 ; 0       ;
;      - CORTEXM3INTEGRATIONDS:u_CORTEXM3INTEGRATION|cortexm3ds_logic:u_cortexm3ds_logic|Qukzz6                                                          ; 1                 ; 0       ;
;      - CORTEXM3INTEGRATIONDS:u_CORTEXM3INTEGRATION|cortexm3ds_logic:u_cortexm3ds_logic|Gwkzz6                                                          ; 1                 ; 0       ;
;      - CORTEXM3INTEGRATIONDS:u_CORTEXM3INTEGRATION|cortexm3ds_logic:u_cortexm3ds_logic|Wxkzz6                                                          ; 1                 ; 0       ;
;      - CORTEXM3INTEGRATIONDS:u_CORTEXM3INTEGRATION|cortexm3ds_logic:u_cortexm3ds_logic|Mzkzz6                                                          ; 1                 ; 0       ;
;      - CORTEXM3INTEGRATIONDS:u_CORTEXM3INTEGRATION|cortexm3ds_logic:u_cortexm3ds_logic|Pg1g07                                                          ; 1                 ; 0       ;
;      - CORTEXM3INTEGRATIONDS:u_CORTEXM3INTEGRATION|cortexm3ds_logic:u_cortexm3ds_logic|Qmezz6                                                          ; 0                 ; 0       ;
;      - CORTEXM3INTEGRATIONDS:u_CORTEXM3INTEGRATION|cortexm3ds_logic:u_cortexm3ds_logic|Jwezz6                                                          ; 0                 ; 0       ;
;      - CORTEXM3INTEGRATIONDS:u_CORTEXM3INTEGRATION|cortexm3ds_logic:u_cortexm3ds_logic|Furoz6                                                          ; 1                 ; 0       ;
;      - CORTEXM3INTEGRATIONDS:u_CORTEXM3INTEGRATION|cortexm3ds_logic:u_cortexm3ds_logic|Lffoz6                                                          ; 1                 ; 0       ;
;      - CORTEXM3INTEGRATIONDS:u_CORTEXM3INTEGRATION|cortexm3ds_logic:u_cortexm3ds_logic|Ukdzz6                                                          ; 0                 ; 0       ;
;      - CORTEXM3INTEGRATIONDS:u_CORTEXM3INTEGRATION|cortexm3ds_logic:u_cortexm3ds_logic|Nudzz6                                                          ; 0                 ; 0       ;
;      - CORTEXM3INTEGRATIONDS:u_CORTEXM3INTEGRATION|cortexm3ds_logic:u_cortexm3ds_logic|Csroz6                                                          ; 1                 ; 0       ;
;      - CORTEXM3INTEGRATIONDS:u_CORTEXM3INTEGRATION|cortexm3ds_logic:u_cortexm3ds_logic|Gdfoz6                                                          ; 0                 ; 0       ;
;      - CORTEXM3INTEGRATIONDS:u_CORTEXM3INTEGRATION|cortexm3ds_logic:u_cortexm3ds_logic|Iwroz6                                                          ; 0                 ; 0       ;
;      - CORTEXM3INTEGRATIONDS:u_CORTEXM3INTEGRATION|cortexm3ds_logic:u_cortexm3ds_logic|P5fzz6                                                          ; 0                 ; 0       ;
;      - CORTEXM3INTEGRATIONDS:u_CORTEXM3INTEGRATION|cortexm3ds_logic:u_cortexm3ds_logic|Ndezz6                                                          ; 0                 ; 0       ;
;      - CORTEXM3INTEGRATIONDS:u_CORTEXM3INTEGRATION|cortexm3ds_logic:u_cortexm3ds_logic|T3ezz6                                                          ; 0                 ; 0       ;
;      - CORTEXM3INTEGRATIONDS:u_CORTEXM3INTEGRATION|cortexm3ds_logic:u_cortexm3ds_logic|Aqroz6                                                          ; 0                 ; 0       ;
;      - CORTEXM3INTEGRATIONDS:u_CORTEXM3INTEGRATION|cortexm3ds_logic:u_cortexm3ds_logic|Cbfoz6                                                          ; 0                 ; 0       ;
;      - CORTEXM3INTEGRATIONDS:u_CORTEXM3INTEGRATION|cortexm3ds_logic:u_cortexm3ds_logic|Wpqzz6                                                          ; 0                 ; 0       ;
;      - CORTEXM3INTEGRATIONDS:u_CORTEXM3INTEGRATION|cortexm3ds_logic:u_cortexm3ds_logic|Y8foz6                                                          ; 0                 ; 0       ;
;      - CORTEXM3INTEGRATIONDS:u_CORTEXM3INTEGRATION|cortexm3ds_logic:u_cortexm3ds_logic|Ndkzz6                                                          ; 0                 ; 0       ;
;      - CORTEXM3INTEGRATIONDS:u_CORTEXM3INTEGRATION|cortexm3ds_logic:u_cortexm3ds_logic|Kbkzz6                                                          ; 0                 ; 0       ;
;      - CORTEXM3INTEGRATIONDS:u_CORTEXM3INTEGRATION|cortexm3ds_logic:u_cortexm3ds_logic|Bzpzz6                                                          ; 1                 ; 0       ;
;      - CORTEXM3INTEGRATIONDS:u_CORTEXM3INTEGRATION|cortexm3ds_logic:u_cortexm3ds_logic|M2foz6                                                          ; 1                 ; 0       ;
;      - CORTEXM3INTEGRATIONDS:u_CORTEXM3INTEGRATION|cortexm3ds_logic:u_cortexm3ds_logic|L4izz6                                                          ; 1                 ; 0       ;
;      - CORTEXM3INTEGRATIONDS:u_CORTEXM3INTEGRATION|cortexm3ds_logic:u_cortexm3ds_logic|Dfizz6                                                          ; 1                 ; 0       ;
;      - CORTEXM3INTEGRATIONDS:u_CORTEXM3INTEGRATION|cortexm3ds_logic:u_cortexm3ds_logic|Ynroz6                                                          ; 1                 ; 0       ;
;      - CORTEXM3INTEGRATIONDS:u_CORTEXM3INTEGRATION|cortexm3ds_logic:u_cortexm3ds_logic|U6foz6                                                          ; 0                 ; 0       ;
;      - CORTEXM3INTEGRATIONDS:u_CORTEXM3INTEGRATION|cortexm3ds_logic:u_cortexm3ds_logic|Wlroz6                                                          ; 1                 ; 0       ;
;      - CORTEXM3INTEGRATIONDS:u_CORTEXM3INTEGRATION|cortexm3ds_logic:u_cortexm3ds_logic|Q4foz6                                                          ; 0                 ; 0       ;
;      - CORTEXM3INTEGRATIONDS:u_CORTEXM3INTEGRATION|cortexm3ds_logic:u_cortexm3ds_logic|Ujroz6                                                          ; 1                 ; 0       ;
;      - CORTEXM3INTEGRATIONDS:u_CORTEXM3INTEGRATION|cortexm3ds_logic:u_cortexm3ds_logic|I0foz6                                                          ; 0                 ; 0       ;
;      - CORTEXM3INTEGRATIONDS:u_CORTEXM3INTEGRATION|cortexm3ds_logic:u_cortexm3ds_logic|Gwqzz6                                                          ; 1                 ; 0       ;
;      - CORTEXM3INTEGRATIONDS:u_CORTEXM3INTEGRATION|cortexm3ds_logic:u_cortexm3ds_logic|Gfazz6                                                          ; 1                 ; 0       ;
;      - CORTEXM3INTEGRATIONDS:u_CORTEXM3INTEGRATION|cortexm3ds_logic:u_cortexm3ds_logic|Zoazz6                                                          ; 1                 ; 0       ;
;      - CORTEXM3INTEGRATIONDS:u_CORTEXM3INTEGRATION|cortexm3ds_logic:u_cortexm3ds_logic|Chbzz6                                                          ; 0                 ; 0       ;
;      - CORTEXM3INTEGRATIONDS:u_CORTEXM3INTEGRATION|cortexm3ds_logic:u_cortexm3ds_logic|Vqbzz6                                                          ; 1                 ; 0       ;
;      - CORTEXM3INTEGRATIONDS:u_CORTEXM3INTEGRATION|cortexm3ds_logic:u_cortexm3ds_logic|V9czz6                                                          ; 0                 ; 0       ;
;      - CORTEXM3INTEGRATIONDS:u_CORTEXM3INTEGRATION|cortexm3ds_logic:u_cortexm3ds_logic|B0czz6                                                          ; 0                 ; 0       ;
;      - CORTEXM3INTEGRATIONDS:u_CORTEXM3INTEGRATION|cortexm3ds_logic:u_cortexm3ds_logic|U6toz6                                                          ; 0                 ; 0       ;
;      - CORTEXM3INTEGRATIONDS:u_CORTEXM3INTEGRATION|cortexm3ds_logic:u_cortexm3ds_logic|Vjfoz6                                                          ; 1                 ; 0       ;
;      - CORTEXM3INTEGRATIONDS:u_CORTEXM3INTEGRATION|cortexm3ds_logic:u_cortexm3ds_logic|Xftoz6                                                          ; 1                 ; 0       ;
;      - CORTEXM3INTEGRATIONDS:u_CORTEXM3INTEGRATION|cortexm3ds_logic:u_cortexm3ds_logic|Qhfoz6                                                          ; 0                 ; 0       ;
;      - CORTEXM3INTEGRATIONDS:u_CORTEXM3INTEGRATION|cortexm3ds_logic:u_cortexm3ds_logic|Z7bzz6                                                          ; 0                 ; 0       ;
;      - CORTEXM3INTEGRATIONDS:u_CORTEXM3INTEGRATION|cortexm3ds_logic:u_cortexm3ds_logic|Fyazz6                                                          ; 1                 ; 0       ;
;      - CORTEXM3INTEGRATIONDS:u_CORTEXM3INTEGRATION|cortexm3ds_logic:u_cortexm3ds_logic|Rbdzz6                                                          ; 0                 ; 0       ;
;      - CORTEXM3INTEGRATIONDS:u_CORTEXM3INTEGRATION|cortexm3ds_logic:u_cortexm3ds_logic|X1dzz6                                                          ; 0                 ; 0       ;
;      - CORTEXM3INTEGRATIONDS:u_CORTEXM3INTEGRATION|cortexm3ds_logic:u_cortexm3ds_logic|Yiczz6                                                          ; 0                 ; 0       ;
;      - CORTEXM3INTEGRATIONDS:u_CORTEXM3INTEGRATION|cortexm3ds_logic:u_cortexm3ds_logic|Rsczz6                                                          ; 0                 ; 0       ;
;      - CORTEXM3INTEGRATIONDS:u_CORTEXM3INTEGRATION|cortexm3ds_logic:u_cortexm3ds_logic|Qfkzz6                                                          ; 0                 ; 0       ;
;      - CORTEXM3INTEGRATIONDS:u_CORTEXM3INTEGRATION|cortexm3ds_logic:u_cortexm3ds_logic|Qi1g07                                                          ; 1                 ; 0       ;
;      - CORTEXM3INTEGRATIONDS:u_CORTEXM3INTEGRATION|cortexm3ds_logic:u_cortexm3ds_logic|Oygoz6                                                          ; 1                 ; 0       ;
;      - CORTEXM3INTEGRATIONDS:u_CORTEXM3INTEGRATION|cortexm3ds_logic:u_cortexm3ds_logic|O6ozz6                                                          ; 0                 ; 0       ;
;      - CORTEXM3INTEGRATIONDS:u_CORTEXM3INTEGRATION|cortexm3ds_logic:u_cortexm3ds_logic|Psfoz6                                                          ; 0                 ; 0       ;
;      - CORTEXM3INTEGRATIONDS:u_CORTEXM3INTEGRATION|cortexm3ds_logic:u_cortexm3ds_logic|W5soz6                                                          ; 1                 ; 0       ;
;      - CORTEXM3INTEGRATIONDS:u_CORTEXM3INTEGRATION|cortexm3ds_logic:u_cortexm3ds_logic|Zwfoz6                                                          ; 0                 ; 0       ;
;      - CORTEXM3INTEGRATIONDS:u_CORTEXM3INTEGRATION|cortexm3ds_logic:u_cortexm3ds_logic|Sksoz6                                                          ; 0                 ; 0       ;
;      - CORTEXM3INTEGRATIONDS:u_CORTEXM3INTEGRATION|cortexm3ds_logic:u_cortexm3ds_logic|Kxhoz6                                                          ; 0                 ; 0       ;
;      - CORTEXM3INTEGRATIONDS:u_CORTEXM3INTEGRATION|cortexm3ds_logic:u_cortexm3ds_logic|Rfozz6                                                          ; 0                 ; 0       ;
;      - CORTEXM3INTEGRATIONDS:u_CORTEXM3INTEGRATION|cortexm3ds_logic:u_cortexm3ds_logic|Kqfoz6                                                          ; 0                 ; 0       ;
;      - CORTEXM3INTEGRATIONDS:u_CORTEXM3INTEGRATION|cortexm3ds_logic:u_cortexm3ds_logic|Hdsoz6                                                          ; 0                 ; 0       ;
;      - CORTEXM3INTEGRATIONDS:u_CORTEXM3INTEGRATION|cortexm3ds_logic:u_cortexm3ds_logic|Ezfoz6                                                          ; 1                 ; 0       ;
;      - CORTEXM3INTEGRATIONDS:u_CORTEXM3INTEGRATION|cortexm3ds_logic:u_cortexm3ds_logic|Lyroz6                                                          ; 0                 ; 0       ;
;      - CORTEXM3INTEGRATIONDS:u_CORTEXM3INTEGRATION|cortexm3ds_logic:u_cortexm3ds_logic|Uufoz6                                                          ; 0                 ; 0       ;
;      - CORTEXM3INTEGRATIONDS:u_CORTEXM3INTEGRATION|cortexm3ds_logic:u_cortexm3ds_logic|Holzz6                                                          ; 0                 ; 0       ;
;      - CORTEXM3INTEGRATIONDS:u_CORTEXM3INTEGRATION|cortexm3ds_logic:u_cortexm3ds_logic|Fofoz6                                                          ; 0                 ; 0       ;
;      - CORTEXM3INTEGRATIONDS:u_CORTEXM3INTEGRATION|cortexm3ds_logic:u_cortexm3ds_logic|Aquzz6                                                          ; 0                 ; 0       ;
;      - CORTEXM3INTEGRATIONDS:u_CORTEXM3INTEGRATION|cortexm3ds_logic:u_cortexm3ds_logic|Amfoz6                                                          ; 0                 ; 0       ;
;      - CORTEXM3INTEGRATIONDS:u_CORTEXM3INTEGRATION|cortexm3ds_logic:u_cortexm3ds_logic|Thkzz6                                                          ; 0                 ; 0       ;
;      - CORTEXM3INTEGRATIONDS:u_CORTEXM3INTEGRATION|cortexm3ds_logic:u_cortexm3ds_logic|A7roz6                                                          ; 1                 ; 0       ;
;      - CORTEXM3INTEGRATIONDS:u_CORTEXM3INTEGRATION|cortexm3ds_logic:u_cortexm3ds_logic|M5roz6                                                          ; 1                 ; 0       ;
;      - CORTEXM3INTEGRATIONDS:u_CORTEXM3INTEGRATION|cortexm3ds_logic:u_cortexm3ds_logic|O3poz6                                                          ; 1                 ; 0       ;
;      - CORTEXM3INTEGRATIONDS:u_CORTEXM3INTEGRATION|cortexm3ds_logic:u_cortexm3ds_logic|K2roz6                                                          ; 1                 ; 0       ;
;      - CORTEXM3INTEGRATIONDS:u_CORTEXM3INTEGRATION|cortexm3ds_logic:u_cortexm3ds_logic|Y3roz6                                                          ; 1                 ; 0       ;
;      - CORTEXM3INTEGRATIONDS:u_CORTEXM3INTEGRATION|cortexm3ds_logic:u_cortexm3ds_logic|Vycoz6                                                          ; 1                 ; 0       ;
;      - CORTEXM3INTEGRATIONDS:u_CORTEXM3INTEGRATION|cortexm3ds_logic:u_cortexm3ds_logic|E0poz6                                                          ; 1                 ; 0       ;
;      - CORTEXM3INTEGRATIONDS:u_CORTEXM3INTEGRATION|cortexm3ds_logic:u_cortexm3ds_logic|Pvcoz6                                                          ; 1                 ; 0       ;
;      - CORTEXM3INTEGRATIONDS:u_CORTEXM3INTEGRATION|cortexm3ds_logic:u_cortexm3ds_logic|C5poz6                                                          ; 1                 ; 0       ;
;      - CORTEXM3INTEGRATIONDS:u_CORTEXM3INTEGRATION|cortexm3ds_logic:u_cortexm3ds_logic|Df1g07                                                          ; 1                 ; 0       ;
;      - CORTEXM3INTEGRATIONDS:u_CORTEXM3INTEGRATION|cortexm3ds_logic:u_cortexm3ds_logic|Urhoz6                                                          ; 1                 ; 0       ;
;      - CORTEXM3INTEGRATIONDS:u_CORTEXM3INTEGRATION|cortexm3ds_logic:u_cortexm3ds_logic|Vsizz6                                                          ; 1                 ; 0       ;
;      - CORTEXM3INTEGRATIONDS:u_CORTEXM3INTEGRATION|cortexm3ds_logic:u_cortexm3ds_logic|Vj3nz6                                                          ; 0                 ; 0       ;
;      - CORTEXM3INTEGRATIONDS:u_CORTEXM3INTEGRATION|cortexm3ds_logic:u_cortexm3ds_logic|Knkzz6                                                          ; 1                 ; 0       ;
;      - CORTEXM3INTEGRATIONDS:u_CORTEXM3INTEGRATION|cortexm3ds_logic:u_cortexm3ds_logic|Nbgoz6                                                          ; 0                 ; 0       ;
;      - CORTEXM3INTEGRATIONDS:u_CORTEXM3INTEGRATION|cortexm3ds_logic:u_cortexm3ds_logic|Mfqoz6                                                          ; 1                 ; 0       ;
;      - CORTEXM3INTEGRATIONDS:u_CORTEXM3INTEGRATION|cortexm3ds_logic:u_cortexm3ds_logic|Haizz6                                                          ; 0                 ; 0       ;
;      - CORTEXM3INTEGRATIONDS:u_CORTEXM3INTEGRATION|cortexm3ds_logic:u_cortexm3ds_logic|M0jzz6                                                          ; 0                 ; 0       ;
;      - CORTEXM3INTEGRATIONDS:u_CORTEXM3INTEGRATION|cortexm3ds_logic:u_cortexm3ds_logic|Q8izz6                                                          ; 0                 ; 0       ;
;      - CORTEXM3INTEGRATIONDS:u_CORTEXM3INTEGRATION|cortexm3ds_logic:u_cortexm3ds_logic|Nuizz6                                                          ; 0                 ; 0       ;
;      - CORTEXM3INTEGRATIONDS:u_CORTEXM3INTEGRATION|cortexm3ds_logic:u_cortexm3ds_logic|N8noz6                                                          ; 1                 ; 0       ;
;      - CORTEXM3INTEGRATIONDS:u_CORTEXM3INTEGRATION|cortexm3ds_logic:u_cortexm3ds_logic|O8roz6                                                          ; 1                 ; 0       ;
;      - CORTEXM3INTEGRATIONDS:u_CORTEXM3INTEGRATION|cortexm3ds_logic:u_cortexm3ds_logic|Yrooz6                                                          ; 1                 ; 0       ;
;      - CORTEXM3INTEGRATIONDS:u_CORTEXM3INTEGRATION|cortexm3ds_logic:u_cortexm3ds_logic|Aucoz6                                                          ; 1                 ; 0       ;
;      - CORTEXM3INTEGRATIONDS:u_CORTEXM3INTEGRATION|cortexm3ds_logic:u_cortexm3ds_logic|Bfroz6                                                          ; 0                 ; 0       ;
;      - CORTEXM3INTEGRATIONDS:u_CORTEXM3INTEGRATION|cortexm3ds_logic:u_cortexm3ds_logic|Ybizz6                                                          ; 0                 ; 0       ;
;      - CORTEXM3INTEGRATIONDS:u_CORTEXM3INTEGRATION|cortexm3ds_logic:u_cortexm3ds_logic|Pdroz6                                                          ; 1                 ; 0       ;
;      - CORTEXM3INTEGRATIONDS:u_CORTEXM3INTEGRATION|cortexm3ds_logic:u_cortexm3ds_logic|Nbeoz6                                                          ; 1                 ; 0       ;
;      - CORTEXM3INTEGRATIONDS:u_CORTEXM3INTEGRATION|cortexm3ds_logic:u_cortexm3ds_logic|Earoz6                                                          ; 1                 ; 0       ;
;      - CORTEXM3INTEGRATIONDS:u_CORTEXM3INTEGRATION|cortexm3ds_logic:u_cortexm3ds_logic|Zweoz6                                                          ; 1                 ; 0       ;
;      - CORTEXM3INTEGRATIONDS:u_CORTEXM3INTEGRATION|cortexm3ds_logic:u_cortexm3ds_logic|Kxpzz6                                                          ; 1                 ; 0       ;
;      - CORTEXM3INTEGRATIONDS:u_CORTEXM3INTEGRATION|cortexm3ds_logic:u_cortexm3ds_logic|Hveoz6                                                          ; 1                 ; 0       ;
;      - CORTEXM3INTEGRATIONDS:u_CORTEXM3INTEGRATION|cortexm3ds_logic:u_cortexm3ds_logic|Ndpoz6                                                          ; 1                 ; 0       ;
;      - CORTEXM3INTEGRATIONDS:u_CORTEXM3INTEGRATION|cortexm3ds_logic:u_cortexm3ds_logic|Pteoz6                                                          ; 1                 ; 0       ;
;      - CORTEXM3INTEGRATIONDS:u_CORTEXM3INTEGRATION|cortexm3ds_logic:u_cortexm3ds_logic|Edeoz6                                                          ; 1                 ; 0       ;
;      - CORTEXM3INTEGRATIONDS:u_CORTEXM3INTEGRATION|cortexm3ds_logic:u_cortexm3ds_logic|Wreoz6                                                          ; 1                 ; 0       ;
;      - CORTEXM3INTEGRATIONDS:u_CORTEXM3INTEGRATION|cortexm3ds_logic:u_cortexm3ds_logic|Hssoz6                                                          ; 1                 ; 0       ;
;      - CORTEXM3INTEGRATIONDS:u_CORTEXM3INTEGRATION|cortexm3ds_logic:u_cortexm3ds_logic|X9eoz6                                                          ; 1                 ; 0       ;
;      - CORTEXM3INTEGRATIONDS:u_CORTEXM3INTEGRATION|cortexm3ds_logic:u_cortexm3ds_logic|Uchoz6                                                          ; 1                 ; 0       ;
;      - CORTEXM3INTEGRATIONDS:u_CORTEXM3INTEGRATION|cortexm3ds_logic:u_cortexm3ds_logic|Y6noz6                                                          ; 0                 ; 0       ;
;      - CORTEXM3INTEGRATIONDS:u_CORTEXM3INTEGRATION|cortexm3ds_logic:u_cortexm3ds_logic|Dqooz6                                                          ; 1                 ; 0       ;
;      - CORTEXM3INTEGRATIONDS:u_CORTEXM3INTEGRATION|cortexm3ds_logic:u_cortexm3ds_logic|U2izz6                                                          ; 1                 ; 0       ;
;      - CORTEXM3INTEGRATIONDS:u_CORTEXM3INTEGRATION|cortexm3ds_logic:u_cortexm3ds_logic|Jehoz6                                                          ; 0                 ; 0       ;
;      - CORTEXM3INTEGRATIONDS:u_CORTEXM3INTEGRATION|cortexm3ds_logic:u_cortexm3ds_logic|Ldizz6                                                          ; 1                 ; 0       ;
;      - CORTEXM3INTEGRATIONDS:u_CORTEXM3INTEGRATION|cortexm3ds_logic:u_cortexm3ds_logic|H7szz6                                                          ; 1                 ; 0       ;
;      - CORTEXM3INTEGRATIONDS:u_CORTEXM3INTEGRATION|cortexm3ds_logic:u_cortexm3ds_logic|W4ozz6                                                          ; 1                 ; 0       ;
;      - CORTEXM3INTEGRATIONDS:u_CORTEXM3INTEGRATION|cortexm3ds_logic:u_cortexm3ds_logic|Pmlzz6                                                          ; 1                 ; 0       ;
;      - CORTEXM3INTEGRATIONDS:u_CORTEXM3INTEGRATION|cortexm3ds_logic:u_cortexm3ds_logic|Iouzz6                                                          ; 1                 ; 0       ;
;      - CORTEXM3INTEGRATIONDS:u_CORTEXM3INTEGRATION|cortexm3ds_logic:u_cortexm3ds_logic|Flooz6                                                          ; 1                 ; 0       ;
;      - CORTEXM3INTEGRATIONDS:u_CORTEXM3INTEGRATION|cortexm3ds_logic:u_cortexm3ds_logic|Wfhoz6                                                          ; 1                 ; 0       ;
;      - CORTEXM3INTEGRATIONDS:u_CORTEXM3INTEGRATION|cortexm3ds_logic:u_cortexm3ds_logic|Cjhoz6                                                          ; 1                 ; 0       ;
;      - CORTEXM3INTEGRATIONDS:u_CORTEXM3INTEGRATION|cortexm3ds_logic:u_cortexm3ds_logic|Xmooz6                                                          ; 1                 ; 0       ;
;      - CORTEXM3INTEGRATIONDS:u_CORTEXM3INTEGRATION|cortexm3ds_logic:u_cortexm3ds_logic|Zdozz6                                                          ; 1                 ; 0       ;
;      - CORTEXM3INTEGRATIONDS:u_CORTEXM3INTEGRATION|cortexm3ds_logic:u_cortexm3ds_logic|Eacoz6                                                          ; 1                 ; 0       ;
;      - CORTEXM3INTEGRATIONDS:u_CORTEXM3INTEGRATION|cortexm3ds_logic:u_cortexm3ds_logic|L8coz6                                                          ; 1                 ; 0       ;
;      - CORTEXM3INTEGRATIONDS:u_CORTEXM3INTEGRATION|cortexm3ds_logic:u_cortexm3ds_logic|Vicoz6                                                          ; 0                 ; 0       ;
;      - CORTEXM3INTEGRATIONDS:u_CORTEXM3INTEGRATION|cortexm3ds_logic:u_cortexm3ds_logic|Chcoz6                                                          ; 0                 ; 0       ;
;      - CORTEXM3INTEGRATIONDS:u_CORTEXM3INTEGRATION|cortexm3ds_logic:u_cortexm3ds_logic|Jfcoz6                                                          ; 1                 ; 0       ;
;      - CORTEXM3INTEGRATIONDS:u_CORTEXM3INTEGRATION|cortexm3ds_logic:u_cortexm3ds_logic|Qdcoz6                                                          ; 1                 ; 0       ;
;      - CORTEXM3INTEGRATIONDS:u_CORTEXM3INTEGRATION|cortexm3ds_logic:u_cortexm3ds_logic|Xbcoz6                                                          ; 1                 ; 0       ;
;      - CORTEXM3INTEGRATIONDS:u_CORTEXM3INTEGRATION|cortexm3ds_logic:u_cortexm3ds_logic|Aocoz6                                                          ; 0                 ; 0       ;
;      - CORTEXM3INTEGRATIONDS:u_CORTEXM3INTEGRATION|cortexm3ds_logic:u_cortexm3ds_logic|F51g07                                                          ; 0                 ; 0       ;
;      - CORTEXM3INTEGRATIONDS:u_CORTEXM3INTEGRATION|cortexm3ds_logic:u_cortexm3ds_logic|Xqkzz6                                                          ; 0                 ; 0       ;
;      - CORTEXM3INTEGRATIONDS:u_CORTEXM3INTEGRATION|cortexm3ds_logic:u_cortexm3ds_logic|Flazz6                                                          ; 0                 ; 0       ;
;      - CORTEXM3INTEGRATIONDS:u_CORTEXM3INTEGRATION|cortexm3ds_logic:u_cortexm3ds_logic|K0bzz6                                                          ; 0                 ; 0       ;
;      - CORTEXM3INTEGRATIONDS:u_CORTEXM3INTEGRATION|cortexm3ds_logic:u_cortexm3ds_logic|Bnbzz6                                                          ; 0                 ; 0       ;
;      - CORTEXM3INTEGRATIONDS:u_CORTEXM3INTEGRATION|cortexm3ds_logic:u_cortexm3ds_logic|G2czz6                                                          ; 0                 ; 0       ;
;      - CORTEXM3INTEGRATIONDS:u_CORTEXM3INTEGRATION|cortexm3ds_logic:u_cortexm3ds_logic|Xoczz6                                                          ; 0                 ; 0       ;
;      - CORTEXM3INTEGRATIONDS:u_CORTEXM3INTEGRATION|cortexm3ds_logic:u_cortexm3ds_logic|C4dzz6                                                          ; 0                 ; 0       ;
;      - CORTEXM3INTEGRATIONDS:u_CORTEXM3INTEGRATION|cortexm3ds_logic:u_cortexm3ds_logic|Tqdzz6                                                          ; 0                 ; 0       ;
;      - CORTEXM3INTEGRATIONDS:u_CORTEXM3INTEGRATION|cortexm3ds_logic:u_cortexm3ds_logic|Y5ezz6                                                          ; 0                 ; 0       ;
;      - CORTEXM3INTEGRATIONDS:u_CORTEXM3INTEGRATION|cortexm3ds_logic:u_cortexm3ds_logic|Psezz6                                                          ; 0                 ; 0       ;
;      - CORTEXM3INTEGRATIONDS:u_CORTEXM3INTEGRATION|cortexm3ds_logic:u_cortexm3ds_logic|Dzqoz6                                                          ; 1                 ; 0       ;
;      - CORTEXM3INTEGRATIONDS:u_CORTEXM3INTEGRATION|cortexm3ds_logic:u_cortexm3ds_logic|Ykezz6                                                          ; 1                 ; 0       ;
;      - CORTEXM3INTEGRATIONDS:u_CORTEXM3INTEGRATION|cortexm3ds_logic:u_cortexm3ds_logic|Quezz6                                                          ; 0                 ; 0       ;
;      - CORTEXM3INTEGRATIONDS:u_CORTEXM3INTEGRATION|cortexm3ds_logic:u_cortexm3ds_logic|Wwgoz6                                                          ; 1                 ; 0       ;
;      - CORTEXM3INTEGRATIONDS:u_CORTEXM3INTEGRATION|cortexm3ds_logic:u_cortexm3ds_logic|Ykeoz6                                                          ; 0                 ; 0       ;
;      - CORTEXM3INTEGRATIONDS:u_CORTEXM3INTEGRATION|cortexm3ds_logic:u_cortexm3ds_logic|Cjdzz6                                                          ; 1                 ; 0       ;
;      - CORTEXM3INTEGRATIONDS:u_CORTEXM3INTEGRATION|cortexm3ds_logic:u_cortexm3ds_logic|Usdzz6                                                          ; 0                 ; 0       ;
;      - CORTEXM3INTEGRATIONDS:u_CORTEXM3INTEGRATION|cortexm3ds_logic:u_cortexm3ds_logic|Lxqoz6                                                          ; 1                 ; 0       ;
;      - CORTEXM3INTEGRATIONDS:u_CORTEXM3INTEGRATION|cortexm3ds_logic:u_cortexm3ds_logic|Rmeoz6                                                          ; 0                 ; 0       ;
;      - CORTEXM3INTEGRATIONDS:u_CORTEXM3INTEGRATION|cortexm3ds_logic:u_cortexm3ds_logic|Evgoz6                                                          ; 1                 ; 0       ;
;      - CORTEXM3INTEGRATIONDS:u_CORTEXM3INTEGRATION|cortexm3ds_logic:u_cortexm3ds_logic|W3fzz6                                                          ; 1                 ; 0       ;
;      - CORTEXM3INTEGRATIONDS:u_CORTEXM3INTEGRATION|cortexm3ds_logic:u_cortexm3ds_logic|Vbezz6                                                          ; 1                 ; 0       ;
;      - CORTEXM3INTEGRATIONDS:u_CORTEXM3INTEGRATION|cortexm3ds_logic:u_cortexm3ds_logic|A2ezz6                                                          ; 0                 ; 0       ;
;      - CORTEXM3INTEGRATIONDS:u_CORTEXM3INTEGRATION|cortexm3ds_logic:u_cortexm3ds_logic|Koeoz6                                                          ; 0                 ; 0       ;
;      - CORTEXM3INTEGRATIONDS:u_CORTEXM3INTEGRATION|cortexm3ds_logic:u_cortexm3ds_logic|Foqzz6                                                          ; 1                 ; 0       ;
;      - CORTEXM3INTEGRATIONDS:u_CORTEXM3INTEGRATION|cortexm3ds_logic:u_cortexm3ds_logic|Dqeoz6                                                          ; 0                 ; 0       ;
;      - CORTEXM3INTEGRATIONDS:u_CORTEXM3INTEGRATION|cortexm3ds_logic:u_cortexm3ds_logic|Odazz6                                                          ; 1                 ; 0       ;
;      - CORTEXM3INTEGRATIONDS:u_CORTEXM3INTEGRATION|cortexm3ds_logic:u_cortexm3ds_logic|Gnazz6                                                          ; 1                 ; 0       ;
;      - CORTEXM3INTEGRATIONDS:u_CORTEXM3INTEGRATION|cortexm3ds_logic:u_cortexm3ds_logic|Kfbzz6                                                          ; 0                 ; 0       ;
;      - CORTEXM3INTEGRATIONDS:u_CORTEXM3INTEGRATION|cortexm3ds_logic:u_cortexm3ds_logic|Cpbzz6                                                          ; 1                 ; 0       ;
;      - CORTEXM3INTEGRATIONDS:u_CORTEXM3INTEGRATION|cortexm3ds_logic:u_cortexm3ds_logic|D8czz6                                                          ; 0                 ; 0       ;
;      - CORTEXM3INTEGRATIONDS:u_CORTEXM3INTEGRATION|cortexm3ds_logic:u_cortexm3ds_logic|Iybzz6                                                          ; 0                 ; 0       ;
;      - CORTEXM3INTEGRATIONDS:u_CORTEXM3INTEGRATION|cortexm3ds_logic:u_cortexm3ds_logic|C5toz6                                                          ; 1                 ; 0       ;
;      - CORTEXM3INTEGRATIONDS:u_CORTEXM3INTEGRATION|cortexm3ds_logic:u_cortexm3ds_logic|Okcoz6                                                          ; 0                 ; 0       ;
;      - CORTEXM3INTEGRATIONDS:u_CORTEXM3INTEGRATION|cortexm3ds_logic:u_cortexm3ds_logic|Fetoz6                                                          ; 1                 ; 0       ;
;      - CORTEXM3INTEGRATIONDS:u_CORTEXM3INTEGRATION|cortexm3ds_logic:u_cortexm3ds_logic|Hmcoz6                                                          ; 0                 ; 0       ;
;      - CORTEXM3INTEGRATIONDS:u_CORTEXM3INTEGRATION|cortexm3ds_logic:u_cortexm3ds_logic|H6bzz6                                                          ; 0                 ; 0       ;
;      - CORTEXM3INTEGRATIONDS:u_CORTEXM3INTEGRATION|cortexm3ds_logic:u_cortexm3ds_logic|Mwazz6                                                          ; 1                 ; 0       ;
;      - CORTEXM3INTEGRATIONDS:u_CORTEXM3INTEGRATION|cortexm3ds_logic:u_cortexm3ds_logic|Z9dzz6                                                          ; 1                 ; 0       ;
;      - CORTEXM3INTEGRATIONDS:u_CORTEXM3INTEGRATION|cortexm3ds_logic:u_cortexm3ds_logic|E0dzz6                                                          ; 0                 ; 0       ;
;      - CORTEXM3INTEGRATIONDS:u_CORTEXM3INTEGRATION|cortexm3ds_logic:u_cortexm3ds_logic|Ghczz6                                                          ; 0                 ; 0       ;
;      - CORTEXM3INTEGRATIONDS:u_CORTEXM3INTEGRATION|cortexm3ds_logic:u_cortexm3ds_logic|Yqczz6                                                          ; 0                 ; 0       ;
;      - CORTEXM3INTEGRATIONDS:u_CORTEXM3INTEGRATION|cortexm3ds_logic:u_cortexm3ds_logic|V1poz6                                                          ; 0                 ; 0       ;
;      - CORTEXM3INTEGRATIONDS:u_CORTEXM3INTEGRATION|cortexm3ds_logic:u_cortexm3ds_logic|U0roz6                                                          ; 1                 ; 0       ;
;      - CORTEXM3INTEGRATIONDS:u_CORTEXM3INTEGRATION|cortexm3ds_logic:u_cortexm3ds_logic|Od1g07                                                          ; 1                 ; 0       ;
;      - CORTEXM3INTEGRATIONDS:u_CORTEXM3INTEGRATION|cortexm3ds_logic:u_cortexm3ds_logic|Zb1g07                                                          ; 1                 ; 0       ;
;      - CORTEXM3INTEGRATIONDS:u_CORTEXM3INTEGRATION|cortexm3ds_logic:u_cortexm3ds_logic|G71g07                                                          ; 1                 ; 0       ;
;      - CORTEXM3INTEGRATIONDS:u_CORTEXM3INTEGRATION|cortexm3ds_logic:u_cortexm3ds_logic|V81g07                                                          ; 1                 ; 0       ;
;      - CORTEXM3INTEGRATIONDS:u_CORTEXM3INTEGRATION|cortexm3ds_logic:u_cortexm3ds_logic|Ka1g07                                                          ; 1                 ; 0       ;
;      - CORTEXM3INTEGRATIONDS:u_CORTEXM3INTEGRATION|cortexm3ds_logic:u_cortexm3ds_logic|Fxcoz6                                                          ; 1                 ; 0       ;
;      - CORTEXM3INTEGRATIONDS:u_CORTEXM3INTEGRATION|cortexm3ds_logic:u_cortexm3ds_logic|Quqzz6                                                          ; 1                 ; 0       ;
;      - CORTEXM3INTEGRATIONDS:u_CORTEXM3INTEGRATION|cortexm3ds_logic:u_cortexm3ds_logic|Ogroz6                                                          ; 0                 ; 0       ;
;      - CORTEXM3INTEGRATIONDS:u_CORTEXM3INTEGRATION|cortexm3ds_logic:u_cortexm3ds_logic|Ubroz6                                                          ; 1                 ; 0       ;
;      - CORTEXM3INTEGRATIONDS:u_CORTEXM3INTEGRATION|cortexm3ds_logic:u_cortexm3ds_logic|Nyooz6                                                          ; 1                 ; 0       ;
;      - CORTEXM3INTEGRATIONDS:u_CORTEXM3INTEGRATION|cortexm3ds_logic:u_cortexm3ds_logic|Dohoz6                                                          ; 0                 ; 0       ;
;      - CORTEXM3INTEGRATIONDS:u_CORTEXM3INTEGRATION|cortexm3ds_logic:u_cortexm3ds_logic|Xh3nz6                                                          ; 0                 ; 0       ;
;      - CORTEXM3INTEGRATIONDS:u_CORTEXM3INTEGRATION|cortexm3ds_logic:u_cortexm3ds_logic|Vdqoz6                                                          ; 1                 ; 0       ;
;      - CORTEXM3INTEGRATIONDS:u_CORTEXM3INTEGRATION|cortexm3ds_logic:u_cortexm3ds_logic|Rk1g07                                                          ; 1                 ; 0       ;
;      - CORTEXM3INTEGRATIONDS:u_CORTEXM3INTEGRATION|cortexm3ds_logic:u_cortexm3ds_logic|Xosoz6                                                          ; 1                 ; 0       ;
;      - CORTEXM3INTEGRATIONDS:u_CORTEXM3INTEGRATION|cortexm3ds_logic:u_cortexm3ds_logic|Pqsoz6                                                          ; 1                 ; 0       ;
;      - CORTEXM3INTEGRATIONDS:u_CORTEXM3INTEGRATION|cortexm3ds_logic:u_cortexm3ds_logic|Bwrzz6                                                          ; 1                 ; 0       ;
;      - CORTEXM3INTEGRATIONDS:u_CORTEXM3INTEGRATION|cortexm3ds_logic:u_cortexm3ds_logic|Tvpzz6                                                          ; 1                 ; 0       ;
;      - CORTEXM3INTEGRATIONDS:u_CORTEXM3INTEGRATION|cortexm3ds_logic:u_cortexm3ds_logic|Ttsoz6                                                          ; 1                 ; 0       ;
;      - CORTEXM3INTEGRATIONDS:u_CORTEXM3INTEGRATION|cortexm3ds_logic:u_cortexm3ds_logic|Wbpoz6                                                          ; 1                 ; 0       ;
;      - CORTEXM3INTEGRATIONDS:u_CORTEXM3INTEGRATION|cortexm3ds_logic:u_cortexm3ds_logic|Tctzz6                                                          ; 0                 ; 0       ;
;      - CORTEXM3INTEGRATIONDS:u_CORTEXM3INTEGRATION|cortexm3ds_logic:u_cortexm3ds_logic|D1izz6                                                          ; 0                 ; 0       ;
;      - CORTEXM3INTEGRATIONDS:u_CORTEXM3INTEGRATION|cortexm3ds_logic:u_cortexm3ds_logic|E3ozz6                                                          ; 1                 ; 0       ;
;      - CORTEXM3INTEGRATIONDS:u_CORTEXM3INTEGRATION|cortexm3ds_logic:u_cortexm3ds_logic|Xklzz6                                                          ; 1                 ; 0       ;
;      - CORTEXM3INTEGRATIONDS:u_CORTEXM3INTEGRATION|cortexm3ds_logic:u_cortexm3ds_logic|Qmuzz6                                                          ; 1                 ; 0       ;
;      - CORTEXM3INTEGRATIONDS:u_CORTEXM3INTEGRATION|cortexm3ds_logic:u_cortexm3ds_logic|U6poz6                                                          ; 1                 ; 0       ;
;      - CORTEXM3INTEGRATIONDS:u_CORTEXM3INTEGRATION|cortexm3ds_logic:u_cortexm3ds_logic|Hqy917                                                          ; 1                 ; 0       ;
;      - CORTEXM3INTEGRATIONDS:u_CORTEXM3INTEGRATION|cortexm3ds_logic:u_cortexm3ds_logic|Eapoz6                                                          ; 1                 ; 0       ;
;      - CORTEXM3INTEGRATIONDS:u_CORTEXM3INTEGRATION|cortexm3ds_logic:u_cortexm3ds_logic|Imhoz6                                                          ; 1                 ; 0       ;
;      - CORTEXM3INTEGRATIONDS:u_CORTEXM3INTEGRATION|cortexm3ds_logic:u_cortexm3ds_logic|Khlzz6                                                          ; 0                 ; 0       ;
;      - CORTEXM3INTEGRATIONDS:u_CORTEXM3INTEGRATION|cortexm3ds_logic:u_cortexm3ds_logic|M0pzz6                                                          ; 1                 ; 0       ;
;      - CORTEXM3INTEGRATIONDS:u_CORTEXM3INTEGRATION|cortexm3ds_logic:u_cortexm3ds_logic|S3pzz6                                                          ; 1                 ; 0       ;
;      - CORTEXM3INTEGRATIONDS:u_CORTEXM3INTEGRATION|cortexm3ds_logic:u_cortexm3ds_logic|Plkzz6                                                          ; 0                 ; 0       ;
;      - CORTEXM3INTEGRATIONDS:u_CORTEXM3INTEGRATION|cortexm3ds_logic:u_cortexm3ds_logic|Wjkzz6                                                          ; 0                 ; 0       ;
;      - CORTEXM3INTEGRATIONDS:u_CORTEXM3INTEGRATION|cortexm3ds_logic:u_cortexm3ds_logic|Rlgoz6                                                          ; 0                 ; 0       ;
;      - CORTEXM3INTEGRATIONDS:u_CORTEXM3INTEGRATION|cortexm3ds_logic:u_cortexm3ds_logic|Xdqzz6                                                          ; 0                 ; 0       ;
;      - CORTEXM3INTEGRATIONDS:u_CORTEXM3INTEGRATION|cortexm3ds_logic:u_cortexm3ds_logic|Xkzzz6                                                          ; 0                 ; 0       ;
;      - CORTEXM3INTEGRATIONDS:u_CORTEXM3INTEGRATION|cortexm3ds_logic:u_cortexm3ds_logic|M8poz6                                                          ; 0                 ; 0       ;
;      - CORTEXM3INTEGRATIONDS:u_CORTEXM3INTEGRATION|cortexm3ds_logic:u_cortexm3ds_logic|Lc0107                                                          ; 0                 ; 0       ;
;      - CORTEXM3INTEGRATIONDS:u_CORTEXM3INTEGRATION|cortexm3ds_logic:u_cortexm3ds_logic|Tvqoz6                                                          ; 0                 ; 0       ;
;      - CORTEXM3INTEGRATIONDS:u_CORTEXM3INTEGRATION|cortexm3ds_logic:u_cortexm3ds_logic|N31g07                                                          ; 1                 ; 0       ;
;      - CORTEXM3INTEGRATIONDS:u_CORTEXM3INTEGRATION|cortexm3ds_logic:u_cortexm3ds_logic|Zzzzz6                                                          ; 0                 ; 0       ;
;      - CORTEXM3INTEGRATIONDS:u_CORTEXM3INTEGRATION|cortexm3ds_logic:u_cortexm3ds_logic|Omqzz6                                                          ; 1                 ; 0       ;
;      - CORTEXM3INTEGRATIONDS:u_CORTEXM3INTEGRATION|cortexm3ds_logic:u_cortexm3ds_logic|Go1107                                                          ; 1                 ; 0       ;
;      - CORTEXM3INTEGRATIONDS:u_CORTEXM3INTEGRATION|cortexm3ds_logic:u_cortexm3ds_logic|Oivf07                                                          ; 0                 ; 0       ;
;      - CORTEXM3INTEGRATIONDS:u_CORTEXM3INTEGRATION|cortexm3ds_logic:u_cortexm3ds_logic|Qxvf07                                                          ; 0                 ; 0       ;
;      - CORTEXM3INTEGRATIONDS:u_CORTEXM3INTEGRATION|cortexm3ds_logic:u_cortexm3ds_logic|Cu0107                                                          ; 1                 ; 0       ;
;      - CORTEXM3INTEGRATIONDS:u_CORTEXM3INTEGRATION|cortexm3ds_logic:u_cortexm3ds_logic|E91107                                                          ; 1                 ; 0       ;
;      - CORTEXM3INTEGRATIONDS:u_CORTEXM3INTEGRATION|cortexm3ds_logic:u_cortexm3ds_logic|Ak2107                                                          ; 0                 ; 0       ;
;      - CORTEXM3INTEGRATIONDS:u_CORTEXM3INTEGRATION|cortexm3ds_logic:u_cortexm3ds_logic|Scwf07                                                          ; 0                 ; 0       ;
;      - CORTEXM3INTEGRATIONDS:u_CORTEXM3INTEGRATION|cortexm3ds_logic:u_cortexm3ds_logic|Xdlzz6                                                          ; 0                 ; 0       ;
;      - CORTEXM3INTEGRATIONDS:u_CORTEXM3INTEGRATION|cortexm3ds_logic:u_cortexm3ds_logic|Iy1g07                                                          ; 0                 ; 0       ;
;      - CORTEXM3INTEGRATIONDS:u_CORTEXM3INTEGRATION|cortexm3ds_logic:u_cortexm3ds_logic|K4goz6                                                          ; 0                 ; 0       ;
;      - CORTEXM3INTEGRATIONDS:u_CORTEXM3INTEGRATION|cortexm3ds_logic:u_cortexm3ds_logic|Ckgoz6                                                          ; 0                 ; 0       ;
;      - CORTEXM3INTEGRATIONDS:u_CORTEXM3INTEGRATION|cortexm3ds_logic:u_cortexm3ds_logic|Uw1g07                                                          ; 1                 ; 0       ;
; TDI                                                                                                                                                    ;                   ;         ;
;      - CORTEXM3INTEGRATIONDS:u_CORTEXM3INTEGRATION|cortexm3ds_logic:u_cortexm3ds_logic|Gul8v6~1                                                        ; 0                 ; 6       ;
;      - CORTEXM3INTEGRATIONDS:u_CORTEXM3INTEGRATION|cortexm3ds_logic:u_cortexm3ds_logic|Vah8v6~0                                                        ; 0                 ; 6       ;
; flash_miso                                                                                                                                             ;                   ;         ;
;      - spi_flash_apb_ctrl:u_spi_flash_apb_ctrl|spi_module:u_spi_module|spi_rx_data~0                                                                   ; 0                 ; 6       ;
;      - spi_flash_apb_ctrl:u_spi_flash_apb_ctrl|spi_module:u_spi_module|spi_rx_data~1                                                                   ; 0                 ; 6       ;
;      - spi_flash_apb_ctrl:u_spi_flash_apb_ctrl|spi_module:u_spi_module|spi_rx_data~2                                                                   ; 0                 ; 6       ;
;      - spi_flash_apb_ctrl:u_spi_flash_apb_ctrl|spi_module:u_spi_module|spi_rx_data~3                                                                   ; 0                 ; 6       ;
;      - spi_flash_apb_ctrl:u_spi_flash_apb_ctrl|spi_module:u_spi_module|spi_rx_data~4                                                                   ; 0                 ; 6       ;
;      - spi_flash_apb_ctrl:u_spi_flash_apb_ctrl|spi_module:u_spi_module|spi_rx_data~5                                                                   ; 0                 ; 6       ;
;      - spi_flash_apb_ctrl:u_spi_flash_apb_ctrl|spi_module:u_spi_module|spi_rx_data~6                                                                   ; 0                 ; 6       ;
;      - spi_flash_apb_ctrl:u_spi_flash_apb_ctrl|spi_module:u_spi_module|spi_rx_data~7                                                                   ; 0                 ; 6       ;
; timer0_extin                                                                                                                                           ;                   ;         ;
;      - cmsdk_apb_subsystem:u_apb_subsystem|cmsdk_apb_timer:gen_apb_timer_0.u_apb_timer_0|ext_in_sync1                                                  ; 1                 ; 6       ;
; uart1_rxd                                                                                                                                              ;                   ;         ;
;      - cmsdk_apb_subsystem:u_apb_subsystem|cmsdk_apb_uart:gen_apb_uart_1.u_apb_uart_1|rxd_sync_1~0                                                     ; 1                 ; 6       ;
; i2s_sd                                                                                                                                                 ;                   ;         ;
;      - i2s_rx_core:u_i2s_rx_core|Selector38~0                                                                                                          ; 0                 ; 6       ;
+--------------------------------------------------------------------------------------------------------------------------------------------------------+-------------------+---------+


+----------------------------------------------------------------------------------------------------------------------------------------------------------------------------------------------------------------------------------------------------------------------------+
; Control Signals                                                                                                                                                                                                                                                            ;
+----------------------------------------------------------------------------------------------------------------------+--------------------+---------+---------------------------------------+--------+----------------------+------------------+---------------------------+
; Name                                                                                                                 ; Location           ; Fan-Out ; Usage                                 ; Global ; Global Resource Used ; Global Line Name ; Enable Signal Source Name ;
+----------------------------------------------------------------------------------------------------------------------+--------------------+---------+---------------------------------------+--------+----------------------+------------------+---------------------------+
; AHB2MEM:U_SRAM|altsyncram:memory_rtl_0|altsyncram_6kg1:auto_generated|decode_97a:decode2|eq_node[0]                  ; LCCOMB_X50_Y29_N22 ; 32      ; Write enable                          ; no     ; --                   ; --               ; --                        ;
; AHB2MEM:U_SRAM|altsyncram:memory_rtl_0|altsyncram_6kg1:auto_generated|decode_97a:decode2|eq_node[1]                  ; LCCOMB_X50_Y29_N2  ; 32      ; Write enable                          ; no     ; --                   ; --               ; --                        ;
; BusMatrix3x3:u_BusMatrix3x3|InputStage:u_InputStage_0|load_reg                                                       ; LCCOMB_X42_Y29_N26 ; 38      ; Clock enable                          ; no     ; --                   ; --               ; --                        ;
; BusMatrix3x3:u_BusMatrix3x3|InputStage:u_InputStage_1|load_reg                                                       ; LCCOMB_X42_Y27_N0  ; 36      ; Clock enable                          ; no     ; --                   ; --               ; --                        ;
; BusMatrix3x3:u_BusMatrix3x3|InputStage:u_InputStage_2|load_reg~0                                                     ; LCCOMB_X43_Y31_N14 ; 31      ; Clock enable                          ; no     ; --                   ; --               ; --                        ;
; BusMatrix3x3:u_BusMatrix3x3|OutputStage:u_outputstage_0|cmsdk_ahb_bm_output_arb:u_output_arb|reg_burst_remain[2]~1   ; LCCOMB_X45_Y31_N26 ; 2       ; Clock enable                          ; no     ; --                   ; --               ; --                        ;
; BusMatrix3x3:u_BusMatrix3x3|OutputStage:u_outputstage_1|cmsdk_ahb_bm_output_arb:u_output_arb|i_no_port               ; FF_X43_Y29_N7      ; 5       ; Sync. clear                           ; no     ; --                   ; --               ; --                        ;
; BusMatrix3x3:u_BusMatrix3x3|OutputStage:u_outputstage_1|i_hreadymuxm~0                                               ; LCCOMB_X44_Y29_N16 ; 4       ; Clock enable                          ; no     ; --                   ; --               ; --                        ;
; CLK                                                                                                                  ; PIN_N14            ; 5753    ; Clock                                 ; yes    ; Global Clock         ; GCLK9            ; --                        ;
; CORTEXM3INTEGRATIONDS:u_CORTEXM3INTEGRATION|cortexm3ds_logic:u_cortexm3ds_logic|A41jy6                               ; LCCOMB_X64_Y22_N18 ; 32      ; Clock enable                          ; no     ; --                   ; --               ; --                        ;
; CORTEXM3INTEGRATIONDS:u_CORTEXM3INTEGRATION|cortexm3ds_logic:u_cortexm3ds_logic|A6e8v6~0                             ; LCCOMB_X47_Y7_N16  ; 3       ; Clock enable                          ; no     ; --                   ; --               ; --                        ;
; CORTEXM3INTEGRATIONDS:u_CORTEXM3INTEGRATION|cortexm3ds_logic:u_cortexm3ds_logic|A9kiw6                               ; LCCOMB_X39_Y19_N12 ; 28      ; Clock enable                          ; no     ; --                   ; --               ; --                        ;
; CORTEXM3INTEGRATIONDS:u_CORTEXM3INTEGRATION|cortexm3ds_logic:u_cortexm3ds_logic|Ab5ov6~0                             ; LCCOMB_X54_Y26_N14 ; 2       ; Clock enable                          ; no     ; --                   ; --               ; --                        ;
; CORTEXM3INTEGRATIONDS:u_CORTEXM3INTEGRATION|cortexm3ds_logic:u_cortexm3ds_logic|Abd7x6                               ; LCCOMB_X51_Y24_N6  ; 14      ; Clock enable                          ; no     ; --                   ; --               ; --                        ;
; CORTEXM3INTEGRATIONDS:u_CORTEXM3INTEGRATION|cortexm3ds_logic:u_cortexm3ds_logic|Add10~3                              ; LCCOMB_X34_Y9_N30  ; 13      ; Clock enable                          ; no     ; --                   ; --               ; --                        ;
; CORTEXM3INTEGRATIONDS:u_CORTEXM3INTEGRATION|cortexm3ds_logic:u_cortexm3ds_logic|Aibiw6                               ; LCCOMB_X43_Y34_N12 ; 6       ; Clock enable                          ; no     ; --                   ; --               ; --                        ;
; CORTEXM3INTEGRATIONDS:u_CORTEXM3INTEGRATION|cortexm3ds_logic:u_cortexm3ds_logic|Aiiiw6~0                             ; LCCOMB_X56_Y26_N28 ; 2       ; Clock enable                          ; no     ; --                   ; --               ; --                        ;
; CORTEXM3INTEGRATIONDS:u_CORTEXM3INTEGRATION|cortexm3ds_logic:u_cortexm3ds_logic|All7v6~0                             ; LCCOMB_X36_Y8_N2   ; 3       ; Clock enable                          ; no     ; --                   ; --               ; --                        ;
; CORTEXM3INTEGRATIONDS:u_CORTEXM3INTEGRATION|cortexm3ds_logic:u_cortexm3ds_logic|Alo7x6~0                             ; LCCOMB_X50_Y23_N0  ; 43      ; Clock enable                          ; no     ; --                   ; --               ; --                        ;
; CORTEXM3INTEGRATIONDS:u_CORTEXM3INTEGRATION|cortexm3ds_logic:u_cortexm3ds_logic|Ammhw6~2                             ; LCCOMB_X7_Y23_N16  ; 53      ; Clock enable                          ; no     ; --                   ; --               ; --                        ;
; CORTEXM3INTEGRATIONDS:u_CORTEXM3INTEGRATION|cortexm3ds_logic:u_cortexm3ds_logic|Apiiw6~1                             ; LCCOMB_X55_Y26_N28 ; 7       ; Clock enable                          ; no     ; --                   ; --               ; --                        ;
; CORTEXM3INTEGRATIONDS:u_CORTEXM3INTEGRATION|cortexm3ds_logic:u_cortexm3ds_logic|Avciw6                               ; LCCOMB_X43_Y33_N26 ; 4       ; Clock enable                          ; no     ; --                   ; --               ; --                        ;
; CORTEXM3INTEGRATIONDS:u_CORTEXM3INTEGRATION|cortexm3ds_logic:u_cortexm3ds_logic|Aw1jy6~0                             ; LCCOMB_X51_Y25_N12 ; 8       ; Clock enable                          ; no     ; --                   ; --               ; --                        ;
; CORTEXM3INTEGRATIONDS:u_CORTEXM3INTEGRATION|cortexm3ds_logic:u_cortexm3ds_logic|Azd8v6~0                             ; LCCOMB_X41_Y4_N6   ; 3       ; Clock enable                          ; no     ; --                   ; --               ; --                        ;
; CORTEXM3INTEGRATIONDS:u_CORTEXM3INTEGRATION|cortexm3ds_logic:u_cortexm3ds_logic|B22yx6                               ; LCCOMB_X54_Y19_N14 ; 8       ; Clock enable                          ; no     ; --                   ; --               ; --                        ;
; CORTEXM3INTEGRATIONDS:u_CORTEXM3INTEGRATION|cortexm3ds_logic:u_cortexm3ds_logic|B2f8v6~0                             ; LCCOMB_X54_Y6_N10  ; 3       ; Clock enable                          ; no     ; --                   ; --               ; --                        ;
; CORTEXM3INTEGRATIONDS:u_CORTEXM3INTEGRATION|cortexm3ds_logic:u_cortexm3ds_logic|B35xx6~0                             ; LCCOMB_X61_Y12_N12 ; 9       ; Clock enable                          ; no     ; --                   ; --               ; --                        ;
; CORTEXM3INTEGRATIONDS:u_CORTEXM3INTEGRATION|cortexm3ds_logic:u_cortexm3ds_logic|B4d8v6~0                             ; LCCOMB_X54_Y6_N14  ; 3       ; Clock enable                          ; no     ; --                   ; --               ; --                        ;
; CORTEXM3INTEGRATIONDS:u_CORTEXM3INTEGRATION|cortexm3ds_logic:u_cortexm3ds_logic|B57iw6~0                             ; LCCOMB_X40_Y14_N8  ; 8       ; Clock enable                          ; no     ; --                   ; --               ; --                        ;
; CORTEXM3INTEGRATIONDS:u_CORTEXM3INTEGRATION|cortexm3ds_logic:u_cortexm3ds_logic|B6kiw6                               ; LCCOMB_X40_Y19_N30 ; 30      ; Clock enable                          ; no     ; --                   ; --               ; --                        ;
; CORTEXM3INTEGRATIONDS:u_CORTEXM3INTEGRATION|cortexm3ds_logic:u_cortexm3ds_logic|B7ciw6~2                             ; LCCOMB_X45_Y33_N12 ; 16      ; Clock enable                          ; no     ; --                   ; --               ; --                        ;
; CORTEXM3INTEGRATIONDS:u_CORTEXM3INTEGRATION|cortexm3ds_logic:u_cortexm3ds_logic|Ba6yx6~0                             ; LCCOMB_X61_Y31_N30 ; 10      ; Clock enable                          ; no     ; --                   ; --               ; --                        ;
; CORTEXM3INTEGRATIONDS:u_CORTEXM3INTEGRATION|cortexm3ds_logic:u_cortexm3ds_logic|Be6yx6~0                             ; LCCOMB_X62_Y30_N8  ; 10      ; Clock enable                          ; no     ; --                   ; --               ; --                        ;
; CORTEXM3INTEGRATIONDS:u_CORTEXM3INTEGRATION|cortexm3ds_logic:u_cortexm3ds_logic|Beciw6~2                             ; LCCOMB_X43_Y33_N18 ; 6       ; Clock enable                          ; no     ; --                   ; --               ; --                        ;
; CORTEXM3INTEGRATIONDS:u_CORTEXM3INTEGRATION|cortexm3ds_logic:u_cortexm3ds_logic|Bh5xx6                               ; LCCOMB_X60_Y11_N10 ; 8       ; Clock enable                          ; no     ; --                   ; --               ; --                        ;
; CORTEXM3INTEGRATIONDS:u_CORTEXM3INTEGRATION|cortexm3ds_logic:u_cortexm3ds_logic|Bi6yx6                               ; LCCOMB_X61_Y31_N22 ; 10      ; Clock enable                          ; no     ; --                   ; --               ; --                        ;
; CORTEXM3INTEGRATIONDS:u_CORTEXM3INTEGRATION|cortexm3ds_logic:u_cortexm3ds_logic|Bmbiw6~0                             ; LCCOMB_X42_Y32_N24 ; 3       ; Clock enable                          ; no     ; --                   ; --               ; --                        ;
; CORTEXM3INTEGRATIONDS:u_CORTEXM3INTEGRATION|cortexm3ds_logic:u_cortexm3ds_logic|Bq4yx6                               ; LCCOMB_X54_Y24_N22 ; 40      ; Clock enable                          ; no     ; --                   ; --               ; --                        ;
; CORTEXM3INTEGRATIONDS:u_CORTEXM3INTEGRATION|cortexm3ds_logic:u_cortexm3ds_logic|Br0ov6~2                             ; LCCOMB_X21_Y23_N2  ; 34      ; Clock enable                          ; no     ; --                   ; --               ; --                        ;
; CORTEXM3INTEGRATIONDS:u_CORTEXM3INTEGRATION|cortexm3ds_logic:u_cortexm3ds_logic|Brzhw6~0                             ; LCCOMB_X34_Y6_N16  ; 6       ; Clock enable                          ; no     ; --                   ; --               ; --                        ;
; CORTEXM3INTEGRATIONDS:u_CORTEXM3INTEGRATION|cortexm3ds_logic:u_cortexm3ds_logic|Bwd8v6~0                             ; LCCOMB_X52_Y5_N30  ; 3       ; Clock enable                          ; no     ; --                   ; --               ; --                        ;
; CORTEXM3INTEGRATIONDS:u_CORTEXM3INTEGRATION|cortexm3ds_logic:u_cortexm3ds_logic|C31jy6~4                             ; LCCOMB_X66_Y22_N22 ; 4       ; Clock enable                          ; no     ; --                   ; --               ; --                        ;
; CORTEXM3INTEGRATIONDS:u_CORTEXM3INTEGRATION|cortexm3ds_logic:u_cortexm3ds_logic|C4ciw6~0                             ; LCCOMB_X42_Y33_N4  ; 16      ; Clock enable                          ; no     ; --                   ; --               ; --                        ;
; CORTEXM3INTEGRATIONDS:u_CORTEXM3INTEGRATION|cortexm3ds_logic:u_cortexm3ds_logic|C71jy6                               ; LCCOMB_X55_Y17_N6  ; 8       ; Clock enable                          ; no     ; --                   ; --               ; --                        ;
; CORTEXM3INTEGRATIONDS:u_CORTEXM3INTEGRATION|cortexm3ds_logic:u_cortexm3ds_logic|C7e8v6~0                             ; LCCOMB_X45_Y4_N28  ; 3       ; Clock enable                          ; no     ; --                   ; --               ; --                        ;
; CORTEXM3INTEGRATIONDS:u_CORTEXM3INTEGRATION|cortexm3ds_logic:u_cortexm3ds_logic|Chyiw6~0                             ; LCCOMB_X12_Y21_N30 ; 32      ; Clock enable                          ; no     ; --                   ; --               ; --                        ;
; CORTEXM3INTEGRATIONDS:u_CORTEXM3INTEGRATION|cortexm3ds_logic:u_cortexm3ds_logic|Cjbiw6                               ; LCCOMB_X43_Y34_N20 ; 6       ; Clock enable                          ; no     ; --                   ; --               ; --                        ;
; CORTEXM3INTEGRATIONDS:u_CORTEXM3INTEGRATION|cortexm3ds_logic:u_cortexm3ds_logic|Cml7v6~0                             ; LCCOMB_X36_Y8_N16  ; 3       ; Clock enable                          ; no     ; --                   ; --               ; --                        ;
; CORTEXM3INTEGRATIONDS:u_CORTEXM3INTEGRATION|cortexm3ds_logic:u_cortexm3ds_logic|Cmonv6~0                             ; LCCOMB_X43_Y29_N26 ; 25      ; Clock enable                          ; no     ; --                   ; --               ; --                        ;
; CORTEXM3INTEGRATIONDS:u_CORTEXM3INTEGRATION|cortexm3ds_logic:u_cortexm3ds_logic|Cmonv6~1                             ; LCCOMB_X44_Y31_N6  ; 24      ; Clock enable                          ; no     ; --                   ; --               ; --                        ;
; CORTEXM3INTEGRATIONDS:u_CORTEXM3INTEGRATION|cortexm3ds_logic:u_cortexm3ds_logic|Cn1ov6~0                             ; LCCOMB_X31_Y25_N20 ; 3       ; Clock enable                          ; no     ; --                   ; --               ; --                        ;
; CORTEXM3INTEGRATIONDS:u_CORTEXM3INTEGRATION|cortexm3ds_logic:u_cortexm3ds_logic|Cp8xx6                               ; LCCOMB_X61_Y10_N0  ; 8       ; Clock enable                          ; no     ; --                   ; --               ; --                        ;
; CORTEXM3INTEGRATIONDS:u_CORTEXM3INTEGRATION|cortexm3ds_logic:u_cortexm3ds_logic|Cs5xx6                               ; LCCOMB_X61_Y10_N18 ; 8       ; Clock enable                          ; no     ; --                   ; --               ; --                        ;
; CORTEXM3INTEGRATIONDS:u_CORTEXM3INTEGRATION|cortexm3ds_logic:u_cortexm3ds_logic|Cwciw6~2                             ; LCCOMB_X43_Y33_N28 ; 4       ; Clock enable                          ; no     ; --                   ; --               ; --                        ;
; CORTEXM3INTEGRATIONDS:u_CORTEXM3INTEGRATION|cortexm3ds_logic:u_cortexm3ds_logic|D12yx6                               ; LCCOMB_X54_Y19_N28 ; 8       ; Clock enable                          ; no     ; --                   ; --               ; --                        ;
; CORTEXM3INTEGRATIONDS:u_CORTEXM3INTEGRATION|cortexm3ds_logic:u_cortexm3ds_logic|D25ov6~0                             ; LCCOMB_X61_Y27_N14 ; 8       ; Clock enable                          ; no     ; --                   ; --               ; --                        ;
; CORTEXM3INTEGRATIONDS:u_CORTEXM3INTEGRATION|cortexm3ds_logic:u_cortexm3ds_logic|D3f8v6~0                             ; LCCOMB_X45_Y4_N6   ; 3       ; Clock enable                          ; no     ; --                   ; --               ; --                        ;
; CORTEXM3INTEGRATIONDS:u_CORTEXM3INTEGRATION|cortexm3ds_logic:u_cortexm3ds_logic|D45xx6~0                             ; LCCOMB_X61_Y11_N8  ; 8       ; Clock enable                          ; no     ; --                   ; --               ; --                        ;
; CORTEXM3INTEGRATIONDS:u_CORTEXM3INTEGRATION|cortexm3ds_logic:u_cortexm3ds_logic|D5d8v6~0                             ; LCCOMB_X41_Y4_N10  ; 3       ; Clock enable                          ; no     ; --                   ; --               ; --                        ;
; CORTEXM3INTEGRATIONDS:u_CORTEXM3INTEGRATION|cortexm3ds_logic:u_cortexm3ds_logic|D7kiw6                               ; LCCOMB_X39_Y20_N12 ; 30      ; Clock enable                          ; no     ; --                   ; --               ; --                        ;
; CORTEXM3INTEGRATIONDS:u_CORTEXM3INTEGRATION|cortexm3ds_logic:u_cortexm3ds_logic|Dcnov6~0                             ; LCCOMB_X27_Y26_N8  ; 27      ; Clock enable                          ; no     ; --                   ; --               ; --                        ;
; CORTEXM3INTEGRATIONDS:u_CORTEXM3INTEGRATION|cortexm3ds_logic:u_cortexm3ds_logic|Dfciw6~2                             ; LCCOMB_X43_Y33_N10 ; 6       ; Clock enable                          ; no     ; --                   ; --               ; --                        ;
; CORTEXM3INTEGRATIONDS:u_CORTEXM3INTEGRATION|cortexm3ds_logic:u_cortexm3ds_logic|Dg4iw6~0                             ; LCCOMB_X40_Y14_N4  ; 8       ; Clock enable                          ; no     ; --                   ; --               ; --                        ;
; CORTEXM3INTEGRATIONDS:u_CORTEXM3INTEGRATION|cortexm3ds_logic:u_cortexm3ds_logic|Diwnv6                               ; LCCOMB_X31_Y3_N14  ; 12      ; Clock enable                          ; no     ; --                   ; --               ; --                        ;
; CORTEXM3INTEGRATIONDS:u_CORTEXM3INTEGRATION|cortexm3ds_logic:u_cortexm3ds_logic|Dnbiw6                               ; LCCOMB_X41_Y31_N28 ; 3       ; Clock enable                          ; no     ; --                   ; --               ; --                        ;
; CORTEXM3INTEGRATIONDS:u_CORTEXM3INTEGRATION|cortexm3ds_logic:u_cortexm3ds_logic|Drthw6~5                             ; LCCOMB_X24_Y3_N16  ; 2       ; Clock enable                          ; no     ; --                   ; --               ; --                        ;
; CORTEXM3INTEGRATIONDS:u_CORTEXM3INTEGRATION|cortexm3ds_logic:u_cortexm3ds_logic|Dtciw6~0                             ; LCCOMB_X41_Y33_N10 ; 8       ; Clock enable                          ; no     ; --                   ; --               ; --                        ;
; CORTEXM3INTEGRATIONDS:u_CORTEXM3INTEGRATION|cortexm3ds_logic:u_cortexm3ds_logic|Dtjiw6~7                             ; LCCOMB_X46_Y17_N18 ; 4       ; Clock enable                          ; no     ; --                   ; --               ; --                        ;
; CORTEXM3INTEGRATIONDS:u_CORTEXM3INTEGRATION|cortexm3ds_logic:u_cortexm3ds_logic|Dvhiw6~0                             ; LCCOMB_X51_Y22_N4  ; 13      ; Clock enable                          ; no     ; --                   ; --               ; --                        ;
; CORTEXM3INTEGRATIONDS:u_CORTEXM3INTEGRATION|cortexm3ds_logic:u_cortexm3ds_logic|Dxd8v6~0                             ; LCCOMB_X54_Y6_N22  ; 3       ; Clock enable                          ; no     ; --                   ; --               ; --                        ;
; CORTEXM3INTEGRATIONDS:u_CORTEXM3INTEGRATION|cortexm3ds_logic:u_cortexm3ds_logic|Dxl7v6~0                             ; LCCOMB_X37_Y14_N18 ; 3       ; Clock enable                          ; no     ; --                   ; --               ; --                        ;
; CORTEXM3INTEGRATIONDS:u_CORTEXM3INTEGRATION|cortexm3ds_logic:u_cortexm3ds_logic|E0f8v6~0                             ; LCCOMB_X52_Y5_N16  ; 3       ; Clock enable                          ; no     ; --                   ; --               ; --                        ;
; CORTEXM3INTEGRATIONDS:u_CORTEXM3INTEGRATION|cortexm3ds_logic:u_cortexm3ds_logic|E21jy6                               ; LCCOMB_X61_Y22_N18 ; 32      ; Clock enable                          ; no     ; --                   ; --               ; --                        ;
; CORTEXM3INTEGRATIONDS:u_CORTEXM3INTEGRATION|cortexm3ds_logic:u_cortexm3ds_logic|E2d8v6~0                             ; LCCOMB_X54_Y6_N0   ; 3       ; Clock enable                          ; no     ; --                   ; --               ; --                        ;
; CORTEXM3INTEGRATIONDS:u_CORTEXM3INTEGRATION|cortexm3ds_logic:u_cortexm3ds_logic|E5ciw6~0                             ; LCCOMB_X42_Y33_N28 ; 16      ; Clock enable                          ; no     ; --                   ; --               ; --                        ;
; CORTEXM3INTEGRATIONDS:u_CORTEXM3INTEGRATION|cortexm3ds_logic:u_cortexm3ds_logic|E8e8v6~0                             ; LCCOMB_X45_Y4_N30  ; 3       ; Clock enable                          ; no     ; --                   ; --               ; --                        ;
; CORTEXM3INTEGRATIONDS:u_CORTEXM3INTEGRATION|cortexm3ds_logic:u_cortexm3ds_logic|Ebyiw6~0                             ; LCCOMB_X16_Y21_N26 ; 30      ; Clock enable                          ; no     ; --                   ; --               ; --                        ;
; CORTEXM3INTEGRATIONDS:u_CORTEXM3INTEGRATION|cortexm3ds_logic:u_cortexm3ds_logic|Ee6xx6                               ; LCCOMB_X60_Y10_N14 ; 8       ; Clock enable                          ; no     ; --                   ; --               ; --                        ;
; CORTEXM3INTEGRATIONDS:u_CORTEXM3INTEGRATION|cortexm3ds_logic:u_cortexm3ds_logic|Eheiw6~0                             ; LCCOMB_X44_Y18_N6  ; 7       ; Clock enable                          ; no     ; --                   ; --               ; --                        ;
; CORTEXM3INTEGRATIONDS:u_CORTEXM3INTEGRATION|cortexm3ds_logic:u_cortexm3ds_logic|Ehfhw6                               ; LCCOMB_X15_Y23_N30 ; 16      ; Clock enable                          ; no     ; --                   ; --               ; --                        ;
; CORTEXM3INTEGRATIONDS:u_CORTEXM3INTEGRATION|cortexm3ds_logic:u_cortexm3ds_logic|Epyiw6~0                             ; LCCOMB_X12_Y21_N14 ; 32      ; Clock enable                          ; no     ; --                   ; --               ; --                        ;
; CORTEXM3INTEGRATIONDS:u_CORTEXM3INTEGRATION|cortexm3ds_logic:u_cortexm3ds_logic|Eq2nz6                               ; FF_X30_Y2_N29      ; 19      ; Clock enable                          ; no     ; --                   ; --               ; --                        ;
; CORTEXM3INTEGRATIONDS:u_CORTEXM3INTEGRATION|cortexm3ds_logic:u_cortexm3ds_logic|Equal12~13                           ; LCCOMB_X40_Y12_N6  ; 20      ; Clock enable                          ; no     ; --                   ; --               ; --                        ;
; CORTEXM3INTEGRATIONDS:u_CORTEXM3INTEGRATION|cortexm3ds_logic:u_cortexm3ds_logic|Etgiw6                               ; LCCOMB_X61_Y22_N28 ; 29      ; Clock enable                          ; no     ; --                   ; --               ; --                        ;
; CORTEXM3INTEGRATIONDS:u_CORTEXM3INTEGRATION|cortexm3ds_logic:u_cortexm3ds_logic|Eu1jy6~3                             ; LCCOMB_X51_Y25_N26 ; 4       ; Clock enable                          ; no     ; --                   ; --               ; --                        ;
; CORTEXM3INTEGRATIONDS:u_CORTEXM3INTEGRATION|cortexm3ds_logic:u_cortexm3ds_logic|Euziy6                               ; LCCOMB_X47_Y11_N28 ; 8       ; Clock enable                          ; no     ; --                   ; --               ; --                        ;
; CORTEXM3INTEGRATIONDS:u_CORTEXM3INTEGRATION|cortexm3ds_logic:u_cortexm3ds_logic|F2ciw6~2                             ; LCCOMB_X43_Y34_N10 ; 8       ; Clock enable                          ; no     ; --                   ; --               ; --                        ;
; CORTEXM3INTEGRATIONDS:u_CORTEXM3INTEGRATION|cortexm3ds_logic:u_cortexm3ds_logic|F46xx6                               ; LCCOMB_X61_Y10_N8  ; 8       ; Clock enable                          ; no     ; --                   ; --               ; --                        ;
; CORTEXM3INTEGRATIONDS:u_CORTEXM3INTEGRATION|cortexm3ds_logic:u_cortexm3ds_logic|F46yx6~0                             ; LCCOMB_X62_Y28_N22 ; 10      ; Clock enable                          ; no     ; --                   ; --               ; --                        ;
; CORTEXM3INTEGRATIONDS:u_CORTEXM3INTEGRATION|cortexm3ds_logic:u_cortexm3ds_logic|F5e8v6~0                             ; LCCOMB_X55_Y13_N16 ; 3       ; Clock enable                          ; no     ; --                   ; --               ; --                        ;
; CORTEXM3INTEGRATIONDS:u_CORTEXM3INTEGRATION|cortexm3ds_logic:u_cortexm3ds_logic|F86yx6~0                             ; LCCOMB_X61_Y30_N10 ; 9       ; Clock enable                          ; no     ; --                   ; --               ; --                        ;
; CORTEXM3INTEGRATIONDS:u_CORTEXM3INTEGRATION|cortexm3ds_logic:u_cortexm3ds_logic|F8kiw6                               ; LCCOMB_X39_Y19_N20 ; 28      ; Clock enable                          ; no     ; --                   ; --               ; --                        ;
; CORTEXM3INTEGRATIONDS:u_CORTEXM3INTEGRATION|cortexm3ds_logic:u_cortexm3ds_logic|Fa5ov6                               ; LCCOMB_X55_Y27_N0  ; 3       ; Clock enable                          ; no     ; --                   ; --               ; --                        ;
; CORTEXM3INTEGRATIONDS:u_CORTEXM3INTEGRATION|cortexm3ds_logic:u_cortexm3ds_logic|Fc6yx6~0                             ; LCCOMB_X61_Y30_N28 ; 9       ; Clock enable                          ; no     ; --                   ; --               ; --                        ;
; CORTEXM3INTEGRATIONDS:u_CORTEXM3INTEGRATION|cortexm3ds_logic:u_cortexm3ds_logic|Fftnv6~5                             ; LCCOMB_X61_Y12_N30 ; 17      ; Clock enable                          ; no     ; --                   ; --               ; --                        ;
; CORTEXM3INTEGRATIONDS:u_CORTEXM3INTEGRATION|cortexm3ds_logic:u_cortexm3ds_logic|Fg6yx6~0                             ; LCCOMB_X59_Y31_N16 ; 9       ; Clock enable                          ; no     ; --                   ; --               ; --                        ;
; CORTEXM3INTEGRATIONDS:u_CORTEXM3INTEGRATION|cortexm3ds_logic:u_cortexm3ds_logic|Fhbiw6                               ; LCCOMB_X43_Y33_N14 ; 6       ; Clock enable                          ; no     ; --                   ; --               ; --                        ;
; CORTEXM3INTEGRATIONDS:u_CORTEXM3INTEGRATION|cortexm3ds_logic:u_cortexm3ds_logic|Fs3xx6~0                             ; LCCOMB_X63_Y17_N10 ; 26      ; Clock enable                          ; no     ; --                   ; --               ; --                        ;
; CORTEXM3INTEGRATIONDS:u_CORTEXM3INTEGRATION|cortexm3ds_logic:u_cortexm3ds_logic|Fuciw6~0                             ; LCCOMB_X41_Y34_N10 ; 8       ; Clock enable                          ; no     ; --                   ; --               ; --                        ;
; CORTEXM3INTEGRATIONDS:u_CORTEXM3INTEGRATION|cortexm3ds_logic:u_cortexm3ds_logic|Fujiw6                               ; LCCOMB_X40_Y14_N24 ; 8       ; Clock enable                          ; no     ; --                   ; --               ; --                        ;
; CORTEXM3INTEGRATIONDS:u_CORTEXM3INTEGRATION|cortexm3ds_logic:u_cortexm3ds_logic|Fwhiw6~0                             ; LCCOMB_X56_Y26_N18 ; 2       ; Clock enable                          ; no     ; --                   ; --               ; --                        ;
; CORTEXM3INTEGRATIONDS:u_CORTEXM3INTEGRATION|cortexm3ds_logic:u_cortexm3ds_logic|Fyd8v6~0                             ; LCCOMB_X52_Y5_N6   ; 3       ; Clock enable                          ; no     ; --                   ; --               ; --                        ;
; CORTEXM3INTEGRATIONDS:u_CORTEXM3INTEGRATION|cortexm3ds_logic:u_cortexm3ds_logic|G11jy6~4                             ; LCCOMB_X64_Y22_N16 ; 4       ; Clock enable                          ; no     ; --                   ; --               ; --                        ;
; CORTEXM3INTEGRATIONDS:u_CORTEXM3INTEGRATION|cortexm3ds_logic:u_cortexm3ds_logic|G1f8v6~0                             ; LCCOMB_X45_Y4_N4   ; 3       ; Clock enable                          ; no     ; --                   ; --               ; --                        ;
; CORTEXM3INTEGRATIONDS:u_CORTEXM3INTEGRATION|cortexm3ds_logic:u_cortexm3ds_logic|G3d8v6~0                             ; LCCOMB_X41_Y4_N26  ; 3       ; Clock enable                          ; no     ; --                   ; --               ; --                        ;
; CORTEXM3INTEGRATIONDS:u_CORTEXM3INTEGRATION|cortexm3ds_logic:u_cortexm3ds_logic|G3uhw6~3                             ; LCCOMB_X25_Y7_N24  ; 6       ; Sync. load                            ; no     ; --                   ; --               ; --                        ;
; CORTEXM3INTEGRATIONDS:u_CORTEXM3INTEGRATION|cortexm3ds_logic:u_cortexm3ds_logic|G6ciw6~0                             ; LCCOMB_X42_Y34_N2  ; 16      ; Clock enable                          ; no     ; --                   ; --               ; --                        ;
; CORTEXM3INTEGRATIONDS:u_CORTEXM3INTEGRATION|cortexm3ds_logic:u_cortexm3ds_logic|G91jy6                               ; LCCOMB_X58_Y18_N12 ; 16      ; Clock enable                          ; no     ; --                   ; --               ; --                        ;
; CORTEXM3INTEGRATIONDS:u_CORTEXM3INTEGRATION|cortexm3ds_logic:u_cortexm3ds_logic|G9e8v6~0                             ; LCCOMB_X36_Y8_N14  ; 3       ; Clock enable                          ; no     ; --                   ; --               ; --                        ;
; CORTEXM3INTEGRATIONDS:u_CORTEXM3INTEGRATION|cortexm3ds_logic:u_cortexm3ds_logic|G9yiy6                               ; LCCOMB_X34_Y13_N12 ; 32      ; Clock enable                          ; no     ; --                   ; --               ; --                        ;
; CORTEXM3INTEGRATIONDS:u_CORTEXM3INTEGRATION|cortexm3ds_logic:u_cortexm3ds_logic|Ge5ov6                               ; LCCOMB_X55_Y26_N26 ; 8       ; Clock enable                          ; no     ; --                   ; --               ; --                        ;
; CORTEXM3INTEGRATIONDS:u_CORTEXM3INTEGRATION|cortexm3ds_logic:u_cortexm3ds_logic|Gecov6~0                             ; LCCOMB_X63_Y13_N20 ; 6       ; Clock enable                          ; no     ; --                   ; --               ; --                        ;
; CORTEXM3INTEGRATIONDS:u_CORTEXM3INTEGRATION|cortexm3ds_logic:u_cortexm3ds_logic|Gol7v6~1                             ; LCCOMB_X40_Y16_N6  ; 5       ; Clock enable                          ; no     ; --                   ; --               ; --                        ;
; CORTEXM3INTEGRATIONDS:u_CORTEXM3INTEGRATION|cortexm3ds_logic:u_cortexm3ds_logic|Gs7xx6~0                             ; LCCOMB_X60_Y10_N20 ; 8       ; Clock enable                          ; no     ; --                   ; --               ; --                        ;
; CORTEXM3INTEGRATIONDS:u_CORTEXM3INTEGRATION|cortexm3ds_logic:u_cortexm3ds_logic|H11ov6~0                             ; LCCOMB_X34_Y23_N30 ; 15      ; Clock enable                          ; no     ; --                   ; --               ; --                        ;
; CORTEXM3INTEGRATIONDS:u_CORTEXM3INTEGRATION|cortexm3ds_logic:u_cortexm3ds_logic|H2kiw6~0                             ; LCCOMB_X35_Y27_N18 ; 6       ; Clock enable                          ; no     ; --                   ; --               ; --                        ;
; CORTEXM3INTEGRATIONDS:u_CORTEXM3INTEGRATION|cortexm3ds_logic:u_cortexm3ds_logic|H3ciw6~2                             ; LCCOMB_X43_Y33_N2  ; 8       ; Clock enable                          ; no     ; --                   ; --               ; --                        ;
; CORTEXM3INTEGRATIONDS:u_CORTEXM3INTEGRATION|cortexm3ds_logic:u_cortexm3ds_logic|H6e8v6~0                             ; LCCOMB_X45_Y4_N16  ; 3       ; Clock enable                          ; no     ; --                   ; --               ; --                        ;
; CORTEXM3INTEGRATIONDS:u_CORTEXM3INTEGRATION|cortexm3ds_logic:u_cortexm3ds_logic|H8bdt6                               ; LCCOMB_X45_Y1_N0   ; 1725    ; Async. clear                          ; yes    ; Global Clock         ; GCLK16           ; --                        ;
; CORTEXM3INTEGRATIONDS:u_CORTEXM3INTEGRATION|cortexm3ds_logic:u_cortexm3ds_logic|He1iw6~0                             ; LCCOMB_X25_Y6_N24  ; 14      ; Clock enable                          ; no     ; --                   ; --               ; --                        ;
; CORTEXM3INTEGRATIONDS:u_CORTEXM3INTEGRATION|cortexm3ds_logic:u_cortexm3ds_logic|Hgyiw6~0                             ; LCCOMB_X16_Y21_N28 ; 32      ; Clock enable                          ; no     ; --                   ; --               ; --                        ;
; CORTEXM3INTEGRATIONDS:u_CORTEXM3INTEGRATION|cortexm3ds_logic:u_cortexm3ds_logic|Hibiw6                               ; LCCOMB_X43_Y33_N16 ; 6       ; Clock enable                          ; no     ; --                   ; --               ; --                        ;
; CORTEXM3INTEGRATIONDS:u_CORTEXM3INTEGRATION|cortexm3ds_logic:u_cortexm3ds_logic|Hn5yx6~0                             ; LCCOMB_X59_Y26_N10 ; 31      ; Clock enable                          ; no     ; --                   ; --               ; --                        ;
; CORTEXM3INTEGRATIONDS:u_CORTEXM3INTEGRATION|cortexm3ds_logic:u_cortexm3ds_logic|Hr4yx6~0                             ; LCCOMB_X52_Y25_N2  ; 17      ; Clock enable                          ; no     ; --                   ; --               ; --                        ;
; CORTEXM3INTEGRATIONDS:u_CORTEXM3INTEGRATION|cortexm3ds_logic:u_cortexm3ds_logic|Hvciw6~0                             ; LCCOMB_X42_Y33_N24 ; 8       ; Clock enable                          ; no     ; --                   ; --               ; --                        ;
; CORTEXM3INTEGRATIONDS:u_CORTEXM3INTEGRATION|cortexm3ds_logic:u_cortexm3ds_logic|Hyhov6~0                             ; LCCOMB_X37_Y16_N10 ; 5       ; Clock enable                          ; no     ; --                   ; --               ; --                        ;
; CORTEXM3INTEGRATIONDS:u_CORTEXM3INTEGRATION|cortexm3ds_logic:u_cortexm3ds_logic|Hzd8v6~0                             ; LCCOMB_X36_Y8_N10  ; 3       ; Clock enable                          ; no     ; --                   ; --               ; --                        ;
; CORTEXM3INTEGRATIONDS:u_CORTEXM3INTEGRATION|cortexm3ds_logic:u_cortexm3ds_logic|I01jy6                               ; LCCOMB_X44_Y16_N22 ; 3       ; Clock enable                          ; no     ; --                   ; --               ; --                        ;
; CORTEXM3INTEGRATIONDS:u_CORTEXM3INTEGRATION|cortexm3ds_logic:u_cortexm3ds_logic|I2f8v6~0                             ; LCCOMB_X45_Y4_N24  ; 3       ; Clock enable                          ; no     ; --                   ; --               ; --                        ;
; CORTEXM3INTEGRATIONDS:u_CORTEXM3INTEGRATION|cortexm3ds_logic:u_cortexm3ds_logic|I35xx6~0                             ; LCCOMB_X62_Y10_N6  ; 8       ; Clock enable                          ; no     ; --                   ; --               ; --                        ;
; CORTEXM3INTEGRATIONDS:u_CORTEXM3INTEGRATION|cortexm3ds_logic:u_cortexm3ds_logic|I41jy6                               ; LCCOMB_X64_Y22_N30 ; 32      ; Clock enable                          ; no     ; --                   ; --               ; --                        ;
; CORTEXM3INTEGRATIONDS:u_CORTEXM3INTEGRATION|cortexm3ds_logic:u_cortexm3ds_logic|I4d8v6~0                             ; LCCOMB_X54_Y6_N24  ; 3       ; Clock enable                          ; no     ; --                   ; --               ; --                        ;
; CORTEXM3INTEGRATIONDS:u_CORTEXM3INTEGRATION|cortexm3ds_logic:u_cortexm3ds_logic|I4yiy6~2                             ; LCCOMB_X34_Y9_N12  ; 6       ; Clock enable                          ; no     ; --                   ; --               ; --                        ;
; CORTEXM3INTEGRATIONDS:u_CORTEXM3INTEGRATION|cortexm3ds_logic:u_cortexm3ds_logic|Ieciw6~2                             ; LCCOMB_X43_Y33_N4  ; 6       ; Clock enable                          ; no     ; --                   ; --               ; --                        ;
; CORTEXM3INTEGRATIONDS:u_CORTEXM3INTEGRATION|cortexm3ds_logic:u_cortexm3ds_logic|Ik2nz6                               ; FF_X45_Y1_N29      ; 867     ; Async. clear                          ; yes    ; Global Clock         ; GCLK18           ; --                        ;
; CORTEXM3INTEGRATIONDS:u_CORTEXM3INTEGRATION|cortexm3ds_logic:u_cortexm3ds_logic|Inhiw6~0                             ; LCCOMB_X62_Y27_N2  ; 34      ; Clock enable                          ; no     ; --                   ; --               ; --                        ;
; CORTEXM3INTEGRATIONDS:u_CORTEXM3INTEGRATION|cortexm3ds_logic:u_cortexm3ds_logic|Iownv6~0                             ; LCCOMB_X36_Y25_N28 ; 7       ; Clock enable                          ; no     ; --                   ; --               ; --                        ;
; CORTEXM3INTEGRATIONDS:u_CORTEXM3INTEGRATION|cortexm3ds_logic:u_cortexm3ds_logic|Iwd8v6~0                             ; LCCOMB_X52_Y5_N28  ; 3       ; Clock enable                          ; no     ; --                   ; --               ; --                        ;
; CORTEXM3INTEGRATIONDS:u_CORTEXM3INTEGRATION|cortexm3ds_logic:u_cortexm3ds_logic|Iwl7v6~0                             ; LCCOMB_X37_Y14_N22 ; 3       ; Clock enable                          ; no     ; --                   ; --               ; --                        ;
; CORTEXM3INTEGRATIONDS:u_CORTEXM3INTEGRATION|cortexm3ds_logic:u_cortexm3ds_logic|Iwvnv6                               ; LCCOMB_X26_Y23_N18 ; 4       ; Clock enable                          ; no     ; --                   ; --               ; --                        ;
; CORTEXM3INTEGRATIONDS:u_CORTEXM3INTEGRATION|cortexm3ds_logic:u_cortexm3ds_logic|J0doz6                               ; FF_X25_Y1_N11      ; 6       ; Output enable                         ; no     ; --                   ; --               ; --                        ;
; CORTEXM3INTEGRATIONDS:u_CORTEXM3INTEGRATION|cortexm3ds_logic:u_cortexm3ds_logic|J4ciw6~2                             ; LCCOMB_X43_Y34_N22 ; 8       ; Clock enable                          ; no     ; --                   ; --               ; --                        ;
; CORTEXM3INTEGRATIONDS:u_CORTEXM3INTEGRATION|cortexm3ds_logic:u_cortexm3ds_logic|J7e8v6~0                             ; LCCOMB_X54_Y6_N2   ; 3       ; Clock enable                          ; no     ; --                   ; --               ; --                        ;
; CORTEXM3INTEGRATIONDS:u_CORTEXM3INTEGRATION|cortexm3ds_logic:u_cortexm3ds_logic|Jcqhw6                               ; LCCOMB_X26_Y2_N0   ; 62      ; Clock enable                          ; no     ; --                   ; --               ; --                        ;
; CORTEXM3INTEGRATIONDS:u_CORTEXM3INTEGRATION|cortexm3ds_logic:u_cortexm3ds_logic|Jg0oz6                               ; FF_X29_Y25_N21     ; 69      ; Sync. clear                           ; no     ; --                   ; --               ; --                        ;
; CORTEXM3INTEGRATIONDS:u_CORTEXM3INTEGRATION|cortexm3ds_logic:u_cortexm3ds_logic|Jk88v6~4                             ; LCCOMB_X38_Y24_N30 ; 7       ; Clock enable                          ; no     ; --                   ; --               ; --                        ;
; CORTEXM3INTEGRATIONDS:u_CORTEXM3INTEGRATION|cortexm3ds_logic:u_cortexm3ds_logic|Jl1jw6~0                             ; LCCOMB_X12_Y21_N18 ; 32      ; Clock enable                          ; no     ; --                   ; --               ; --                        ;
; CORTEXM3INTEGRATIONDS:u_CORTEXM3INTEGRATION|cortexm3ds_logic:u_cortexm3ds_logic|Jlb7x6~0                             ; LCCOMB_X40_Y18_N4  ; 8       ; Sync. load                            ; no     ; --                   ; --               ; --                        ;
; CORTEXM3INTEGRATIONDS:u_CORTEXM3INTEGRATION|cortexm3ds_logic:u_cortexm3ds_logic|Jp8xx6~0                             ; LCCOMB_X61_Y10_N16 ; 8       ; Clock enable                          ; no     ; --                   ; --               ; --                        ;
; CORTEXM3INTEGRATIONDS:u_CORTEXM3INTEGRATION|cortexm3ds_logic:u_cortexm3ds_logic|Jwciw6                               ; LCCOMB_X42_Y34_N20 ; 8       ; Clock enable                          ; no     ; --                   ; --               ; --                        ;
; CORTEXM3INTEGRATIONDS:u_CORTEXM3INTEGRATION|cortexm3ds_logic:u_cortexm3ds_logic|K1ciw6~2                             ; LCCOMB_X43_Y33_N8  ; 8       ; Clock enable                          ; no     ; --                   ; --               ; --                        ;
; CORTEXM3INTEGRATIONDS:u_CORTEXM3INTEGRATION|cortexm3ds_logic:u_cortexm3ds_logic|K2jhw6~0                             ; LCCOMB_X12_Y23_N8  ; 4       ; Clock enable                          ; no     ; --                   ; --               ; --                        ;
; CORTEXM3INTEGRATIONDS:u_CORTEXM3INTEGRATION|cortexm3ds_logic:u_cortexm3ds_logic|K31jy6~4                             ; LCCOMB_X62_Y23_N26 ; 4       ; Clock enable                          ; no     ; --                   ; --               ; --                        ;
; CORTEXM3INTEGRATIONDS:u_CORTEXM3INTEGRATION|cortexm3ds_logic:u_cortexm3ds_logic|K3f8v6~0                             ; LCCOMB_X41_Y4_N14  ; 3       ; Clock enable                          ; no     ; --                   ; --               ; --                        ;
; CORTEXM3INTEGRATIONDS:u_CORTEXM3INTEGRATION|cortexm3ds_logic:u_cortexm3ds_logic|K45xx6~0                             ; LCCOMB_X61_Y11_N6  ; 8       ; Clock enable                          ; no     ; --                   ; --               ; --                        ;
; CORTEXM3INTEGRATIONDS:u_CORTEXM3INTEGRATION|cortexm3ds_logic:u_cortexm3ds_logic|K5d8v6~0                             ; LCCOMB_X41_Y4_N22  ; 3       ; Clock enable                          ; no     ; --                   ; --               ; --                        ;
; CORTEXM3INTEGRATIONDS:u_CORTEXM3INTEGRATION|cortexm3ds_logic:u_cortexm3ds_logic|K7tnv6~0                             ; LCCOMB_X60_Y15_N2  ; 11      ; Clock enable                          ; no     ; --                   ; --               ; --                        ;
; CORTEXM3INTEGRATIONDS:u_CORTEXM3INTEGRATION|cortexm3ds_logic:u_cortexm3ds_logic|Kbb7x6~0                             ; LCCOMB_X41_Y17_N2  ; 7       ; Sync. load                            ; no     ; --                   ; --               ; --                        ;
; CORTEXM3INTEGRATIONDS:u_CORTEXM3INTEGRATION|cortexm3ds_logic:u_cortexm3ds_logic|Keyiw6~2                             ; LCCOMB_X16_Y21_N20 ; 30      ; Clock enable                          ; no     ; --                   ; --               ; --                        ;
; CORTEXM3INTEGRATIONDS:u_CORTEXM3INTEGRATION|cortexm3ds_logic:u_cortexm3ds_logic|Kfciw6~2                             ; LCCOMB_X43_Y33_N6  ; 6       ; Clock enable                          ; no     ; --                   ; --               ; --                        ;
; CORTEXM3INTEGRATIONDS:u_CORTEXM3INTEGRATION|cortexm3ds_logic:u_cortexm3ds_logic|Kjv5z6~2                             ; LCCOMB_X58_Y18_N4  ; 5       ; Clock enable                          ; no     ; --                   ; --               ; --                        ;
; CORTEXM3INTEGRATIONDS:u_CORTEXM3INTEGRATION|cortexm3ds_logic:u_cortexm3ds_logic|Kkfhw6~0                             ; LCCOMB_X16_Y25_N30 ; 11      ; Clock enable                          ; no     ; --                   ; --               ; --                        ;
; CORTEXM3INTEGRATIONDS:u_CORTEXM3INTEGRATION|cortexm3ds_logic:u_cortexm3ds_logic|Klyiw6~0                             ; LCCOMB_X12_Y21_N2  ; 32      ; Clock enable                          ; no     ; --                   ; --               ; --                        ;
; CORTEXM3INTEGRATIONDS:u_CORTEXM3INTEGRATION|cortexm3ds_logic:u_cortexm3ds_logic|Kniiw6~0                             ; LCCOMB_X49_Y22_N24 ; 29      ; Clock enable                          ; no     ; --                   ; --               ; --                        ;
; CORTEXM3INTEGRATIONDS:u_CORTEXM3INTEGRATION|cortexm3ds_logic:u_cortexm3ds_logic|Knniy6~3                             ; LCCOMB_X37_Y16_N20 ; 9       ; Clock enable                          ; no     ; --                   ; --               ; --                        ;
; CORTEXM3INTEGRATIONDS:u_CORTEXM3INTEGRATION|cortexm3ds_logic:u_cortexm3ds_logic|Ktciw6                               ; LCCOMB_X43_Y33_N20 ; 4       ; Clock enable                          ; no     ; --                   ; --               ; --                        ;
; CORTEXM3INTEGRATIONDS:u_CORTEXM3INTEGRATION|cortexm3ds_logic:u_cortexm3ds_logic|Ktjiw6                               ; LCCOMB_X36_Y8_N24  ; 8       ; Clock enable                          ; no     ; --                   ; --               ; --                        ;
; CORTEXM3INTEGRATIONDS:u_CORTEXM3INTEGRATION|cortexm3ds_logic:u_cortexm3ds_logic|Kxd8v6~0                             ; LCCOMB_X47_Y7_N10  ; 3       ; Clock enable                          ; no     ; --                   ; --               ; --                        ;
; CORTEXM3INTEGRATIONDS:u_CORTEXM3INTEGRATION|cortexm3ds_logic:u_cortexm3ds_logic|L0f8v6~0                             ; LCCOMB_X52_Y5_N10  ; 3       ; Clock enable                          ; no     ; --                   ; --               ; --                        ;
; CORTEXM3INTEGRATIONDS:u_CORTEXM3INTEGRATION|cortexm3ds_logic:u_cortexm3ds_logic|L2d8v6~0                             ; LCCOMB_X52_Y5_N26  ; 3       ; Clock enable                          ; no     ; --                   ; --               ; --                        ;
; CORTEXM3INTEGRATIONDS:u_CORTEXM3INTEGRATION|cortexm3ds_logic:u_cortexm3ds_logic|L4kiw6                               ; LCCOMB_X41_Y23_N26 ; 24      ; Clock enable                          ; no     ; --                   ; --               ; --                        ;
; CORTEXM3INTEGRATIONDS:u_CORTEXM3INTEGRATION|cortexm3ds_logic:u_cortexm3ds_logic|L8e8v6~0                             ; LCCOMB_X41_Y4_N24  ; 3       ; Clock enable                          ; no     ; --                   ; --               ; --                        ;
; CORTEXM3INTEGRATIONDS:u_CORTEXM3INTEGRATION|cortexm3ds_logic:u_cortexm3ds_logic|L96yx6                               ; LCCOMB_X61_Y30_N26 ; 10      ; Clock enable                          ; no     ; --                   ; --               ; --                        ;
; CORTEXM3INTEGRATIONDS:u_CORTEXM3INTEGRATION|cortexm3ds_logic:u_cortexm3ds_logic|Ld6yx6                               ; LCCOMB_X61_Y30_N14 ; 10      ; Clock enable                          ; no     ; --                   ; --               ; --                        ;
; CORTEXM3INTEGRATIONDS:u_CORTEXM3INTEGRATION|cortexm3ds_logic:u_cortexm3ds_logic|Le6xx6~0                             ; LCCOMB_X61_Y10_N28 ; 8       ; Clock enable                          ; no     ; --                   ; --               ; --                        ;
; CORTEXM3INTEGRATIONDS:u_CORTEXM3INTEGRATION|cortexm3ds_logic:u_cortexm3ds_logic|Lh6yx6                               ; LCCOMB_X59_Y31_N12 ; 10      ; Clock enable                          ; no     ; --                   ; --               ; --                        ;
; CORTEXM3INTEGRATIONDS:u_CORTEXM3INTEGRATION|cortexm3ds_logic:u_cortexm3ds_logic|Lhliw6~0                             ; LCCOMB_X61_Y24_N22 ; 13      ; Clock enable                          ; no     ; --                   ; --               ; --                        ;
; CORTEXM3INTEGRATIONDS:u_CORTEXM3INTEGRATION|cortexm3ds_logic:u_cortexm3ds_logic|Lkbiw6~0                             ; LCCOMB_X42_Y33_N22 ; 3       ; Clock enable                          ; no     ; --                   ; --               ; --                        ;
; CORTEXM3INTEGRATIONDS:u_CORTEXM3INTEGRATION|cortexm3ds_logic:u_cortexm3ds_logic|Lr5ov6~1                             ; LCCOMB_X59_Y16_N24 ; 20      ; Clock enable                          ; no     ; --                   ; --               ; --                        ;
; CORTEXM3INTEGRATIONDS:u_CORTEXM3INTEGRATION|cortexm3ds_logic:u_cortexm3ds_logic|Lz4ov6~0                             ; LCCOMB_X61_Y32_N20 ; 9       ; Clock enable                          ; no     ; --                   ; --               ; --                        ;
; CORTEXM3INTEGRATIONDS:u_CORTEXM3INTEGRATION|cortexm3ds_logic:u_cortexm3ds_logic|M0eiw6~1                             ; LCCOMB_X40_Y25_N30 ; 32      ; Clock enable                          ; no     ; --                   ; --               ; --                        ;
; CORTEXM3INTEGRATIONDS:u_CORTEXM3INTEGRATION|cortexm3ds_logic:u_cortexm3ds_logic|M20jy6~0                             ; LCCOMB_X37_Y14_N30 ; 3       ; Clock enable                          ; no     ; --                   ; --               ; --                        ;
; CORTEXM3INTEGRATIONDS:u_CORTEXM3INTEGRATION|cortexm3ds_logic:u_cortexm3ds_logic|M21jy6                               ; LCCOMB_X62_Y23_N8  ; 5       ; Clock enable                          ; no     ; --                   ; --               ; --                        ;
; CORTEXM3INTEGRATIONDS:u_CORTEXM3INTEGRATION|cortexm3ds_logic:u_cortexm3ds_logic|M2p7v6~1                             ; LCCOMB_X43_Y24_N28 ; 2       ; Clock enable                          ; no     ; --                   ; --               ; --                        ;
; CORTEXM3INTEGRATIONDS:u_CORTEXM3INTEGRATION|cortexm3ds_logic:u_cortexm3ds_logic|M46xx6~0                             ; LCCOMB_X60_Y10_N8  ; 8       ; Clock enable                          ; no     ; --                   ; --               ; --                        ;
; CORTEXM3INTEGRATIONDS:u_CORTEXM3INTEGRATION|cortexm3ds_logic:u_cortexm3ds_logic|M4c7x6~0                             ; LCCOMB_X41_Y17_N24 ; 7       ; Sync. load                            ; no     ; --                   ; --               ; --                        ;
; CORTEXM3INTEGRATIONDS:u_CORTEXM3INTEGRATION|cortexm3ds_logic:u_cortexm3ds_logic|M5e8v6~0                             ; LCCOMB_X54_Y6_N4   ; 3       ; Clock enable                          ; no     ; --                   ; --               ; --                        ;
; CORTEXM3INTEGRATIONDS:u_CORTEXM3INTEGRATION|cortexm3ds_logic:u_cortexm3ds_logic|M61jy6                               ; LCCOMB_X57_Y16_N4  ; 11      ; Clock enable                          ; no     ; --                   ; --               ; --                        ;
; CORTEXM3INTEGRATIONDS:u_CORTEXM3INTEGRATION|cortexm3ds_logic:u_cortexm3ds_logic|M8riw6~0                             ; LCCOMB_X27_Y26_N30 ; 35      ; Clock enable                          ; no     ; --                   ; --               ; --                        ;
; CORTEXM3INTEGRATIONDS:u_CORTEXM3INTEGRATION|cortexm3ds_logic:u_cortexm3ds_logic|Maziy6                               ; LCCOMB_X49_Y22_N2  ; 6       ; Clock enable                          ; no     ; --                   ; --               ; --                        ;
; CORTEXM3INTEGRATIONDS:u_CORTEXM3INTEGRATION|cortexm3ds_logic:u_cortexm3ds_logic|Mdonv6                               ; LCCOMB_X42_Y25_N22 ; 8       ; Clock enable                          ; no     ; --                   ; --               ; --                        ;
; CORTEXM3INTEGRATIONDS:u_CORTEXM3INTEGRATION|cortexm3ds_logic:u_cortexm3ds_logic|Mds7v6~0                             ; LCCOMB_X43_Y24_N0  ; 2       ; Clock enable                          ; no     ; --                   ; --               ; --                        ;
; CORTEXM3INTEGRATIONDS:u_CORTEXM3INTEGRATION|cortexm3ds_logic:u_cortexm3ds_logic|Me0iw6                               ; LCCOMB_X30_Y2_N18  ; 32      ; Clock enable                          ; no     ; --                   ; --               ; --                        ;
; CORTEXM3INTEGRATIONDS:u_CORTEXM3INTEGRATION|cortexm3ds_logic:u_cortexm3ds_logic|Mfyiw6~0                             ; LCCOMB_X12_Y21_N4  ; 32      ; Clock enable                          ; no     ; --                   ; --               ; --                        ;
; CORTEXM3INTEGRATIONDS:u_CORTEXM3INTEGRATION|cortexm3ds_logic:u_cortexm3ds_logic|Mh67x6~4                             ; LCCOMB_X25_Y20_N8  ; 38      ; Clock enable                          ; no     ; --                   ; --               ; --                        ;
; CORTEXM3INTEGRATIONDS:u_CORTEXM3INTEGRATION|cortexm3ds_logic:u_cortexm3ds_logic|Mhbiw6                               ; LCCOMB_X43_Y34_N4  ; 6       ; Clock enable                          ; no     ; --                   ; --               ; --                        ;
; CORTEXM3INTEGRATIONDS:u_CORTEXM3INTEGRATION|cortexm3ds_logic:u_cortexm3ds_logic|Mk9ov6~0                             ; LCCOMB_X35_Y25_N4  ; 3       ; Clock enable                          ; no     ; --                   ; --               ; --                        ;
; CORTEXM3INTEGRATIONDS:u_CORTEXM3INTEGRATION|cortexm3ds_logic:u_cortexm3ds_logic|Mmzhw6                               ; LCCOMB_X29_Y5_N0   ; 3       ; Clock enable                          ; no     ; --                   ; --               ; --                        ;
; CORTEXM3INTEGRATIONDS:u_CORTEXM3INTEGRATION|cortexm3ds_logic:u_cortexm3ds_logic|Mphiw6~2                             ; LCCOMB_X49_Y22_N6  ; 32      ; Clock enable                          ; no     ; --                   ; --               ; --                        ;
; CORTEXM3INTEGRATIONDS:u_CORTEXM3INTEGRATION|cortexm3ds_logic:u_cortexm3ds_logic|Mq0jy6~0                             ; LCCOMB_X40_Y14_N2  ; 3       ; Clock enable                          ; no     ; --                   ; --               ; --                        ;
; CORTEXM3INTEGRATIONDS:u_CORTEXM3INTEGRATION|cortexm3ds_logic:u_cortexm3ds_logic|Mu1jy6~0                             ; LCCOMB_X51_Y25_N6  ; 8       ; Clock enable                          ; no     ; --                   ; --               ; --                        ;
; CORTEXM3INTEGRATIONDS:u_CORTEXM3INTEGRATION|cortexm3ds_logic:u_cortexm3ds_logic|Muciw6                               ; LCCOMB_X43_Y34_N24 ; 4       ; Clock enable                          ; no     ; --                   ; --               ; --                        ;
; CORTEXM3INTEGRATIONDS:u_CORTEXM3INTEGRATION|cortexm3ds_logic:u_cortexm3ds_logic|Muziy6                               ; LCCOMB_X47_Y11_N18 ; 8       ; Clock enable                          ; no     ; --                   ; --               ; --                        ;
; CORTEXM3INTEGRATIONDS:u_CORTEXM3INTEGRATION|cortexm3ds_logic:u_cortexm3ds_logic|Myd8v6~0                             ; LCCOMB_X47_Y7_N4   ; 3       ; Clock enable                          ; no     ; --                   ; --               ; --                        ;
; CORTEXM3INTEGRATIONDS:u_CORTEXM3INTEGRATION|cortexm3ds_logic:u_cortexm3ds_logic|Myyiy6                               ; LCCOMB_X25_Y6_N16  ; 12      ; Clock enable                          ; no     ; --                   ; --               ; --                        ;
; CORTEXM3INTEGRATIONDS:u_CORTEXM3INTEGRATION|cortexm3ds_logic:u_cortexm3ds_logic|N0qhw6~0                             ; LCCOMB_X39_Y26_N10 ; 3       ; Clock enable                          ; no     ; --                   ; --               ; --                        ;
; CORTEXM3INTEGRATIONDS:u_CORTEXM3INTEGRATION|cortexm3ds_logic:u_cortexm3ds_logic|N1f8v6~0                             ; LCCOMB_X45_Y4_N2   ; 3       ; Clock enable                          ; no     ; --                   ; --               ; --                        ;
; CORTEXM3INTEGRATIONDS:u_CORTEXM3INTEGRATION|cortexm3ds_logic:u_cortexm3ds_logic|N25xx6~0                             ; LCCOMB_X62_Y10_N26 ; 8       ; Clock enable                          ; no     ; --                   ; --               ; --                        ;
; CORTEXM3INTEGRATIONDS:u_CORTEXM3INTEGRATION|cortexm3ds_logic:u_cortexm3ds_logic|N29iw6~0                             ; LCCOMB_X45_Y33_N6  ; 8       ; Clock enable                          ; no     ; --                   ; --               ; --                        ;
; CORTEXM3INTEGRATIONDS:u_CORTEXM3INTEGRATION|cortexm3ds_logic:u_cortexm3ds_logic|N3d8v6~0                             ; LCCOMB_X54_Y6_N30  ; 3       ; Clock enable                          ; no     ; --                   ; --               ; --                        ;
; CORTEXM3INTEGRATIONDS:u_CORTEXM3INTEGRATION|cortexm3ds_logic:u_cortexm3ds_logic|N5kiw6                               ; LCCOMB_X39_Y19_N16 ; 30      ; Clock enable                          ; no     ; --                   ; --               ; --                        ;
; CORTEXM3INTEGRATIONDS:u_CORTEXM3INTEGRATION|cortexm3ds_logic:u_cortexm3ds_logic|Ne5ov6                               ; LCCOMB_X55_Y26_N20 ; 8       ; Clock enable                          ; no     ; --                   ; --               ; --                        ;
; CORTEXM3INTEGRATIONDS:u_CORTEXM3INTEGRATION|cortexm3ds_logic:u_cortexm3ds_logic|Ng5xx6                               ; LCCOMB_X60_Y11_N6  ; 8       ; Clock enable                          ; no     ; --                   ; --               ; --                        ;
; CORTEXM3INTEGRATIONDS:u_CORTEXM3INTEGRATION|cortexm3ds_logic:u_cortexm3ds_logic|Njyiw6~0                             ; LCCOMB_X12_Y21_N28 ; 32      ; Clock enable                          ; no     ; --                   ; --               ; --                        ;
; CORTEXM3INTEGRATIONDS:u_CORTEXM3INTEGRATION|cortexm3ds_logic:u_cortexm3ds_logic|Nlbiw6~0                             ; LCCOMB_X42_Y34_N22 ; 3       ; Clock enable                          ; no     ; --                   ; --               ; --                        ;
; CORTEXM3INTEGRATIONDS:u_CORTEXM3INTEGRATION|cortexm3ds_logic:u_cortexm3ds_logic|No3yx6~0                             ; LCCOMB_X62_Y31_N8  ; 10      ; Clock enable                          ; no     ; --                   ; --               ; --                        ;
; CORTEXM3INTEGRATIONDS:u_CORTEXM3INTEGRATION|cortexm3ds_logic:u_cortexm3ds_logic|Ns7xx6                               ; LCCOMB_X60_Y10_N24 ; 8       ; Clock enable                          ; no     ; --                   ; --               ; --                        ;
; CORTEXM3INTEGRATIONDS:u_CORTEXM3INTEGRATION|cortexm3ds_logic:u_cortexm3ds_logic|Nthiw6~2                             ; LCCOMB_X55_Y22_N22 ; 3       ; Clock enable                          ; no     ; --                   ; --               ; --                        ;
; CORTEXM3INTEGRATIONDS:u_CORTEXM3INTEGRATION|cortexm3ds_logic:u_cortexm3ds_logic|Nvd8v6~0                             ; LCCOMB_X54_Y6_N28  ; 3       ; Clock enable                          ; no     ; --                   ; --               ; --                        ;
; CORTEXM3INTEGRATIONDS:u_CORTEXM3INTEGRATION|cortexm3ds_logic:u_cortexm3ds_logic|Nw97v6~2                             ; LCCOMB_X61_Y16_N18 ; 31      ; Sync. load                            ; no     ; --                   ; --               ; --                        ;
; CORTEXM3INTEGRATIONDS:u_CORTEXM3INTEGRATION|cortexm3ds_logic:u_cortexm3ds_logic|O0o7x6~0                             ; LCCOMB_X29_Y25_N8  ; 31      ; Clock enable                          ; no     ; --                   ; --               ; --                        ;
; CORTEXM3INTEGRATIONDS:u_CORTEXM3INTEGRATION|cortexm3ds_logic:u_cortexm3ds_logic|O11jy6                               ; LCCOMB_X61_Y22_N26 ; 6       ; Clock enable                          ; no     ; --                   ; --               ; --                        ;
; CORTEXM3INTEGRATIONDS:u_CORTEXM3INTEGRATION|cortexm3ds_logic:u_cortexm3ds_logic|O3ciw6~2                             ; LCCOMB_X43_Y33_N22 ; 8       ; Clock enable                          ; no     ; --                   ; --               ; --                        ;
; CORTEXM3INTEGRATIONDS:u_CORTEXM3INTEGRATION|cortexm3ds_logic:u_cortexm3ds_logic|O5a7z6                               ; LCCOMB_X29_Y26_N12 ; 56      ; Clock enable                          ; no     ; --                   ; --               ; --                        ;
; CORTEXM3INTEGRATIONDS:u_CORTEXM3INTEGRATION|cortexm3ds_logic:u_cortexm3ds_logic|O6e8v6~0                             ; LCCOMB_X41_Y4_N2   ; 3       ; Clock enable                          ; no     ; --                   ; --               ; --                        ;
; CORTEXM3INTEGRATIONDS:u_CORTEXM3INTEGRATION|cortexm3ds_logic:u_cortexm3ds_logic|O91jy6                               ; LCCOMB_X55_Y16_N6  ; 14      ; Clock enable                          ; no     ; --                   ; --               ; --                        ;
; CORTEXM3INTEGRATIONDS:u_CORTEXM3INTEGRATION|cortexm3ds_logic:u_cortexm3ds_logic|Oah8v6~0                             ; LCCOMB_X24_Y7_N6   ; 12      ; Clock enable                          ; no     ; --                   ; --               ; --                        ;
; CORTEXM3INTEGRATIONDS:u_CORTEXM3INTEGRATION|cortexm3ds_logic:u_cortexm3ds_logic|Ob4iw6                               ; LCCOMB_X34_Y24_N30 ; 6       ; Clock enable                          ; no     ; --                   ; --               ; --                        ;
; CORTEXM3INTEGRATIONDS:u_CORTEXM3INTEGRATION|cortexm3ds_logic:u_cortexm3ds_logic|Obo7v6~1                             ; LCCOMB_X32_Y27_N26 ; 60      ; Clock enable                          ; no     ; --                   ; --               ; --                        ;
; CORTEXM3INTEGRATIONDS:u_CORTEXM3INTEGRATION|cortexm3ds_logic:u_cortexm3ds_logic|Oibiw6                               ; LCCOMB_X43_Y33_N0  ; 6       ; Clock enable                          ; no     ; --                   ; --               ; --                        ;
; CORTEXM3INTEGRATIONDS:u_CORTEXM3INTEGRATION|cortexm3ds_logic:u_cortexm3ds_logic|On9xx6                               ; LCCOMB_X62_Y10_N22 ; 8       ; Clock enable                          ; no     ; --                   ; --               ; --                        ;
; CORTEXM3INTEGRATIONDS:u_CORTEXM3INTEGRATION|cortexm3ds_logic:u_cortexm3ds_logic|Onyiw6~0                             ; LCCOMB_X12_Y21_N20 ; 32      ; Clock enable                          ; no     ; --                   ; --               ; --                        ;
; CORTEXM3INTEGRATIONDS:u_CORTEXM3INTEGRATION|cortexm3ds_logic:u_cortexm3ds_logic|Or5xx6                               ; LCCOMB_X61_Y10_N6  ; 8       ; Clock enable                          ; no     ; --                   ; --               ; --                        ;
; CORTEXM3INTEGRATIONDS:u_CORTEXM3INTEGRATION|cortexm3ds_logic:u_cortexm3ds_logic|Ovciw6                               ; LCCOMB_X43_Y33_N12 ; 4       ; Clock enable                          ; no     ; --                   ; --               ; --                        ;
; CORTEXM3INTEGRATIONDS:u_CORTEXM3INTEGRATION|cortexm3ds_logic:u_cortexm3ds_logic|Ozd8v6~0                             ; LCCOMB_X36_Y8_N20  ; 3       ; Clock enable                          ; no     ; --                   ; --               ; --                        ;
; CORTEXM3INTEGRATIONDS:u_CORTEXM3INTEGRATION|cortexm3ds_logic:u_cortexm3ds_logic|P2f8v6~0                             ; LCCOMB_X52_Y5_N8   ; 3       ; Clock enable                          ; no     ; --                   ; --               ; --                        ;
; CORTEXM3INTEGRATIONDS:u_CORTEXM3INTEGRATION|cortexm3ds_logic:u_cortexm3ds_logic|P4d8v6~0                             ; LCCOMB_X52_Y5_N22  ; 3       ; Clock enable                          ; no     ; --                   ; --               ; --                        ;
; CORTEXM3INTEGRATIONDS:u_CORTEXM3INTEGRATION|cortexm3ds_logic:u_cortexm3ds_logic|P6kiw6                               ; LCCOMB_X39_Y19_N28 ; 30      ; Clock enable                          ; no     ; --                   ; --               ; --                        ;
; CORTEXM3INTEGRATIONDS:u_CORTEXM3INTEGRATION|cortexm3ds_logic:u_cortexm3ds_logic|P7p7v6~0                             ; LCCOMB_X21_Y23_N18 ; 33      ; Clock enable                          ; no     ; --                   ; --               ; --                        ;
; CORTEXM3INTEGRATIONDS:u_CORTEXM3INTEGRATION|cortexm3ds_logic:u_cortexm3ds_logic|Pb9ov6~0                             ; LCCOMB_X23_Y21_N14 ; 5       ; Clock enable                          ; no     ; --                   ; --               ; --                        ;
; CORTEXM3INTEGRATIONDS:u_CORTEXM3INTEGRATION|cortexm3ds_logic:u_cortexm3ds_logic|Pdyiw6~2                             ; LCCOMB_X12_Y21_N6  ; 32      ; Clock enable                          ; no     ; --                   ; --               ; --                        ;
; CORTEXM3INTEGRATIONDS:u_CORTEXM3INTEGRATION|cortexm3ds_logic:u_cortexm3ds_logic|Peciw6~2                             ; LCCOMB_X43_Y34_N14 ; 6       ; Clock enable                          ; no     ; --                   ; --               ; --                        ;
; CORTEXM3INTEGRATIONDS:u_CORTEXM3INTEGRATION|cortexm3ds_logic:u_cortexm3ds_logic|Pj3yx6~0                             ; LCCOMB_X62_Y28_N4  ; 18      ; Clock enable                          ; no     ; --                   ; --               ; --                        ;
; CORTEXM3INTEGRATIONDS:u_CORTEXM3INTEGRATION|cortexm3ds_logic:u_cortexm3ds_logic|Pklov6                               ; LCCOMB_X42_Y34_N24 ; 8       ; Clock enable                          ; no     ; --                   ; --               ; --                        ;
; CORTEXM3INTEGRATIONDS:u_CORTEXM3INTEGRATION|cortexm3ds_logic:u_cortexm3ds_logic|Pkyiw6~2                             ; LCCOMB_X16_Y21_N24 ; 32      ; Clock enable                          ; no     ; --                   ; --               ; --                        ;
; CORTEXM3INTEGRATIONDS:u_CORTEXM3INTEGRATION|cortexm3ds_logic:u_cortexm3ds_logic|Pmbiw6                               ; LCCOMB_X42_Y33_N30 ; 3       ; Clock enable                          ; no     ; --                   ; --               ; --                        ;
; CORTEXM3INTEGRATIONDS:u_CORTEXM3INTEGRATION|cortexm3ds_logic:u_cortexm3ds_logic|Pqthw6~2                             ; LCCOMB_X24_Y2_N14  ; 4       ; Clock enable                          ; no     ; --                   ; --               ; --                        ;
; CORTEXM3INTEGRATIONDS:u_CORTEXM3INTEGRATION|cortexm3ds_logic:u_cortexm3ds_logic|Ps5iw6~0                             ; LCCOMB_X37_Y16_N0  ; 8       ; Clock enable                          ; no     ; --                   ; --               ; --                        ;
; CORTEXM3INTEGRATIONDS:u_CORTEXM3INTEGRATION|cortexm3ds_logic:u_cortexm3ds_logic|Pwd8v6~0                             ; LCCOMB_X45_Y4_N0   ; 3       ; Clock enable                          ; no     ; --                   ; --               ; --                        ;
; CORTEXM3INTEGRATIONDS:u_CORTEXM3INTEGRATION|cortexm3ds_logic:u_cortexm3ds_logic|Pyeov6~1                             ; LCCOMB_X31_Y21_N4  ; 3       ; Clock enable                          ; no     ; --                   ; --               ; --                        ;
; CORTEXM3INTEGRATIONDS:u_CORTEXM3INTEGRATION|cortexm3ds_logic:u_cortexm3ds_logic|Pz1yx6                               ; LCCOMB_X54_Y19_N30 ; 8       ; Clock enable                          ; no     ; --                   ; --               ; --                        ;
; CORTEXM3INTEGRATIONDS:u_CORTEXM3INTEGRATION|cortexm3ds_logic:u_cortexm3ds_logic|Pz5yx6~0                             ; LCCOMB_X61_Y32_N26 ; 10      ; Clock enable                          ; no     ; --                   ; --               ; --                        ;
; CORTEXM3INTEGRATIONDS:u_CORTEXM3INTEGRATION|cortexm3ds_logic:u_cortexm3ds_logic|Q0hhw6                               ; LCCOMB_X23_Y25_N24 ; 34      ; Clock enable                          ; no     ; --                   ; --               ; --                        ;
; CORTEXM3INTEGRATIONDS:u_CORTEXM3INTEGRATION|cortexm3ds_logic:u_cortexm3ds_logic|Q0yiy6~1                             ; LCCOMB_X25_Y5_N8   ; 35      ; Clock enable                          ; no     ; --                   ; --               ; --                        ;
; CORTEXM3INTEGRATIONDS:u_CORTEXM3INTEGRATION|cortexm3ds_logic:u_cortexm3ds_logic|Q41jy6                               ; LCCOMB_X64_Y22_N20 ; 12      ; Clock enable                          ; no     ; --                   ; --               ; --                        ;
; CORTEXM3INTEGRATIONDS:u_CORTEXM3INTEGRATION|cortexm3ds_logic:u_cortexm3ds_logic|Q52et6~9                             ; LCCOMB_X25_Y23_N10 ; 6       ; Clock enable                          ; no     ; --                   ; --               ; --                        ;
; CORTEXM3INTEGRATIONDS:u_CORTEXM3INTEGRATION|cortexm3ds_logic:u_cortexm3ds_logic|Q7e8v6~0                             ; LCCOMB_X54_Y6_N12  ; 3       ; Clock enable                          ; no     ; --                   ; --               ; --                        ;
; CORTEXM3INTEGRATIONDS:u_CORTEXM3INTEGRATION|cortexm3ds_logic:u_cortexm3ds_logic|Q8fiw6~4                             ; LCCOMB_X64_Y22_N28 ; 34      ; Sync. load                            ; no     ; --                   ; --               ; --                        ;
; CORTEXM3INTEGRATIONDS:u_CORTEXM3INTEGRATION|cortexm3ds_logic:u_cortexm3ds_logic|Qf2ov6~0                             ; LCCOMB_X10_Y8_N8   ; 38      ; Clock enable                          ; no     ; --                   ; --               ; --                        ;
; CORTEXM3INTEGRATIONDS:u_CORTEXM3INTEGRATION|cortexm3ds_logic:u_cortexm3ds_logic|Qgyiy6~1                             ; LCCOMB_X26_Y1_N28  ; 3       ; Clock enable                          ; no     ; --                   ; --               ; --                        ;
; CORTEXM3INTEGRATIONDS:u_CORTEXM3INTEGRATION|cortexm3ds_logic:u_cortexm3ds_logic|Qhyiw6~0                             ; LCCOMB_X16_Y21_N30 ; 32      ; Clock enable                          ; no     ; --                   ; --               ; --                        ;
; CORTEXM3INTEGRATIONDS:u_CORTEXM3INTEGRATION|cortexm3ds_logic:u_cortexm3ds_logic|Qkwhw6~0                             ; LCCOMB_X25_Y3_N16  ; 2       ; Clock enable                          ; no     ; --                   ; --               ; --                        ;
; CORTEXM3INTEGRATIONDS:u_CORTEXM3INTEGRATION|cortexm3ds_logic:u_cortexm3ds_logic|Qoyiw6~2                             ; LCCOMB_X13_Y21_N30 ; 32      ; Clock enable                          ; no     ; --                   ; --               ; --                        ;
; CORTEXM3INTEGRATIONDS:u_CORTEXM3INTEGRATION|cortexm3ds_logic:u_cortexm3ds_logic|Qp8xx6                               ; LCCOMB_X61_Y10_N26 ; 8       ; Clock enable                          ; no     ; --                   ; --               ; --                        ;
; CORTEXM3INTEGRATIONDS:u_CORTEXM3INTEGRATION|cortexm3ds_logic:u_cortexm3ds_logic|Qsq6x6~0                             ; LCCOMB_X21_Y21_N30 ; 36      ; Sync. load                            ; no     ; --                   ; --               ; --                        ;
; CORTEXM3INTEGRATIONDS:u_CORTEXM3INTEGRATION|cortexm3ds_logic:u_cortexm3ds_logic|Qu1ov6                               ; LCCOMB_X18_Y20_N8  ; 19      ; Clock enable                          ; no     ; --                   ; --               ; --                        ;
; CORTEXM3INTEGRATIONDS:u_CORTEXM3INTEGRATION|cortexm3ds_logic:u_cortexm3ds_logic|Qwciw6                               ; LCCOMB_X43_Y34_N26 ; 4       ; Clock enable                          ; no     ; --                   ; --               ; --                        ;
; CORTEXM3INTEGRATIONDS:u_CORTEXM3INTEGRATION|cortexm3ds_logic:u_cortexm3ds_logic|Qxbiw6~2                             ; LCCOMB_X43_Y34_N18 ; 8       ; Clock enable                          ; no     ; --                   ; --               ; --                        ;
; CORTEXM3INTEGRATIONDS:u_CORTEXM3INTEGRATION|cortexm3ds_logic:u_cortexm3ds_logic|Qze8v6~0                             ; LCCOMB_X55_Y13_N30 ; 3       ; Clock enable                          ; no     ; --                   ; --               ; --                        ;
; CORTEXM3INTEGRATIONDS:u_CORTEXM3INTEGRATION|cortexm3ds_logic:u_cortexm3ds_logic|R1ciw6~2                             ; LCCOMB_X43_Y34_N6  ; 8       ; Clock enable                          ; no     ; --                   ; --               ; --                        ;
; CORTEXM3INTEGRATIONDS:u_CORTEXM3INTEGRATION|cortexm3ds_logic:u_cortexm3ds_logic|R3f8v6~0                             ; LCCOMB_X36_Y8_N4   ; 3       ; Clock enable                          ; no     ; --                   ; --               ; --                        ;
; CORTEXM3INTEGRATIONDS:u_CORTEXM3INTEGRATION|cortexm3ds_logic:u_cortexm3ds_logic|R45xx6                               ; LCCOMB_X61_Y11_N4  ; 8       ; Clock enable                          ; no     ; --                   ; --               ; --                        ;
; CORTEXM3INTEGRATIONDS:u_CORTEXM3INTEGRATION|cortexm3ds_logic:u_cortexm3ds_logic|R5d8v6~0                             ; LCCOMB_X41_Y4_N12  ; 3       ; Clock enable                          ; no     ; --                   ; --               ; --                        ;
; CORTEXM3INTEGRATIONDS:u_CORTEXM3INTEGRATION|cortexm3ds_logic:u_cortexm3ds_logic|R66yx6~0                             ; LCCOMB_X61_Y32_N30 ; 9       ; Clock enable                          ; no     ; --                   ; --               ; --                        ;
; CORTEXM3INTEGRATIONDS:u_CORTEXM3INTEGRATION|cortexm3ds_logic:u_cortexm3ds_logic|R7kiw6                               ; LCCOMB_X39_Y20_N14 ; 30      ; Clock enable                          ; no     ; --                   ; --               ; --                        ;
; CORTEXM3INTEGRATIONDS:u_CORTEXM3INTEGRATION|cortexm3ds_logic:u_cortexm3ds_logic|Rconv6~1                             ; LCCOMB_X34_Y23_N24 ; 14      ; Clock enable                          ; no     ; --                   ; --               ; --                        ;
; CORTEXM3INTEGRATIONDS:u_CORTEXM3INTEGRATION|cortexm3ds_logic:u_cortexm3ds_logic|Rem7x6~0                             ; LCCOMB_X14_Y28_N8  ; 7       ; Clock enable                          ; no     ; --                   ; --               ; --                        ;
; CORTEXM3INTEGRATIONDS:u_CORTEXM3INTEGRATION|cortexm3ds_logic:u_cortexm3ds_logic|Rfciw6~2                             ; LCCOMB_X43_Y33_N24 ; 6       ; Clock enable                          ; no     ; --                   ; --               ; --                        ;
; CORTEXM3INTEGRATIONDS:u_CORTEXM3INTEGRATION|cortexm3ds_logic:u_cortexm3ds_logic|Rgbiw6~0                             ; LCCOMB_X40_Y16_N20 ; 8       ; Clock enable                          ; no     ; --                   ; --               ; --                        ;
; CORTEXM3INTEGRATIONDS:u_CORTEXM3INTEGRATION|cortexm3ds_logic:u_cortexm3ds_logic|Riaov6                               ; LCCOMB_X21_Y25_N30 ; 6       ; Clock enable                          ; no     ; --                   ; --               ; --                        ;
; CORTEXM3INTEGRATIONDS:u_CORTEXM3INTEGRATION|cortexm3ds_logic:u_cortexm3ds_logic|Rnqhw6                               ; LCCOMB_X30_Y5_N0   ; 9       ; Clock enable                          ; no     ; --                   ; --               ; --                        ;
; CORTEXM3INTEGRATIONDS:u_CORTEXM3INTEGRATION|cortexm3ds_logic:u_cortexm3ds_logic|Rpoov6                               ; LCCOMB_X22_Y27_N8  ; 3       ; Clock enable                          ; no     ; --                   ; --               ; --                        ;
; CORTEXM3INTEGRATIONDS:u_CORTEXM3INTEGRATION|cortexm3ds_logic:u_cortexm3ds_logic|Rtciw6~0                             ; LCCOMB_X42_Y33_N12 ; 8       ; Clock enable                          ; no     ; --                   ; --               ; --                        ;
; CORTEXM3INTEGRATIONDS:u_CORTEXM3INTEGRATION|cortexm3ds_logic:u_cortexm3ds_logic|Rx8iw6~0                             ; LCCOMB_X45_Y33_N20 ; 3       ; Clock enable                          ; no     ; --                   ; --               ; --                        ;
; CORTEXM3INTEGRATIONDS:u_CORTEXM3INTEGRATION|cortexm3ds_logic:u_cortexm3ds_logic|Rxd8v6~0                             ; LCCOMB_X54_Y6_N16  ; 3       ; Clock enable                          ; no     ; --                   ; --               ; --                        ;
; CORTEXM3INTEGRATIONDS:u_CORTEXM3INTEGRATION|cortexm3ds_logic:u_cortexm3ds_logic|Ry1yx6~0                             ; LCCOMB_X55_Y23_N30 ; 2       ; Clock enable                          ; no     ; --                   ; --               ; --                        ;
; CORTEXM3INTEGRATIONDS:u_CORTEXM3INTEGRATION|cortexm3ds_logic:u_cortexm3ds_logic|S0f8v6~0                             ; LCCOMB_X41_Y4_N20  ; 3       ; Clock enable                          ; no     ; --                   ; --               ; --                        ;
; CORTEXM3INTEGRATIONDS:u_CORTEXM3INTEGRATION|cortexm3ds_logic:u_cortexm3ds_logic|S2d8v6~0                             ; LCCOMB_X52_Y5_N12  ; 3       ; Clock enable                          ; no     ; --                   ; --               ; --                        ;
; CORTEXM3INTEGRATIONDS:u_CORTEXM3INTEGRATION|cortexm3ds_logic:u_cortexm3ds_logic|S31jy6                               ; LCCOMB_X63_Y23_N6  ; 5       ; Clock enable                          ; no     ; --                   ; --               ; --                        ;
; CORTEXM3INTEGRATIONDS:u_CORTEXM3INTEGRATION|cortexm3ds_logic:u_cortexm3ds_logic|S5ciw6~0                             ; LCCOMB_X42_Y33_N10 ; 16      ; Clock enable                          ; no     ; --                   ; --               ; --                        ;
; CORTEXM3INTEGRATIONDS:u_CORTEXM3INTEGRATION|cortexm3ds_logic:u_cortexm3ds_logic|S8e8v6~0                             ; LCCOMB_X41_Y4_N30  ; 3       ; Clock enable                          ; no     ; --                   ; --               ; --                        ;
; CORTEXM3INTEGRATIONDS:u_CORTEXM3INTEGRATION|cortexm3ds_logic:u_cortexm3ds_logic|S93nv6~0                             ; LCCOMB_X39_Y11_N30 ; 11      ; Clock enable                          ; no     ; --                   ; --               ; --                        ;
; CORTEXM3INTEGRATIONDS:u_CORTEXM3INTEGRATION|cortexm3ds_logic:u_cortexm3ds_logic|Sblov6~20                            ; LCCOMB_X37_Y20_N30 ; 6       ; Clock enable                          ; no     ; --                   ; --               ; --                        ;
; CORTEXM3INTEGRATIONDS:u_CORTEXM3INTEGRATION|cortexm3ds_logic:u_cortexm3ds_logic|Scrhw6                               ; LCCOMB_X29_Y2_N4   ; 22      ; Clock enable, Sync. load              ; no     ; --                   ; --               ; --                        ;
; CORTEXM3INTEGRATIONDS:u_CORTEXM3INTEGRATION|cortexm3ds_logic:u_cortexm3ds_logic|Sdo7v6~2                             ; LCCOMB_X49_Y22_N20 ; 21      ; Clock enable                          ; no     ; --                   ; --               ; --                        ;
; CORTEXM3INTEGRATIONDS:u_CORTEXM3INTEGRATION|cortexm3ds_logic:u_cortexm3ds_logic|Sidiw6~0                             ; LCCOMB_X26_Y27_N26 ; 13      ; Clock enable                          ; no     ; --                   ; --               ; --                        ;
; CORTEXM3INTEGRATIONDS:u_CORTEXM3INTEGRATION|cortexm3ds_logic:u_cortexm3ds_logic|Soeiw6~0                             ; LCCOMB_X42_Y18_N4  ; 7       ; Clock enable                          ; no     ; --                   ; --               ; --                        ;
; CORTEXM3INTEGRATIONDS:u_CORTEXM3INTEGRATION|cortexm3ds_logic:u_cortexm3ds_logic|Su1iw6~0                             ; LCCOMB_X25_Y6_N14  ; 18      ; Clock enable                          ; no     ; --                   ; --               ; --                        ;
; CORTEXM3INTEGRATIONDS:u_CORTEXM3INTEGRATION|cortexm3ds_logic:u_cortexm3ds_logic|Sv1jy6~1                             ; LCCOMB_X51_Y25_N8  ; 8       ; Clock enable                          ; no     ; --                   ; --               ; --                        ;
; CORTEXM3INTEGRATIONDS:u_CORTEXM3INTEGRATION|cortexm3ds_logic:u_cortexm3ds_logic|T12yx6~1                             ; LCCOMB_X55_Y26_N2  ; 7       ; Clock enable                          ; no     ; --                   ; --               ; --                        ;
; CORTEXM3INTEGRATIONDS:u_CORTEXM3INTEGRATION|cortexm3ds_logic:u_cortexm3ds_logic|T1zmz6~0                             ; LCCOMB_X62_Y15_N8  ; 27      ; Sync. load                            ; no     ; --                   ; --               ; --                        ;
; CORTEXM3INTEGRATIONDS:u_CORTEXM3INTEGRATION|cortexm3ds_logic:u_cortexm3ds_logic|T2ciw6~2                             ; LCCOMB_X43_Y34_N2  ; 8       ; Clock enable                          ; no     ; --                   ; --               ; --                        ;
; CORTEXM3INTEGRATIONDS:u_CORTEXM3INTEGRATION|cortexm3ds_logic:u_cortexm3ds_logic|T46xx6                               ; LCCOMB_X60_Y10_N6  ; 8       ; Clock enable                          ; no     ; --                   ; --               ; --                        ;
; CORTEXM3INTEGRATIONDS:u_CORTEXM3INTEGRATION|cortexm3ds_logic:u_cortexm3ds_logic|T5a8x6~0                             ; LCCOMB_X58_Y23_N22 ; 53      ; Clock enable                          ; no     ; --                   ; --               ; --                        ;
; CORTEXM3INTEGRATIONDS:u_CORTEXM3INTEGRATION|cortexm3ds_logic:u_cortexm3ds_logic|T5e8v6~0                             ; LCCOMB_X45_Y4_N26  ; 3       ; Clock enable                          ; no     ; --                   ; --               ; --                        ;
; CORTEXM3INTEGRATIONDS:u_CORTEXM3INTEGRATION|cortexm3ds_logic:u_cortexm3ds_logic|Tdz7v6~3                             ; LCCOMB_X21_Y21_N8  ; 2       ; Clock enable                          ; no     ; --                   ; --               ; --                        ;
; CORTEXM3INTEGRATIONDS:u_CORTEXM3INTEGRATION|cortexm3ds_logic:u_cortexm3ds_logic|Thbiw6                               ; LCCOMB_X43_Y34_N16 ; 6       ; Clock enable                          ; no     ; --                   ; --               ; --                        ;
; CORTEXM3INTEGRATIONDS:u_CORTEXM3INTEGRATION|cortexm3ds_logic:u_cortexm3ds_logic|Tmyiw6~3                             ; LCCOMB_X12_Y21_N0  ; 32      ; Clock enable                          ; no     ; --                   ; --               ; --                        ;
; CORTEXM3INTEGRATIONDS:u_CORTEXM3INTEGRATION|cortexm3ds_logic:u_cortexm3ds_logic|Toxhw6                               ; LCCOMB_X29_Y2_N30  ; 13      ; Clock enable                          ; no     ; --                   ; --               ; --                        ;
; CORTEXM3INTEGRATIONDS:u_CORTEXM3INTEGRATION|cortexm3ds_logic:u_cortexm3ds_logic|Trgov6~2                             ; LCCOMB_X39_Y11_N26 ; 3       ; Clock enable                          ; no     ; --                   ; --               ; --                        ;
; CORTEXM3INTEGRATIONDS:u_CORTEXM3INTEGRATION|cortexm3ds_logic:u_cortexm3ds_logic|Trl7v6~0                             ; LCCOMB_X36_Y8_N6   ; 3       ; Clock enable                          ; no     ; --                   ; --               ; --                        ;
; CORTEXM3INTEGRATIONDS:u_CORTEXM3INTEGRATION|cortexm3ds_logic:u_cortexm3ds_logic|Tuciw6~0                             ; LCCOMB_X42_Y34_N30 ; 8       ; Clock enable                          ; no     ; --                   ; --               ; --                        ;
; CORTEXM3INTEGRATIONDS:u_CORTEXM3INTEGRATION|cortexm3ds_logic:u_cortexm3ds_logic|Tyd8v6~0                             ; LCCOMB_X45_Y4_N10  ; 3       ; Clock enable                          ; no     ; --                   ; --               ; --                        ;
; CORTEXM3INTEGRATIONDS:u_CORTEXM3INTEGRATION|cortexm3ds_logic:u_cortexm3ds_logic|U1f8v6~0                             ; LCCOMB_X54_Y6_N8   ; 3       ; Clock enable                          ; no     ; --                   ; --               ; --                        ;
; CORTEXM3INTEGRATIONDS:u_CORTEXM3INTEGRATION|cortexm3ds_logic:u_cortexm3ds_logic|U20jy6~2                             ; LCCOMB_X44_Y16_N28 ; 2       ; Clock enable                          ; no     ; --                   ; --               ; --                        ;
; CORTEXM3INTEGRATIONDS:u_CORTEXM3INTEGRATION|cortexm3ds_logic:u_cortexm3ds_logic|U3d8v6~0                             ; LCCOMB_X41_Y4_N4   ; 3       ; Clock enable                          ; no     ; --                   ; --               ; --                        ;
; CORTEXM3INTEGRATIONDS:u_CORTEXM3INTEGRATION|cortexm3ds_logic:u_cortexm3ds_logic|U61jy6                               ; LCCOMB_X59_Y17_N16 ; 11      ; Clock enable                          ; no     ; --                   ; --               ; --                        ;
; CORTEXM3INTEGRATIONDS:u_CORTEXM3INTEGRATION|cortexm3ds_logic:u_cortexm3ds_logic|U6ciw6~0                             ; LCCOMB_X42_Y34_N16 ; 16      ; Clock enable                          ; no     ; --                   ; --               ; --                        ;
; CORTEXM3INTEGRATIONDS:u_CORTEXM3INTEGRATION|cortexm3ds_logic:u_cortexm3ds_logic|Ua1jy6                               ; LCCOMB_X55_Y16_N28 ; 11      ; Clock enable                          ; no     ; --                   ; --               ; --                        ;
; CORTEXM3INTEGRATIONDS:u_CORTEXM3INTEGRATION|cortexm3ds_logic:u_cortexm3ds_logic|Udkov6~0                             ; LCCOMB_X10_Y8_N4   ; 16      ; Clock enable, Sync. load              ; no     ; --                   ; --               ; --                        ;
; CORTEXM3INTEGRATIONDS:u_CORTEXM3INTEGRATION|cortexm3ds_logic:u_cortexm3ds_logic|Ue5ov6                               ; LCCOMB_X55_Y26_N22 ; 8       ; Clock enable                          ; no     ; --                   ; --               ; --                        ;
; CORTEXM3INTEGRATIONDS:u_CORTEXM3INTEGRATION|cortexm3ds_logic:u_cortexm3ds_logic|Ueyiy6~0                             ; LCCOMB_X26_Y1_N14  ; 32      ; Clock enable                          ; no     ; --                   ; --               ; --                        ;
; CORTEXM3INTEGRATIONDS:u_CORTEXM3INTEGRATION|cortexm3ds_logic:u_cortexm3ds_logic|Ug5xx6~0                             ; LCCOMB_X60_Y11_N4  ; 8       ; Clock enable                          ; no     ; --                   ; --               ; --                        ;
; CORTEXM3INTEGRATIONDS:u_CORTEXM3INTEGRATION|cortexm3ds_logic:u_cortexm3ds_logic|Uub7x6~1                             ; LCCOMB_X43_Y13_N10 ; 8       ; Sync. load                            ; no     ; --                   ; --               ; --                        ;
; CORTEXM3INTEGRATIONDS:u_CORTEXM3INTEGRATION|cortexm3ds_logic:u_cortexm3ds_logic|Uvd8v6~0                             ; LCCOMB_X54_Y6_N6   ; 3       ; Clock enable                          ; no     ; --                   ; --               ; --                        ;
; CORTEXM3INTEGRATIONDS:u_CORTEXM3INTEGRATION|cortexm3ds_logic:u_cortexm3ds_logic|Uw3xx6~0                             ; LCCOMB_X62_Y15_N22 ; 25      ; Clock enable                          ; no     ; --                   ; --               ; --                        ;
; CORTEXM3INTEGRATIONDS:u_CORTEXM3INTEGRATION|cortexm3ds_logic:u_cortexm3ds_logic|Uzg8v6~2                             ; LCCOMB_X25_Y3_N30  ; 25      ; Clock enable                          ; no     ; --                   ; --               ; --                        ;
; CORTEXM3INTEGRATIONDS:u_CORTEXM3INTEGRATION|cortexm3ds_logic:u_cortexm3ds_logic|V6e8v6~0                             ; LCCOMB_X45_Y4_N22  ; 3       ; Clock enable                          ; no     ; --                   ; --               ; --                        ;
; CORTEXM3INTEGRATIONDS:u_CORTEXM3INTEGRATION|cortexm3ds_logic:u_cortexm3ds_logic|V6wnv6~0                             ; LCCOMB_X34_Y13_N8  ; 6       ; Clock enable                          ; no     ; --                   ; --               ; --                        ;
; CORTEXM3INTEGRATIONDS:u_CORTEXM3INTEGRATION|cortexm3ds_logic:u_cortexm3ds_logic|Vd2iw6~4                             ; LCCOMB_X44_Y18_N0  ; 24      ; Clock enable                          ; no     ; --                   ; --               ; --                        ;
; CORTEXM3INTEGRATIONDS:u_CORTEXM3INTEGRATION|cortexm3ds_logic:u_cortexm3ds_logic|Vfmov6~0                             ; LCCOMB_X25_Y26_N6  ; 13      ; Clock enable                          ; no     ; --                   ; --               ; --                        ;
; CORTEXM3INTEGRATIONDS:u_CORTEXM3INTEGRATION|cortexm3ds_logic:u_cortexm3ds_logic|Vfsiw6                               ; LCCOMB_X15_Y22_N0  ; 6       ; Clock enable                          ; no     ; --                   ; --               ; --                        ;
; CORTEXM3INTEGRATIONDS:u_CORTEXM3INTEGRATION|cortexm3ds_logic:u_cortexm3ds_logic|Vibiw6                               ; LCCOMB_X43_Y34_N0  ; 6       ; Clock enable                          ; no     ; --                   ; --               ; --                        ;
; CORTEXM3INTEGRATIONDS:u_CORTEXM3INTEGRATION|cortexm3ds_logic:u_cortexm3ds_logic|Vlgov6~1                             ; LCCOMB_X32_Y13_N8  ; 3       ; Clock enable                          ; no     ; --                   ; --               ; --                        ;
; CORTEXM3INTEGRATIONDS:u_CORTEXM3INTEGRATION|cortexm3ds_logic:u_cortexm3ds_logic|Vr5xx6~0                             ; LCCOMB_X61_Y10_N14 ; 8       ; Clock enable                          ; no     ; --                   ; --               ; --                        ;
; CORTEXM3INTEGRATIONDS:u_CORTEXM3INTEGRATION|cortexm3ds_logic:u_cortexm3ds_logic|Vs9ov6~3                             ; LCCOMB_X26_Y26_N22 ; 125     ; Clock enable                          ; no     ; --                   ; --               ; --                        ;
; CORTEXM3INTEGRATIONDS:u_CORTEXM3INTEGRATION|cortexm3ds_logic:u_cortexm3ds_logic|Vvciw6                               ; LCCOMB_X42_Y33_N16 ; 8       ; Clock enable                          ; no     ; --                   ; --               ; --                        ;
; CORTEXM3INTEGRATIONDS:u_CORTEXM3INTEGRATION|cortexm3ds_logic:u_cortexm3ds_logic|W10jy6~0                             ; LCCOMB_X37_Y14_N20 ; 3       ; Clock enable                          ; no     ; --                   ; --               ; --                        ;
; CORTEXM3INTEGRATIONDS:u_CORTEXM3INTEGRATION|cortexm3ds_logic:u_cortexm3ds_logic|W11jy6                               ; LCCOMB_X62_Y23_N6  ; 32      ; Clock enable                          ; no     ; --                   ; --               ; --                        ;
; CORTEXM3INTEGRATIONDS:u_CORTEXM3INTEGRATION|cortexm3ds_logic:u_cortexm3ds_logic|W2f8v6~0                             ; LCCOMB_X41_Y4_N8   ; 3       ; Clock enable                          ; no     ; --                   ; --               ; --                        ;
; CORTEXM3INTEGRATIONDS:u_CORTEXM3INTEGRATION|cortexm3ds_logic:u_cortexm3ds_logic|W32iw6~0                             ; LCCOMB_X42_Y18_N20 ; 15      ; Clock enable                          ; no     ; --                   ; --               ; --                        ;
; CORTEXM3INTEGRATIONDS:u_CORTEXM3INTEGRATION|cortexm3ds_logic:u_cortexm3ds_logic|W4d8v6~0                             ; LCCOMB_X52_Y5_N4   ; 3       ; Clock enable                          ; no     ; --                   ; --               ; --                        ;
; CORTEXM3INTEGRATIONDS:u_CORTEXM3INTEGRATION|cortexm3ds_logic:u_cortexm3ds_logic|W5yiy6~0                             ; LCCOMB_X46_Y14_N18 ; 4       ; Clock enable                          ; no     ; --                   ; --               ; --                        ;
; CORTEXM3INTEGRATIONDS:u_CORTEXM3INTEGRATION|cortexm3ds_logic:u_cortexm3ds_logic|W7ciw6~2                             ; LCCOMB_X45_Y33_N30 ; 16      ; Clock enable                          ; no     ; --                   ; --               ; --                        ;
; CORTEXM3INTEGRATIONDS:u_CORTEXM3INTEGRATION|cortexm3ds_logic:u_cortexm3ds_logic|W92jy6~0                             ; LCCOMB_X51_Y25_N16 ; 8       ; Clock enable                          ; no     ; --                   ; --               ; --                        ;
; CORTEXM3INTEGRATIONDS:u_CORTEXM3INTEGRATION|cortexm3ds_logic:u_cortexm3ds_logic|Weciw6~2                             ; LCCOMB_X43_Y34_N8  ; 6       ; Clock enable                          ; no     ; --                   ; --               ; --                        ;
; CORTEXM3INTEGRATIONDS:u_CORTEXM3INTEGRATION|cortexm3ds_logic:u_cortexm3ds_logic|Wj1ov6                               ; LCCOMB_X34_Y23_N18 ; 33      ; Clock enable                          ; no     ; --                   ; --               ; --                        ;
; CORTEXM3INTEGRATIONDS:u_CORTEXM3INTEGRATION|cortexm3ds_logic:u_cortexm3ds_logic|Wmcov6                               ; LCCOMB_X59_Y12_N30 ; 10      ; Clock enable                          ; no     ; --                   ; --               ; --                        ;
; CORTEXM3INTEGRATIONDS:u_CORTEXM3INTEGRATION|cortexm3ds_logic:u_cortexm3ds_logic|Wsciw6                               ; LCCOMB_X43_Y33_N30 ; 4       ; Clock enable                          ; no     ; --                   ; --               ; --                        ;
; CORTEXM3INTEGRATIONDS:u_CORTEXM3INTEGRATION|cortexm3ds_logic:u_cortexm3ds_logic|Wtziy6                               ; LCCOMB_X45_Y12_N6  ; 8       ; Clock enable                          ; no     ; --                   ; --               ; --                        ;
; CORTEXM3INTEGRATIONDS:u_CORTEXM3INTEGRATION|cortexm3ds_logic:u_cortexm3ds_logic|Wwd8v6~0                             ; LCCOMB_X41_Y4_N16  ; 3       ; Clock enable                          ; no     ; --                   ; --               ; --                        ;
; CORTEXM3INTEGRATIONDS:u_CORTEXM3INTEGRATION|cortexm3ds_logic:u_cortexm3ds_logic|Wy3oz6                               ; FF_X60_Y14_N9      ; 50      ; Sync. clear                           ; no     ; --                   ; --               ; --                        ;
; CORTEXM3INTEGRATIONDS:u_CORTEXM3INTEGRATION|cortexm3ds_logic:u_cortexm3ds_logic|X1d8v6~0                             ; LCCOMB_X55_Y13_N4  ; 3       ; Clock enable                          ; no     ; --                   ; --               ; --                        ;
; CORTEXM3INTEGRATIONDS:u_CORTEXM3INTEGRATION|cortexm3ds_logic:u_cortexm3ds_logic|X76yx6~0                             ; LCCOMB_X61_Y32_N24 ; 10      ; Clock enable                          ; no     ; --                   ; --               ; --                        ;
; CORTEXM3INTEGRATIONDS:u_CORTEXM3INTEGRATION|cortexm3ds_logic:u_cortexm3ds_logic|X7e8v6~0                             ; LCCOMB_X47_Y7_N0   ; 3       ; Clock enable                          ; no     ; --                   ; --               ; --                        ;
; CORTEXM3INTEGRATIONDS:u_CORTEXM3INTEGRATION|cortexm3ds_logic:u_cortexm3ds_logic|Xd6xx6                               ; LCCOMB_X60_Y10_N28 ; 8       ; Clock enable                          ; no     ; --                   ; --               ; --                        ;
; CORTEXM3INTEGRATIONDS:u_CORTEXM3INTEGRATION|cortexm3ds_logic:u_cortexm3ds_logic|Xjbiw6~0                             ; LCCOMB_X42_Y33_N26 ; 3       ; Clock enable                          ; no     ; --                   ; --               ; --                        ;
; CORTEXM3INTEGRATIONDS:u_CORTEXM3INTEGRATION|cortexm3ds_logic:u_cortexm3ds_logic|Xllg07                               ; FF_X37_Y16_N5      ; 269     ; Clock enable                          ; no     ; --                   ; --               ; --                        ;
; CORTEXM3INTEGRATIONDS:u_CORTEXM3INTEGRATION|cortexm3ds_logic:u_cortexm3ds_logic|Xml7v6~0                             ; LCCOMB_X36_Y8_N28  ; 3       ; Clock enable                          ; no     ; --                   ; --               ; --                        ;
; CORTEXM3INTEGRATIONDS:u_CORTEXM3INTEGRATION|cortexm3ds_logic:u_cortexm3ds_logic|Xxbiw6~0                             ; LCCOMB_X42_Y34_N26 ; 16      ; Clock enable                          ; no     ; --                   ; --               ; --                        ;
; CORTEXM3INTEGRATIONDS:u_CORTEXM3INTEGRATION|cortexm3ds_logic:u_cortexm3ds_logic|Xze8v6~0                             ; LCCOMB_X54_Y6_N18  ; 3       ; Clock enable                          ; no     ; --                   ; --               ; --                        ;
; CORTEXM3INTEGRATIONDS:u_CORTEXM3INTEGRATION|cortexm3ds_logic:u_cortexm3ds_logic|Y01jy6~4                             ; LCCOMB_X64_Y22_N10 ; 4       ; Clock enable                          ; no     ; --                   ; --               ; --                        ;
; CORTEXM3INTEGRATIONDS:u_CORTEXM3INTEGRATION|cortexm3ds_logic:u_cortexm3ds_logic|Y5d8v6~0                             ; LCCOMB_X36_Y8_N30  ; 3       ; Clock enable                          ; no     ; --                   ; --               ; --                        ;
; CORTEXM3INTEGRATIONDS:u_CORTEXM3INTEGRATION|cortexm3ds_logic:u_cortexm3ds_logic|Y81jy6                               ; LCCOMB_X59_Y18_N26 ; 7       ; Clock enable                          ; no     ; --                   ; --               ; --                        ;
; CORTEXM3INTEGRATIONDS:u_CORTEXM3INTEGRATION|cortexm3ds_logic:u_cortexm3ds_logic|Yei8v6~0                             ; LCCOMB_X19_Y24_N8  ; 10      ; Clock enable                          ; no     ; --                   ; --               ; --                        ;
; CORTEXM3INTEGRATIONDS:u_CORTEXM3INTEGRATION|cortexm3ds_logic:u_cortexm3ds_logic|Yfciw6                               ; LCCOMB_X43_Y34_N30 ; 6       ; Clock enable                          ; no     ; --                   ; --               ; --                        ;
; CORTEXM3INTEGRATIONDS:u_CORTEXM3INTEGRATION|cortexm3ds_logic:u_cortexm3ds_logic|Ykziw6~2                             ; LCCOMB_X12_Y21_N10 ; 32      ; Clock enable                          ; no     ; --                   ; --               ; --                        ;
; CORTEXM3INTEGRATIONDS:u_CORTEXM3INTEGRATION|cortexm3ds_logic:u_cortexm3ds_logic|Ym2nz6                               ; FF_X36_Y1_N13      ; 281     ; Async. clear                          ; yes    ; Global Clock         ; GCLK17           ; --                        ;
; CORTEXM3INTEGRATIONDS:u_CORTEXM3INTEGRATION|cortexm3ds_logic:u_cortexm3ds_logic|Ynbiw6~0                             ; LCCOMB_X42_Y34_N0  ; 3       ; Clock enable                          ; no     ; --                   ; --               ; --                        ;
; CORTEXM3INTEGRATIONDS:u_CORTEXM3INTEGRATION|cortexm3ds_logic:u_cortexm3ds_logic|Ytciw6                               ; LCCOMB_X43_Y34_N28 ; 4       ; Clock enable                          ; no     ; --                   ; --               ; --                        ;
; CORTEXM3INTEGRATIONDS:u_CORTEXM3INTEGRATION|cortexm3ds_logic:u_cortexm3ds_logic|Ytjiw6                               ; LCCOMB_X37_Y14_N12 ; 8       ; Clock enable                          ; no     ; --                   ; --               ; --                        ;
; CORTEXM3INTEGRATIONDS:u_CORTEXM3INTEGRATION|cortexm3ds_logic:u_cortexm3ds_logic|Yxd8v6~0                             ; LCCOMB_X54_Y6_N20  ; 3       ; Clock enable                          ; no     ; --                   ; --               ; --                        ;
; CORTEXM3INTEGRATIONDS:u_CORTEXM3INTEGRATION|cortexm3ds_logic:u_cortexm3ds_logic|Yxl7v6~0                             ; LCCOMB_X37_Y14_N16 ; 3       ; Clock enable                          ; no     ; --                   ; --               ; --                        ;
; CORTEXM3INTEGRATIONDS:u_CORTEXM3INTEGRATION|cortexm3ds_logic:u_cortexm3ds_logic|Z0f8v6~0                             ; LCCOMB_X41_Y4_N18  ; 3       ; Clock enable                          ; no     ; --                   ; --               ; --                        ;
; CORTEXM3INTEGRATIONDS:u_CORTEXM3INTEGRATION|cortexm3ds_logic:u_cortexm3ds_logic|Z2d8v6~0                             ; LCCOMB_X41_Y4_N0   ; 3       ; Clock enable                          ; no     ; --                   ; --               ; --                        ;
; CORTEXM3INTEGRATIONDS:u_CORTEXM3INTEGRATION|cortexm3ds_logic:u_cortexm3ds_logic|Z4kiw6                               ; LCCOMB_X39_Y19_N22 ; 30      ; Clock enable                          ; no     ; --                   ; --               ; --                        ;
; CORTEXM3INTEGRATIONDS:u_CORTEXM3INTEGRATION|cortexm3ds_logic:u_cortexm3ds_logic|Z6jhw6~0                             ; LCCOMB_X15_Y8_N18  ; 48      ; Clock enable                          ; no     ; --                   ; --               ; --                        ;
; CORTEXM3INTEGRATIONDS:u_CORTEXM3INTEGRATION|cortexm3ds_logic:u_cortexm3ds_logic|Z73iw6~2                             ; LCCOMB_X43_Y18_N14 ; 10      ; Clock enable                          ; no     ; --                   ; --               ; --                        ;
; CORTEXM3INTEGRATIONDS:u_CORTEXM3INTEGRATION|cortexm3ds_logic:u_cortexm3ds_logic|Z8e8v6~0                             ; LCCOMB_X36_Y8_N8   ; 3       ; Clock enable                          ; no     ; --                   ; --               ; --                        ;
; CORTEXM3INTEGRATIONDS:u_CORTEXM3INTEGRATION|cortexm3ds_logic:u_cortexm3ds_logic|Zdo7v6~0                             ; LCCOMB_X42_Y18_N16 ; 9       ; Clock enable                          ; no     ; --                   ; --               ; --                        ;
; CORTEXM3INTEGRATIONDS:u_CORTEXM3INTEGRATION|cortexm3ds_logic:u_cortexm3ds_logic|Zhg7x6~2                             ; LCCOMB_X38_Y15_N4  ; 10      ; Clock enable                          ; no     ; --                   ; --               ; --                        ;
; CORTEXM3INTEGRATIONDS:u_CORTEXM3INTEGRATION|cortexm3ds_logic:u_cortexm3ds_logic|Zidiw6~0                             ; LCCOMB_X34_Y24_N26 ; 8       ; Clock enable                          ; no     ; --                   ; --               ; --                        ;
; CORTEXM3INTEGRATIONDS:u_CORTEXM3INTEGRATION|cortexm3ds_logic:u_cortexm3ds_logic|Zkbiw6~0                             ; LCCOMB_X41_Y34_N28 ; 3       ; Clock enable                          ; no     ; --                   ; --               ; --                        ;
; CORTEXM3INTEGRATIONDS:u_CORTEXM3INTEGRATION|cortexm3ds_logic:u_cortexm3ds_logic|Zmwnv6~0                             ; LCCOMB_X34_Y6_N26  ; 33      ; Clock enable                          ; no     ; --                   ; --               ; --                        ;
; CORTEXM3INTEGRATIONDS:u_CORTEXM3INTEGRATION|cortexm3ds_logic:u_cortexm3ds_logic|Zr7xx6                               ; LCCOMB_X60_Y10_N30 ; 8       ; Clock enable                          ; no     ; --                   ; --               ; --                        ;
; CORTEXM3INTEGRATIONDS:u_CORTEXM3INTEGRATION|cortexm3ds_logic:u_cortexm3ds_logic|Zs4ov6~0                             ; LCCOMB_X27_Y22_N6  ; 73      ; Clock enable                          ; no     ; --                   ; --               ; --                        ;
; LessThan0~7                                                                                                          ; LCCOMB_X50_Y49_N26 ; 26      ; Clock enable                          ; no     ; --                   ; --               ; --                        ;
; RESETn                                                                                                               ; PIN_A7             ; 978     ; Async. clear, Clock enable            ; no     ; --                   ; --               ; --                        ;
; TCK                                                                                                                  ; PIN_W8             ; 327     ; Clock                                 ; no     ; --                   ; --               ; --                        ;
; audio_ctrl_apb:u_audio_ctrl_apb|audio_fifo:u_audio_fifo|comb~0                                                       ; LCCOMB_X50_Y44_N14 ; 2       ; Write enable                          ; no     ; --                   ; --               ; --                        ;
; audio_ctrl_apb:u_audio_ctrl_apb|audio_fifo:u_audio_fifo|item_cnt[3]~22                                               ; LCCOMB_X50_Y44_N24 ; 16      ; Clock enable                          ; no     ; --                   ; --               ; --                        ;
; audio_ctrl_apb:u_audio_ctrl_apb|audio_fifo:u_audio_fifo|mem~29                                                       ; LCCOMB_X50_Y44_N4  ; 24      ; Clock enable                          ; no     ; --                   ; --               ; --                        ;
; audio_ctrl_apb:u_audio_ctrl_apb|audio_fifo:u_audio_fifo|wr_ptr[1]~1                                                  ; LCCOMB_X51_Y43_N18 ; 4       ; Clock enable                          ; no     ; --                   ; --               ; --                        ;
; audio_ctrl_apb:u_audio_ctrl_apb|fifo_clr_pulse                                                                       ; FF_X50_Y35_N15     ; 29      ; Sync. clear                           ; no     ; --                   ; --               ; --                        ;
; cmsdk_apb_subsystem:u_apb_subsystem|cmsdk_ahb_to_apb:u_ahb_to_apb|Equal5~0                                           ; LCCOMB_X44_Y29_N22 ; 45      ; Clock enable                          ; no     ; --                   ; --               ; --                        ;
; cmsdk_apb_subsystem:u_apb_subsystem|cmsdk_ahb_to_apb:u_ahb_to_apb|apb_select                                         ; LCCOMB_X42_Y29_N14 ; 16      ; Clock enable                          ; no     ; --                   ; --               ; --                        ;
; cmsdk_apb_subsystem:u_apb_subsystem|cmsdk_apb_timer:gen_apb_timer_0.u_apb_timer_0|always1~2                          ; LCCOMB_X51_Y32_N2  ; 32      ; Clock enable                          ; no     ; --                   ; --               ; --                        ;
; cmsdk_apb_subsystem:u_apb_subsystem|cmsdk_apb_timer:gen_apb_timer_0.u_apb_timer_0|ext_in_enable                      ; LCCOMB_X52_Y32_N18 ; 3       ; Clock enable                          ; no     ; --                   ; --               ; --                        ;
; cmsdk_apb_subsystem:u_apb_subsystem|cmsdk_apb_timer:gen_apb_timer_0.u_apb_timer_0|read_enable                        ; LCCOMB_X49_Y32_N4  ; 9       ; Clock enable                          ; no     ; --                   ; --               ; --                        ;
; cmsdk_apb_subsystem:u_apb_subsystem|cmsdk_apb_timer:gen_apb_timer_0.u_apb_timer_0|write_enable00~0                   ; LCCOMB_X52_Y32_N8  ; 4       ; Clock enable                          ; no     ; --                   ; --               ; --                        ;
; cmsdk_apb_subsystem:u_apb_subsystem|cmsdk_apb_timer:gen_apb_timer_0.u_apb_timer_0|write_enable04~0                   ; LCCOMB_X52_Y32_N20 ; 33      ; Sync. load                            ; no     ; --                   ; --               ; --                        ;
; cmsdk_apb_subsystem:u_apb_subsystem|cmsdk_apb_timer:gen_apb_timer_0.u_apb_timer_0|write_enable08~0                   ; LCCOMB_X50_Y33_N18 ; 32      ; Clock enable                          ; no     ; --                   ; --               ; --                        ;
; cmsdk_apb_subsystem:u_apb_subsystem|cmsdk_apb_uart:gen_apb_uart_1.u_apb_uart_1|Equal4~1                              ; LCCOMB_X49_Y34_N20 ; 21      ; Sync. load                            ; no     ; --                   ; --               ; --                        ;
; cmsdk_apb_subsystem:u_apb_subsystem|cmsdk_apb_uart:gen_apb_uart_1.u_apb_uart_1|always15~1                            ; LCCOMB_X47_Y37_N28 ; 8       ; Clock enable                          ; no     ; --                   ; --               ; --                        ;
; cmsdk_apb_subsystem:u_apb_subsystem|cmsdk_apb_uart:gen_apb_uart_1.u_apb_uart_1|always7~0                             ; LCCOMB_X47_Y36_N24 ; 16      ; Clock enable                          ; no     ; --                   ; --               ; --                        ;
; cmsdk_apb_subsystem:u_apb_subsystem|cmsdk_apb_uart:gen_apb_uart_1.u_apb_uart_1|nxt_baud_cntr_i~0                     ; LCCOMB_X47_Y36_N2  ; 16      ; Sync. load                            ; no     ; --                   ; --               ; --                        ;
; cmsdk_apb_subsystem:u_apb_subsystem|cmsdk_apb_uart:gen_apb_uart_1.u_apb_uart_1|nxt_rx_tick_cnt~1                     ; LCCOMB_X45_Y40_N26 ; 4       ; Sync. load                            ; no     ; --                   ; --               ; --                        ;
; cmsdk_apb_subsystem:u_apb_subsystem|cmsdk_apb_uart:gen_apb_uart_1.u_apb_uart_1|nxt_tx_tick_cnt~1                     ; LCCOMB_X47_Y39_N4  ; 4       ; Sync. clear                           ; no     ; --                   ; --               ; --                        ;
; cmsdk_apb_subsystem:u_apb_subsystem|cmsdk_apb_uart:gen_apb_uart_1.u_apb_uart_1|read_enable~0                         ; LCCOMB_X47_Y35_N8  ; 9       ; Clock enable                          ; no     ; --                   ; --               ; --                        ;
; cmsdk_apb_subsystem:u_apb_subsystem|cmsdk_apb_uart:gen_apb_uart_1.u_apb_uart_1|reg_baud_tick                         ; FF_X47_Y39_N1      ; 13      ; Clock enable                          ; no     ; --                   ; --               ; --                        ;
; cmsdk_apb_subsystem:u_apb_subsystem|cmsdk_apb_uart:gen_apb_uart_1.u_apb_uart_1|reg_ctrl[1]                           ; FF_X47_Y36_N15     ; 7       ; Clock enable                          ; no     ; --                   ; --               ; --                        ;
; cmsdk_apb_subsystem:u_apb_subsystem|cmsdk_apb_uart:gen_apb_uart_1.u_apb_uart_1|rx_state_inc                          ; LCCOMB_X45_Y38_N16 ; 11      ; Clock enable                          ; no     ; --                   ; --               ; --                        ;
; cmsdk_apb_subsystem:u_apb_subsystem|cmsdk_apb_uart:gen_apb_uart_1.u_apb_uart_1|rx_state_update                       ; LCCOMB_X45_Y38_N28 ; 4       ; Clock enable                          ; no     ; --                   ; --               ; --                        ;
; cmsdk_apb_subsystem:u_apb_subsystem|cmsdk_apb_uart:gen_apb_uart_1.u_apb_uart_1|rxbuf_sample                          ; LCCOMB_X45_Y38_N30 ; 11      ; Clock enable                          ; no     ; --                   ; --               ; --                        ;
; cmsdk_apb_subsystem:u_apb_subsystem|cmsdk_apb_uart:gen_apb_uart_1.u_apb_uart_1|tx_state_update                       ; LCCOMB_X46_Y37_N2  ; 4       ; Sync. load                            ; no     ; --                   ; --               ; --                        ;
; cmsdk_apb_subsystem:u_apb_subsystem|cmsdk_apb_uart:gen_apb_uart_1.u_apb_uart_1|update_rx_tick_cnt                    ; LCCOMB_X45_Y40_N28 ; 4       ; Clock enable                          ; no     ; --                   ; --               ; --                        ;
; cmsdk_apb_subsystem:u_apb_subsystem|cmsdk_apb_uart:gen_apb_uart_1.u_apb_uart_1|write_enable00                        ; LCCOMB_X50_Y33_N20 ; 8       ; Clock enable                          ; no     ; --                   ; --               ; --                        ;
; cmsdk_apb_subsystem:u_apb_subsystem|cmsdk_apb_uart:gen_apb_uart_1.u_apb_uart_1|write_enable08                        ; LCCOMB_X46_Y35_N14 ; 7       ; Clock enable                          ; no     ; --                   ; --               ; --                        ;
; cmsdk_apb_subsystem:u_apb_subsystem|cmsdk_apb_uart:gen_apb_uart_1.u_apb_uart_1|write_enable10                        ; LCCOMB_X47_Y35_N12 ; 21      ; Clock enable                          ; no     ; --                   ; --               ; --                        ;
; cmsdk_apb_subsystem:u_apb_subsystem|gpio:gen_apb_gpio_0.u_gpio_0|gpio_apbif:x_gpio_apbif|always22~0                  ; LCCOMB_X54_Y15_N12 ; 8       ; Clock enable                          ; no     ; --                   ; --               ; --                        ;
; cmsdk_apb_subsystem:u_apb_subsystem|gpio:gen_apb_gpio_0.u_gpio_0|gpio_apbif:x_gpio_apbif|gpio_int_polarity_wen[3]~0  ; LCCOMB_X54_Y15_N8  ; 8       ; Clock enable                          ; no     ; --                   ; --               ; --                        ;
; cmsdk_apb_subsystem:u_apb_subsystem|gpio:gen_apb_gpio_0.u_gpio_0|gpio_apbif:x_gpio_apbif|gpio_inten_wen[3]~2         ; LCCOMB_X54_Y15_N26 ; 8       ; Clock enable                          ; no     ; --                   ; --               ; --                        ;
; cmsdk_apb_subsystem:u_apb_subsystem|gpio:gen_apb_gpio_0.u_gpio_0|gpio_apbif:x_gpio_apbif|gpio_intmask_wen[3]~1       ; LCCOMB_X54_Y15_N24 ; 8       ; Clock enable                          ; no     ; --                   ; --               ; --                        ;
; cmsdk_apb_subsystem:u_apb_subsystem|gpio:gen_apb_gpio_0.u_gpio_0|gpio_apbif:x_gpio_apbif|gpio_inttype_level_wen[3]~2 ; LCCOMB_X54_Y15_N28 ; 8       ; Clock enable                          ; no     ; --                   ; --               ; --                        ;
; cmsdk_apb_subsystem:u_apb_subsystem|gpio:gen_apb_gpio_0.u_gpio_0|gpio_apbif:x_gpio_apbif|gpio_ls_sync_wen[3]~0       ; LCCOMB_X54_Y15_N14 ; 8       ; Clock enable                          ; no     ; --                   ; --               ; --                        ;
; cmsdk_apb_subsystem:u_apb_subsystem|gpio:gen_apb_gpio_0.u_gpio_0|gpio_apbif:x_gpio_apbif|gpio_swporta_ddr_wen[3]~1   ; LCCOMB_X58_Y15_N24 ; 8       ; Clock enable                          ; no     ; --                   ; --               ; --                        ;
; cmsdk_apb_subsystem:u_apb_subsystem|gpio:gen_apb_gpio_0.u_gpio_0|gpio_apbif:x_gpio_apbif|gpio_swporta_dr_wen[3]~4    ; LCCOMB_X54_Y15_N22 ; 8       ; Clock enable                          ; no     ; --                   ; --               ; --                        ;
; cmsdk_apb_subsystem:u_apb_subsystem|gpio:gen_apb_gpio_0.u_gpio_0|gpio_apbif:x_gpio_apbif|int_gpio_swporta_ddr[0]     ; FF_X59_Y15_N17     ; 4       ; Output enable                         ; no     ; --                   ; --               ; --                        ;
; cmsdk_apb_subsystem:u_apb_subsystem|gpio:gen_apb_gpio_0.u_gpio_0|gpio_apbif:x_gpio_apbif|int_gpio_swporta_ddr[1]     ; FF_X57_Y15_N17     ; 4       ; Output enable                         ; no     ; --                   ; --               ; --                        ;
; cmsdk_apb_subsystem:u_apb_subsystem|gpio:gen_apb_gpio_0.u_gpio_0|gpio_apbif:x_gpio_apbif|int_gpio_swporta_ddr[2]     ; FF_X57_Y15_N3      ; 4       ; Output enable                         ; no     ; --                   ; --               ; --                        ;
; cmsdk_apb_subsystem:u_apb_subsystem|gpio:gen_apb_gpio_0.u_gpio_0|gpio_apbif:x_gpio_apbif|int_gpio_swporta_ddr[3]     ; FF_X57_Y15_N13     ; 4       ; Output enable                         ; no     ; --                   ; --               ; --                        ;
; cmsdk_apb_subsystem:u_apb_subsystem|gpio:gen_apb_gpio_0.u_gpio_0|gpio_apbif:x_gpio_apbif|int_gpio_swporta_ddr[4]     ; FF_X57_Y15_N7      ; 4       ; Output enable                         ; no     ; --                   ; --               ; --                        ;
; cmsdk_apb_subsystem:u_apb_subsystem|gpio:gen_apb_gpio_0.u_gpio_0|gpio_apbif:x_gpio_apbif|int_gpio_swporta_ddr[5]     ; FF_X57_Y15_N29     ; 4       ; Output enable                         ; no     ; --                   ; --               ; --                        ;
; cmsdk_apb_subsystem:u_apb_subsystem|gpio:gen_apb_gpio_0.u_gpio_0|gpio_apbif:x_gpio_apbif|int_gpio_swporta_ddr[6]     ; FF_X57_Y15_N19     ; 4       ; Output enable                         ; no     ; --                   ; --               ; --                        ;
; cmsdk_apb_subsystem:u_apb_subsystem|gpio:gen_apb_gpio_0.u_gpio_0|gpio_apbif:x_gpio_apbif|int_gpio_swporta_ddr[7]     ; FF_X57_Y15_N5      ; 4       ; Output enable                         ; no     ; --                   ; --               ; --                        ;
; i2s_rx_core:u_i2s_rx_core|sample_valid~1                                                                             ; LCCOMB_X50_Y44_N12 ; 25      ; Clock enable                          ; no     ; --                   ; --               ; --                        ;
; i2s_sck_fall                                                                                                         ; LCCOMB_X51_Y48_N26 ; 7       ; Clock enable                          ; no     ; --                   ; --               ; --                        ;
; i2s_sck~reg0                                                                                                         ; FF_X49_Y49_N9      ; 65      ; Clock                                 ; yes    ; Global Clock         ; GCLK7            ; --                        ;
; spi_flash_apb_ctrl:u_spi_flash_apb_ctrl|always3~0                                                                    ; LCCOMB_X56_Y39_N30 ; 59      ; Clock enable, Sync. clear, Sync. load ; no     ; --                   ; --               ; --                        ;
; spi_flash_apb_ctrl:u_spi_flash_apb_ctrl|byte_len_reg[1]~0                                                            ; LCCOMB_X56_Y37_N22 ; 24      ; Clock enable                          ; no     ; --                   ; --               ; --                        ;
; spi_flash_apb_ctrl:u_spi_flash_apb_ctrl|bytes_left_reg[23]~28                                                        ; LCCOMB_X56_Y37_N12 ; 24      ; Clock enable                          ; no     ; --                   ; --               ; --                        ;
; spi_flash_apb_ctrl:u_spi_flash_apb_ctrl|cmd_idx_reg[1]~1                                                             ; LCCOMB_X56_Y38_N10 ; 2       ; Clock enable                          ; no     ; --                   ; --               ; --                        ;
; spi_flash_apb_ctrl:u_spi_flash_apb_ctrl|curr_addr_reg[0]~75                                                          ; LCCOMB_X56_Y39_N8  ; 24      ; Clock enable                          ; no     ; --                   ; --               ; --                        ;
; spi_flash_apb_ctrl:u_spi_flash_apb_ctrl|debug_cnt_reg[9]~30                                                          ; LCCOMB_X54_Y38_N2  ; 24      ; Clock enable                          ; no     ; --                   ; --               ; --                        ;
; spi_flash_apb_ctrl:u_spi_flash_apb_ctrl|erase_addr_reg[12]~37                                                        ; LCCOMB_X58_Y35_N0  ; 12      ; Clock enable                          ; no     ; --                   ; --               ; --                        ;
; spi_flash_apb_ctrl:u_spi_flash_apb_ctrl|erase_last_addr_reg[12]~2                                                    ; LCCOMB_X56_Y35_N30 ; 12      ; Clock enable                          ; no     ; --                   ; --               ; --                        ;
; spi_flash_apb_ctrl:u_spi_flash_apb_ctrl|page_chunk_left_reg[1]~4                                                     ; LCCOMB_X55_Y40_N30 ; 8       ; Clock enable                          ; no     ; --                   ; --               ; --                        ;
; spi_flash_apb_ctrl:u_spi_flash_apb_ctrl|poll_count_reg[24]~32                                                        ; LCCOMB_X56_Y34_N16 ; 34      ; Sync. clear                           ; no     ; --                   ; --               ; --                        ;
; spi_flash_apb_ctrl:u_spi_flash_apb_ctrl|poll_count_reg[31]~78                                                        ; LCCOMB_X55_Y39_N16 ; 32      ; Clock enable                          ; no     ; --                   ; --               ; --                        ;
; spi_flash_apb_ctrl:u_spi_flash_apb_ctrl|rbuf_byte_idx_reg[0]~2                                                       ; LCCOMB_X57_Y37_N16 ; 2       ; Clock enable                          ; no     ; --                   ; --               ; --                        ;
; spi_flash_apb_ctrl:u_spi_flash_apb_ctrl|rbuf_reg[11]~12                                                              ; LCCOMB_X51_Y36_N18 ; 8       ; Clock enable                          ; no     ; --                   ; --               ; --                        ;
; spi_flash_apb_ctrl:u_spi_flash_apb_ctrl|rbuf_reg[23]~19                                                              ; LCCOMB_X51_Y37_N18 ; 8       ; Clock enable                          ; no     ; --                   ; --               ; --                        ;
; spi_flash_apb_ctrl:u_spi_flash_apb_ctrl|rbuf_reg[31]~16                                                              ; LCCOMB_X52_Y34_N26 ; 8       ; Clock enable                          ; no     ; --                   ; --               ; --                        ;
; spi_flash_apb_ctrl:u_spi_flash_apb_ctrl|rbuf_reg[7]~6                                                                ; LCCOMB_X51_Y37_N8  ; 8       ; Clock enable                          ; no     ; --                   ; --               ; --                        ;
; spi_flash_apb_ctrl:u_spi_flash_apb_ctrl|spi_module:u_spi_module|bit_idx_reg[8]~1                                     ; LCCOMB_X56_Y39_N2  ; 25      ; Clock enable                          ; no     ; --                   ; --               ; --                        ;
; spi_flash_apb_ctrl:u_spi_flash_apb_ctrl|spi_module:u_spi_module|bit_idx_reg[8]~3                                     ; LCCOMB_X56_Y39_N20 ; 16      ; Clock enable                          ; no     ; --                   ; --               ; --                        ;
; spi_flash_apb_ctrl:u_spi_flash_apb_ctrl|spi_module:u_spi_module|div_cnt_reg~18                                       ; LCCOMB_X55_Y41_N8  ; 16      ; Sync. clear                           ; no     ; --                   ; --               ; --                        ;
; spi_flash_apb_ctrl:u_spi_flash_apb_ctrl|spi_tx_data_reg[7]~12                                                        ; LCCOMB_X58_Y38_N16 ; 4       ; Sync. clear                           ; no     ; --                   ; --               ; --                        ;
; spi_flash_apb_ctrl:u_spi_flash_apb_ctrl|spi_tx_data_reg[7]~14                                                        ; LCCOMB_X56_Y39_N24 ; 4       ; Clock enable                          ; no     ; --                   ; --               ; --                        ;
; spi_flash_apb_ctrl:u_spi_flash_apb_ctrl|start_addr_reg[1]~0                                                          ; LCCOMB_X50_Y33_N30 ; 24      ; Clock enable                          ; no     ; --                   ; --               ; --                        ;
; spi_flash_apb_ctrl:u_spi_flash_apb_ctrl|state.ST_IDLE                                                                ; FF_X55_Y39_N5      ; 139     ; Sync. clear, Sync. load               ; no     ; --                   ; --               ; --                        ;
; spi_flash_apb_ctrl:u_spi_flash_apb_ctrl|state.ST_POLL_CHECK                                                          ; FF_X56_Y38_N5      ; 17      ; Sync. load                            ; no     ; --                   ; --               ; --                        ;
; spi_flash_apb_ctrl:u_spi_flash_apb_ctrl|state.ST_PP_DATA_START                                                       ; FF_X55_Y38_N9      ; 10      ; Sync. load                            ; no     ; --                   ; --               ; --                        ;
; spi_flash_apb_ctrl:u_spi_flash_apb_ctrl|total_len_reg[23]~0                                                          ; LCCOMB_X55_Y39_N24 ; 24      ; Clock enable                          ; no     ; --                   ; --               ; --                        ;
; spi_flash_apb_ctrl:u_spi_flash_apb_ctrl|wbuf_byte_idx_reg[1]~6                                                       ; LCCOMB_X54_Y38_N4  ; 2       ; Clock enable                          ; no     ; --                   ; --               ; --                        ;
; spi_flash_apb_ctrl:u_spi_flash_apb_ctrl|wbuf_reg[29]~2                                                               ; LCCOMB_X54_Y34_N0  ; 32      ; Clock enable                          ; no     ; --                   ; --               ; --                        ;
; tdo_enable                                                                                                           ; LCCOMB_X23_Y4_N30  ; 1       ; Output enable                         ; no     ; --                   ; --               ; --                        ;
+----------------------------------------------------------------------------------------------------------------------+--------------------+---------+---------------------------------------+--------+----------------------+------------------+---------------------------+


+----------------------------------------------------------------------------------------------------------------------------------------------------------------------------------------------------------------------------------+
; Global & Other Fast Signals                                                                                                                                                                                                      ;
+----------------------------------------------------------------------------------------+------------------+---------+--------------------------------------+----------------------+------------------+---------------------------+
; Name                                                                                   ; Location         ; Fan-Out ; Fan-Out Using Intentional Clock Skew ; Global Resource Used ; Global Line Name ; Enable Signal Source Name ;
+----------------------------------------------------------------------------------------+------------------+---------+--------------------------------------+----------------------+------------------+---------------------------+
; CLK                                                                                    ; PIN_N14          ; 5753    ; 3007                                 ; Global Clock         ; GCLK9            ; --                        ;
; CORTEXM3INTEGRATIONDS:u_CORTEXM3INTEGRATION|cortexm3ds_logic:u_cortexm3ds_logic|H8bdt6 ; LCCOMB_X45_Y1_N0 ; 1725    ; 0                                    ; Global Clock         ; GCLK16           ; --                        ;
; CORTEXM3INTEGRATIONDS:u_CORTEXM3INTEGRATION|cortexm3ds_logic:u_cortexm3ds_logic|Ik2nz6 ; FF_X45_Y1_N29    ; 867     ; 0                                    ; Global Clock         ; GCLK18           ; --                        ;
; CORTEXM3INTEGRATIONDS:u_CORTEXM3INTEGRATION|cortexm3ds_logic:u_cortexm3ds_logic|Ym2nz6 ; FF_X36_Y1_N13    ; 281     ; 0                                    ; Global Clock         ; GCLK17           ; --                        ;
; i2s_sck~reg0                                                                           ; FF_X49_Y49_N9    ; 65      ; 0                                    ; Global Clock         ; GCLK7            ; --                        ;
+----------------------------------------------------------------------------------------+------------------+---------+--------------------------------------+----------------------+------------------+---------------------------+


+---------------------------------+
; Non-Global High Fan-Out Signals ;
+--------------+------------------+
; Name         ; Fan-Out          ;
+--------------+------------------+
; RESETn~input ; 978              ;
+--------------+------------------+


+------------------------------------------------------------------------------------------------------------------------------------------------------------------------------------------------------------------------------------------------------------------------------------------------------------------------------------------------------------------------------------------------------------------------------------------------------------------------------------------------------------------------------------------------------------------------------------------------------------------------------------------------------------------------------------------------------------------------------------------------------------------------------------------------------------------------------------------------------------------------------------------------------------------------------------------------------------------------------------------------------------------------------------------------------------------------------------------------------------------------------------------------------------------------------------------------------------------------------------------------------------------------------------------------------------------------------------------------------------------------------------------------------------------------------------------------------------------------------------------------------------------------------------------------------------------------------------------------------------------------------------------------------------------------------------------------------+
; Fitter RAM Summary                                                                                                                                                                                                                                                                                                                                                                                                                                                                                                                                                                                                                                                                                                                                                                                                                                                                                                                                                                                                                                                                                                                                                                                                                                                                                                                                                                                                                                                                                                                                                                                                                                                                                   ;
+------------------------------------------------------------------------------------------------------------------------+------+------------------+--------------+--------------+--------------+--------------+--------------+------------------------+-------------------------+------------------------+-------------------------+--------+-----------------------------+-----------------------------+-----------------------------+-----------------------------+---------------------+------+------+----------------------------------------------------------------------------------------------------------------------------------------------------------------------------------------------------------------------------------------------------------------------------------------------------------------------------------------------------------------------------------------------------------------------------------------------------------------------------------------------------------------------------------------------------------------------------------------------------------------------------------------------------------------------------------------------------------------------------------------------------------------------------------------------------------------------------------------------------------------------------------------------------------------------------------------------------------------------------------------------------------------------------------------------------------------+----------------------+------------------------+------------------------+----------+------------------------+---------------+
; Name                                                                                                                   ; Type ; Mode             ; Clock Mode   ; Port A Depth ; Port A Width ; Port B Depth ; Port B Width ; Port A Input Registers ; Port A Output Registers ; Port B Input Registers ; Port B Output Registers ; Size   ; Implementation Port A Depth ; Implementation Port A Width ; Implementation Port B Depth ; Implementation Port B Width ; Implementation Bits ; M9Ks ; MIF  ; Location                                                                                                                                                                                                                                                                                                                                                                                                                                                                                                                                                                                                                                                                                                                                                                                                                                                                                                                                                                                                                                                       ; Mixed Width RDW Mode ; Port A RDW Mode        ; Port B RDW Mode        ; ECC Mode ; ECC Pipeline Registers ; Fits in MLABs ;
+------------------------------------------------------------------------------------------------------------------------+------+------------------+--------------+--------------+--------------+--------------+--------------+------------------------+-------------------------+------------------------+-------------------------+--------+-----------------------------+-----------------------------+-----------------------------+-----------------------------+---------------------+------+------+----------------------------------------------------------------------------------------------------------------------------------------------------------------------------------------------------------------------------------------------------------------------------------------------------------------------------------------------------------------------------------------------------------------------------------------------------------------------------------------------------------------------------------------------------------------------------------------------------------------------------------------------------------------------------------------------------------------------------------------------------------------------------------------------------------------------------------------------------------------------------------------------------------------------------------------------------------------------------------------------------------------------------------------------------------------+----------------------+------------------------+------------------------+----------+------------------------+---------------+
; AHB2MEM:U_SRAM|altsyncram:memory_rtl_0|altsyncram_6kg1:auto_generated|ALTSYNCRAM                                       ; AUTO ; Simple Dual Port ; Single Clock ; 16384        ; 32           ; 16384        ; 32           ; yes                    ; no                      ; yes                    ; no                      ; 524288 ; 16384                       ; 32                          ; 16384                       ; 32                          ; 524288              ; 64   ; None ; M9K_X73_Y24_N0, M9K_X73_Y23_N0, M9K_X53_Y21_N0, M9K_X53_Y22_N0, M9K_X53_Y30_N0, M9K_X53_Y26_N0, M9K_X53_Y51_N0, M9K_X53_Y43_N0, M9K_X33_Y35_N0, M9K_X33_Y34_N0, M9K_X33_Y29_N0, M9K_X33_Y32_N0, M9K_X53_Y25_N0, M9K_X33_Y25_N0, M9K_X53_Y38_N0, M9K_X53_Y39_N0, M9K_X73_Y32_N0, M9K_X73_Y33_N0, M9K_X73_Y38_N0, M9K_X73_Y34_N0, M9K_X53_Y42_N0, M9K_X53_Y50_N0, M9K_X33_Y21_N0, M9K_X33_Y24_N0, M9K_X33_Y36_N0, M9K_X33_Y37_N0, M9K_X33_Y31_N0, M9K_X33_Y27_N0, M9K_X53_Y45_N0, M9K_X53_Y49_N0, M9K_X33_Y33_N0, M9K_X33_Y30_N0, M9K_X53_Y24_N0, M9K_X53_Y23_N0, M9K_X33_Y28_N0, M9K_X33_Y26_N0, M9K_X73_Y26_N0, M9K_X73_Y22_N0, M9K_X73_Y25_N0, M9K_X73_Y29_N0, M9K_X33_Y22_N0, M9K_X33_Y23_N0, M9K_X53_Y36_N0, M9K_X73_Y28_N0, M9K_X53_Y41_N0, M9K_X53_Y40_N0, M9K_X53_Y37_N0, M9K_X53_Y33_N0, M9K_X53_Y48_N0, M9K_X73_Y36_N0, M9K_X53_Y47_N0, M9K_X53_Y46_N0, M9K_X53_Y28_N0, M9K_X53_Y27_N0, M9K_X53_Y32_N0, M9K_X53_Y29_N0, M9K_X73_Y37_N0, M9K_X73_Y30_N0, M9K_X73_Y31_N0, M9K_X73_Y27_N0, M9K_X53_Y35_N0, M9K_X73_Y35_N0, M9K_X53_Y34_N0, M9K_X53_Y31_N0 ; Old data             ; New data with NBE Read ; New data with NBE Read ; Off      ; No                     ; No - Unknown  ;
; audio_ctrl_apb:u_audio_ctrl_apb|audio_fifo:u_audio_fifo|altsyncram:mem_rtl_0|altsyncram_gnb1:auto_generated|ALTSYNCRAM ; AUTO ; Simple Dual Port ; Single Clock ; 16           ; 24           ; 16           ; 24           ; yes                    ; no                      ; yes                    ; no                      ; 384    ; 16                          ; 24                          ; 16                          ; 24                          ; 384                 ; 1    ; None ; M9K_X53_Y44_N0                                                                                                                                                                                                                                                                                                                                                                                                                                                                                                                                                                                                                                                                                                                                                                                                                                                                                                                                                                                                                                                 ; Don't care           ; New data with NBE Read ; New data with NBE Read ; Off      ; No                     ; No - Unknown  ;
+------------------------------------------------------------------------------------------------------------------------+------+------------------+--------------+--------------+--------------+--------------+--------------+------------------------+-------------------------+------------------------+-------------------------+--------+-----------------------------+-----------------------------+-----------------------------+-----------------------------+---------------------+------+------+----------------------------------------------------------------------------------------------------------------------------------------------------------------------------------------------------------------------------------------------------------------------------------------------------------------------------------------------------------------------------------------------------------------------------------------------------------------------------------------------------------------------------------------------------------------------------------------------------------------------------------------------------------------------------------------------------------------------------------------------------------------------------------------------------------------------------------------------------------------------------------------------------------------------------------------------------------------------------------------------------------------------------------------------------------------+----------------------+------------------------+------------------------+----------+------------------------+---------------+
Note: Fitter may spread logical memories into multiple blocks to improve timing. The actual required RAM blocks can be found in the Fitter Resource Usage section.


+-----------------------------------------------------------------------------------------------+
; Fitter DSP Block Usage Summary                                                                ;
+---------------------------------------+-------------+---------------------+-------------------+
; Statistic                             ; Number Used ; Available per Block ; Maximum Available ;
+---------------------------------------+-------------+---------------------+-------------------+
; Simple Multipliers (9-bit)            ; 0           ; 2                   ; 288               ;
; Simple Multipliers (18-bit)           ; 3           ; 1                   ; 144               ;
; Embedded Multiplier Blocks            ; 3           ; --                  ; 144               ;
; Embedded Multiplier 9-bit elements    ; 6           ; 2                   ; 288               ;
; Signed Embedded Multipliers           ; 0           ; --                  ; --                ;
; Unsigned Embedded Multipliers         ; 3           ; --                  ; --                ;
; Mixed Sign Embedded Multipliers       ; 0           ; --                  ; --                ;
; Variable Sign Embedded Multipliers    ; 0           ; --                  ; --                ;
; Dedicated Input Shift Register Chains ; 0           ; --                  ; --                ;
+---------------------------------------+-------------+---------------------+-------------------+


+------------------------------------------------------------------------------------------------------------------------------------------------------------------------------------------------------------------------------------------------------------------------------------------------------------------------------------+
; DSP Block Details                                                                                                                                                                                                                                                                                                                  ;
+-------------------------------------------------------------------------------------------------------------------------------------+----------------------------+--------------------+---------------------+--------------------------------+-----------------------+-----------------------+-------------------+-----------------+
; Name                                                                                                                                ; Mode                       ; Location           ; Sign Representation ; Has Input Shift Register Chain ; Data A Input Register ; Data B Input Register ; Pipeline Register ; Output Register ;
+-------------------------------------------------------------------------------------------------------------------------------------+----------------------------+--------------------+---------------------+--------------------------------+-----------------------+-----------------------+-------------------+-----------------+
; CORTEXM3INTEGRATIONDS:u_CORTEXM3INTEGRATION|cortexm3ds_logic:u_cortexm3ds_logic|lpm_mult:Mult0|mult_tns:auto_generated|mac_out4     ; Simple Multiplier (18-bit) ; DSPOUT_X28_Y13_N2  ;                     ; No                             ;                       ;                       ;                   ; no              ;
;    CORTEXM3INTEGRATIONDS:u_CORTEXM3INTEGRATION|cortexm3ds_logic:u_cortexm3ds_logic|lpm_mult:Mult0|mult_tns:auto_generated|mac_mult3 ;                            ; DSPMULT_X28_Y13_N0 ; Unsigned            ;                                ; no                    ; no                    ; no                ;                 ;
; CORTEXM3INTEGRATIONDS:u_CORTEXM3INTEGRATION|cortexm3ds_logic:u_cortexm3ds_logic|lpm_mult:Mult0|mult_tns:auto_generated|mac_out6     ; Simple Multiplier (18-bit) ; DSPOUT_X28_Y12_N2  ;                     ; No                             ;                       ;                       ;                   ; no              ;
;    CORTEXM3INTEGRATIONDS:u_CORTEXM3INTEGRATION|cortexm3ds_logic:u_cortexm3ds_logic|lpm_mult:Mult0|mult_tns:auto_generated|mac_mult5 ;                            ; DSPMULT_X28_Y12_N0 ; Unsigned            ;                                ; no                    ; no                    ; no                ;                 ;
; CORTEXM3INTEGRATIONDS:u_CORTEXM3INTEGRATION|cortexm3ds_logic:u_cortexm3ds_logic|lpm_mult:Mult0|mult_tns:auto_generated|w513w[0]     ; Simple Multiplier (18-bit) ; DSPOUT_X28_Y11_N2  ;                     ; No                             ;                       ;                       ;                   ; no              ;
;    CORTEXM3INTEGRATIONDS:u_CORTEXM3INTEGRATION|cortexm3ds_logic:u_cortexm3ds_logic|lpm_mult:Mult0|mult_tns:auto_generated|mac_mult1 ;                            ; DSPMULT_X28_Y11_N0 ; Unsigned            ;                                ; no                    ; no                    ; no                ;                 ;
+-------------------------------------------------------------------------------------------------------------------------------------+----------------------------+--------------------+---------------------+--------------------------------+-----------------------+-----------------------+-------------------+-----------------+


+---------------------------------------------------+
; Routing Usage Summary                             ;
+-----------------------+---------------------------+
; Routing Resource Type ; Usage                     ;
+-----------------------+---------------------------+
; Block interconnects   ; 44,980 / 148,641 ( 30 % ) ;
; C16 interconnects     ; 983 / 5,382 ( 18 % )      ;
; C4 interconnects      ; 29,529 / 106,704 ( 28 % ) ;
; Direct links          ; 4,413 / 148,641 ( 3 % )   ;
; Global clocks         ; 5 / 20 ( 25 % )           ;
; Local interconnects   ; 13,818 / 49,760 ( 28 % )  ;
; NSLEEPs               ; 0 / 500 ( 0 % )           ;
; R24 interconnects     ; 1,180 / 5,406 ( 22 % )    ;
; R4 interconnects      ; 35,649 / 147,764 ( 24 % ) ;
+-----------------------+---------------------------+


+------------------------------------------------------------------------------+
; LAB Logic Elements                                                           ;
+---------------------------------------------+--------------------------------+
; Number of Logic Elements  (Average = 13.67) ; Number of LABs  (Total = 1751) ;
+---------------------------------------------+--------------------------------+
; 1                                           ; 53                             ;
; 2                                           ; 28                             ;
; 3                                           ; 19                             ;
; 4                                           ; 15                             ;
; 5                                           ; 18                             ;
; 6                                           ; 20                             ;
; 7                                           ; 32                             ;
; 8                                           ; 29                             ;
; 9                                           ; 27                             ;
; 10                                          ; 35                             ;
; 11                                          ; 41                             ;
; 12                                          ; 78                             ;
; 13                                          ; 81                             ;
; 14                                          ; 103                            ;
; 15                                          ; 189                            ;
; 16                                          ; 983                            ;
+---------------------------------------------+--------------------------------+


+---------------------------------------------------------------------+
; LAB-wide Signals                                                    ;
+------------------------------------+--------------------------------+
; LAB-wide Signals  (Average = 1.72) ; Number of LABs  (Total = 1751) ;
+------------------------------------+--------------------------------+
; 1 Async. clear                     ; 845                            ;
; 1 Clock                            ; 1228                           ;
; 1 Clock enable                     ; 442                            ;
; 1 Sync. clear                      ; 10                             ;
; 1 Sync. load                       ; 36                             ;
; 2 Async. clears                    ; 60                             ;
; 2 Clock enables                    ; 373                            ;
; 2 Clocks                           ; 15                             ;
+------------------------------------+--------------------------------+


+-------------------------------------------------------------------------------+
; LAB Signals Sourced                                                           ;
+----------------------------------------------+--------------------------------+
; Number of Signals Sourced  (Average = 17.07) ; Number of LABs  (Total = 1751) ;
+----------------------------------------------+--------------------------------+
; 0                                            ; 1                              ;
; 1                                            ; 37                             ;
; 2                                            ; 34                             ;
; 3                                            ; 20                             ;
; 4                                            ; 11                             ;
; 5                                            ; 12                             ;
; 6                                            ; 10                             ;
; 7                                            ; 26                             ;
; 8                                            ; 16                             ;
; 9                                            ; 23                             ;
; 10                                           ; 24                             ;
; 11                                           ; 34                             ;
; 12                                           ; 42                             ;
; 13                                           ; 49                             ;
; 14                                           ; 60                             ;
; 15                                           ; 99                             ;
; 16                                           ; 286                            ;
; 17                                           ; 127                            ;
; 18                                           ; 126                            ;
; 19                                           ; 119                            ;
; 20                                           ; 152                            ;
; 21                                           ; 92                             ;
; 22                                           ; 104                            ;
; 23                                           ; 56                             ;
; 24                                           ; 46                             ;
; 25                                           ; 34                             ;
; 26                                           ; 26                             ;
; 27                                           ; 19                             ;
; 28                                           ; 16                             ;
; 29                                           ; 2                              ;
; 30                                           ; 10                             ;
; 31                                           ; 12                             ;
; 32                                           ; 26                             ;
+----------------------------------------------+--------------------------------+


+----------------------------------------------------------------------------------+
; LAB Signals Sourced Out                                                          ;
+-------------------------------------------------+--------------------------------+
; Number of Signals Sourced Out  (Average = 9.24) ; Number of LABs  (Total = 1751) ;
+-------------------------------------------------+--------------------------------+
; 0                                               ; 1                              ;
; 1                                               ; 74                             ;
; 2                                               ; 66                             ;
; 3                                               ; 49                             ;
; 4                                               ; 91                             ;
; 5                                               ; 90                             ;
; 6                                               ; 127                            ;
; 7                                               ; 142                            ;
; 8                                               ; 151                            ;
; 9                                               ; 168                            ;
; 10                                              ; 132                            ;
; 11                                              ; 129                            ;
; 12                                              ; 124                            ;
; 13                                              ; 93                             ;
; 14                                              ; 88                             ;
; 15                                              ; 56                             ;
; 16                                              ; 83                             ;
; 17                                              ; 24                             ;
; 18                                              ; 20                             ;
; 19                                              ; 14                             ;
; 20                                              ; 9                              ;
; 21                                              ; 3                              ;
; 22                                              ; 4                              ;
; 23                                              ; 4                              ;
; 24                                              ; 2                              ;
; 25                                              ; 1                              ;
; 26                                              ; 3                              ;
; 27                                              ; 0                              ;
; 28                                              ; 0                              ;
; 29                                              ; 2                              ;
; 30                                              ; 1                              ;
+-------------------------------------------------+--------------------------------+


+-------------------------------------------------------------------------------+
; LAB Distinct Inputs                                                           ;
+----------------------------------------------+--------------------------------+
; Number of Distinct Inputs  (Average = 23.56) ; Number of LABs  (Total = 1751) ;
+----------------------------------------------+--------------------------------+
; 0                                            ; 0                              ;
; 1                                            ; 0                              ;
; 2                                            ; 3                              ;
; 3                                            ; 23                             ;
; 4                                            ; 28                             ;
; 5                                            ; 20                             ;
; 6                                            ; 17                             ;
; 7                                            ; 17                             ;
; 8                                            ; 14                             ;
; 9                                            ; 24                             ;
; 10                                           ; 13                             ;
; 11                                           ; 29                             ;
; 12                                           ; 28                             ;
; 13                                           ; 30                             ;
; 14                                           ; 36                             ;
; 15                                           ; 37                             ;
; 16                                           ; 47                             ;
; 17                                           ; 61                             ;
; 18                                           ; 55                             ;
; 19                                           ; 62                             ;
; 20                                           ; 69                             ;
; 21                                           ; 77                             ;
; 22                                           ; 64                             ;
; 23                                           ; 53                             ;
; 24                                           ; 83                             ;
; 25                                           ; 75                             ;
; 26                                           ; 57                             ;
; 27                                           ; 78                             ;
; 28                                           ; 71                             ;
; 29                                           ; 65                             ;
; 30                                           ; 63                             ;
; 31                                           ; 55                             ;
; 32                                           ; 68                             ;
; 33                                           ; 76                             ;
; 34                                           ; 62                             ;
; 35                                           ; 65                             ;
; 36                                           ; 64                             ;
; 37                                           ; 40                             ;
; 38                                           ; 22                             ;
+----------------------------------------------+--------------------------------+


+------------------------------------------+
; I/O Rules Summary                        ;
+----------------------------------+-------+
; I/O Rules Statistic              ; Total ;
+----------------------------------+-------+
; Total I/O Rules                  ; 30    ;
; Number of I/O Rules Passed       ; 12    ;
; Number of I/O Rules Failed       ; 0     ;
; Number of I/O Rules Unchecked    ; 0     ;
; Number of I/O Rules Inapplicable ; 18    ;
+----------------------------------+-------+


+-----------------------------------------------------------------------------------------------------------------------------------------------------------------------------------------------------------------------------------------------------------------------------------------------------+
; I/O Rules Details                                                                                                                                                                                                                                                                                   ;
+--------------+-----------+-----------------------------------+------------------------------------------------------------------------------------------------------+----------+--------------------------------------------------------------------------+---------------------+-------------------+
; Status       ; ID        ; Category                          ; Rule Description                                                                                     ; Severity ; Information                                                              ; Area                ; Extra Information ;
+--------------+-----------+-----------------------------------+------------------------------------------------------------------------------------------------------+----------+--------------------------------------------------------------------------+---------------------+-------------------+
; Pass         ; IO_000001 ; Capacity Checks                   ; Number of pins in an I/O bank should not exceed the number of locations available.                   ; Critical ; 0 such failures found.                                                   ; I/O                 ;                   ;
; Inapplicable ; IO_000002 ; Capacity Checks                   ; Number of clocks in an I/O bank should not exceed the number of clocks available.                    ; Critical ; No Global Signal assignments found.                                      ; I/O                 ;                   ;
; Pass         ; IO_000003 ; Capacity Checks                   ; Number of pins in a Vrefgroup should not exceed the number of locations available.                   ; Critical ; 0 such failures found.                                                   ; I/O                 ;                   ;
; Inapplicable ; IO_000004 ; Voltage Compatibility Checks      ; The I/O bank should support the requested VCCIO.                                                     ; Critical ; No IOBANK_VCCIO assignments found.                                       ; I/O                 ;                   ;
; Inapplicable ; IO_000005 ; Voltage Compatibility Checks      ; The I/O bank should not have competing VREF values.                                                  ; Critical ; No VREF I/O Standard assignments found.                                  ; I/O                 ;                   ;
; Pass         ; IO_000006 ; Voltage Compatibility Checks      ; The I/O bank should not have competing VCCIO values.                                                 ; Critical ; 0 such failures found.                                                   ; I/O                 ;                   ;
; Pass         ; IO_000007 ; Valid Location Checks             ; Checks for unavailable locations.                                                                    ; Critical ; 0 such failures found.                                                   ; I/O                 ;                   ;
; Inapplicable ; IO_000008 ; Valid Location Checks             ; Checks for reserved locations.                                                                       ; Critical ; No reserved LogicLock region found.                                      ; I/O                 ;                   ;
; Pass         ; IO_000009 ; I/O Properties Checks for One I/O ; The location should support the requested I/O standard.                                              ; Critical ; 0 such failures found.                                                   ; I/O                 ;                   ;
; Pass         ; IO_000010 ; I/O Properties Checks for One I/O ; The location should support the requested I/O direction.                                             ; Critical ; 0 such failures found.                                                   ; I/O                 ;                   ;
; Inapplicable ; IO_000011 ; I/O Properties Checks for One I/O ; The location should support the requested Current Strength.                                          ; Critical ; No Current Strength assignments found.                                   ; I/O                 ;                   ;
; Pass         ; IO_000012 ; I/O Properties Checks for One I/O ; The location should support the requested On Chip Termination value.                                 ; Critical ; 0 such failures found.                                                   ; I/O                 ;                   ;
; Inapplicable ; IO_000013 ; I/O Properties Checks for One I/O ; The location should support the requested Bus Hold value.                                            ; Critical ; No Enable Bus-Hold Circuitry assignments found.                          ; I/O                 ;                   ;
; Inapplicable ; IO_000014 ; I/O Properties Checks for One I/O ; The location should support the requested Weak Pull Up value.                                        ; Critical ; No Weak Pull-Up Resistor assignments found.                              ; I/O                 ;                   ;
; Pass         ; IO_000015 ; I/O Properties Checks for One I/O ; The location should support the requested PCI Clamp Diode.                                           ; Critical ; 0 such failures found.                                                   ; I/O                 ;                   ;
; Inapplicable ; IO_000018 ; I/O Properties Checks for One I/O ; The I/O standard should support the requested Current Strength.                                      ; Critical ; No Current Strength assignments found.                                   ; I/O                 ;                   ;
; Pass         ; IO_000019 ; I/O Properties Checks for One I/O ; The I/O standard should support the requested On Chip Termination value.                             ; Critical ; 0 such failures found.                                                   ; I/O                 ;                   ;
; Pass         ; IO_000020 ; I/O Properties Checks for One I/O ; The I/O standard should support the requested PCI Clamp Diode.                                       ; Critical ; 0 such failures found.                                                   ; I/O                 ;                   ;
; Inapplicable ; IO_000021 ; I/O Properties Checks for One I/O ; The I/O standard should support the requested Weak Pull Up value.                                    ; Critical ; No Weak Pull-Up Resistor assignments found.                              ; I/O                 ;                   ;
; Inapplicable ; IO_000022 ; I/O Properties Checks for One I/O ; The I/O standard should support the requested Bus Hold value.                                        ; Critical ; No Enable Bus-Hold Circuitry assignments found.                          ; I/O                 ;                   ;
; Inapplicable ; IO_000023 ; I/O Properties Checks for One I/O ; The I/O standard should support the Open Drain value.                                                ; Critical ; No open drain assignments found.                                         ; I/O                 ;                   ;
; Pass         ; IO_000024 ; I/O Properties Checks for One I/O ; The I/O direction should support the On Chip Termination value.                                      ; Critical ; 0 such failures found.                                                   ; I/O                 ;                   ;
; Inapplicable ; IO_000026 ; I/O Properties Checks for One I/O ; On Chip Termination and Current Strength should not be used at the same time.                        ; Critical ; No Current Strength assignments found.                                   ; I/O                 ;                   ;
; Inapplicable ; IO_000027 ; I/O Properties Checks for One I/O ; Weak Pull Up and Bus Hold should not be used at the same time.                                       ; Critical ; No Enable Bus-Hold Circuitry or Weak Pull-Up Resistor assignments found. ; I/O                 ;                   ;
; Inapplicable ; IO_000045 ; I/O Properties Checks for One I/O ; The I/O standard should support the requested Slew Rate value.                                       ; Critical ; No Slew Rate assignments found.                                          ; I/O                 ;                   ;
; Inapplicable ; IO_000046 ; I/O Properties Checks for One I/O ; The location should support the requested Slew Rate value.                                           ; Critical ; No Slew Rate assignments found.                                          ; I/O                 ;                   ;
; Inapplicable ; IO_000047 ; I/O Properties Checks for One I/O ; On Chip Termination and Slew Rate should not be used at the same time.                               ; Critical ; No Slew Rate assignments found.                                          ; I/O                 ;                   ;
; Pass         ; IO_000033 ; Electromigration Checks           ; Current density for consecutive I/Os should not exceed 160mA for row I/Os and 160mA for column I/Os. ; Critical ; 0 such failures found.                                                   ; I/O                 ;                   ;
; Inapplicable ; IO_000034 ; SI Related Distance Checks        ; Single-ended outputs should be 5 LAB row(s) away from a differential I/O.                            ; High     ; No Differential I/O Standard assignments found.                          ; I/O                 ;                   ;
; Inapplicable ; IO_000042 ; SI Related SSO Limit Checks       ; No more than 20 outputs are allowed in a VREF group when VREF is being read from.                    ; High     ; No VREF I/O Standard assignments found.                                  ; I/O                 ;                   ;
; ----         ; ----      ; Disclaimer                        ; OCT rules are checked but not reported.                                                              ; None     ; ----                                                                     ; On Chip Termination ;                   ;
+--------------+-----------+-----------------------------------+------------------------------------------------------------------------------------------------------+----------+--------------------------------------------------------------------------+---------------------+-------------------+


+---------------------------------------------------------------------------------------------------------------------------------------------------------------------------------------------------------------------------------------------------------------------------------------------------------------------------------------------------------------------------------------------------------------------------------------------------------------------------+
; I/O Rules Matrix                                                                                                                                                                                                                                                                                                                                                                                                                                                          ;
+---------------------+--------------+--------------+--------------+--------------+--------------+-----------+--------------+--------------+-----------+-----------+--------------+--------------+--------------+--------------+--------------+--------------+--------------+--------------+--------------+--------------+--------------+--------------+--------------+--------------+--------------+--------------+--------------+-----------+--------------+--------------+
; Pin/Rules           ; IO_000001    ; IO_000002    ; IO_000003    ; IO_000004    ; IO_000005    ; IO_000006 ; IO_000007    ; IO_000008    ; IO_000009 ; IO_000010 ; IO_000011    ; IO_000012    ; IO_000013    ; IO_000014    ; IO_000015    ; IO_000018    ; IO_000019    ; IO_000020    ; IO_000021    ; IO_000022    ; IO_000023    ; IO_000024    ; IO_000026    ; IO_000027    ; IO_000045    ; IO_000046    ; IO_000047    ; IO_000033 ; IO_000034    ; IO_000042    ;
+---------------------+--------------+--------------+--------------+--------------+--------------+-----------+--------------+--------------+-----------+-----------+--------------+--------------+--------------+--------------+--------------+--------------+--------------+--------------+--------------+--------------+--------------+--------------+--------------+--------------+--------------+--------------+--------------+-----------+--------------+--------------+
; Total Pass          ; 15           ; 0            ; 15           ; 0            ; 0            ; 27        ; 15           ; 0            ; 27        ; 27        ; 0            ; 9            ; 0            ; 0            ; 20           ; 0            ; 9            ; 20           ; 0            ; 0            ; 0            ; 9            ; 0            ; 0            ; 0            ; 0            ; 0            ; 27        ; 0            ; 0            ;
; Total Unchecked     ; 0            ; 0            ; 0            ; 0            ; 0            ; 0         ; 0            ; 0            ; 0         ; 0         ; 0            ; 0            ; 0            ; 0            ; 0            ; 0            ; 0            ; 0            ; 0            ; 0            ; 0            ; 0            ; 0            ; 0            ; 0            ; 0            ; 0            ; 0         ; 0            ; 0            ;
; Total Inapplicable  ; 12           ; 27           ; 12           ; 27           ; 27           ; 0         ; 12           ; 27           ; 0         ; 0         ; 27           ; 18           ; 27           ; 27           ; 7            ; 27           ; 18           ; 7            ; 27           ; 27           ; 27           ; 18           ; 27           ; 27           ; 27           ; 27           ; 27           ; 0         ; 27           ; 27           ;
; Total Fail          ; 0            ; 0            ; 0            ; 0            ; 0            ; 0         ; 0            ; 0            ; 0         ; 0         ; 0            ; 0            ; 0            ; 0            ; 0            ; 0            ; 0            ; 0            ; 0            ; 0            ; 0            ; 0            ; 0            ; 0            ; 0            ; 0            ; 0            ; 0         ; 0            ; 0            ;
; TDO                 ; Pass         ; Inapplicable ; Pass         ; Inapplicable ; Inapplicable ; Pass      ; Pass         ; Inapplicable ; Pass      ; Pass      ; Inapplicable ; Inapplicable ; Inapplicable ; Inapplicable ; Pass         ; Inapplicable ; Inapplicable ; Pass         ; Inapplicable ; Inapplicable ; Inapplicable ; Inapplicable ; Inapplicable ; Inapplicable ; Inapplicable ; Inapplicable ; Inapplicable ; Pass      ; Inapplicable ; Inapplicable ;
; uart1_txd           ; Pass         ; Inapplicable ; Pass         ; Inapplicable ; Inapplicable ; Pass      ; Pass         ; Inapplicable ; Pass      ; Pass      ; Inapplicable ; Inapplicable ; Inapplicable ; Inapplicable ; Inapplicable ; Inapplicable ; Inapplicable ; Inapplicable ; Inapplicable ; Inapplicable ; Inapplicable ; Inapplicable ; Inapplicable ; Inapplicable ; Inapplicable ; Inapplicable ; Inapplicable ; Pass      ; Inapplicable ; Inapplicable ;
; uart2_rxd           ; Inapplicable ; Inapplicable ; Inapplicable ; Inapplicable ; Inapplicable ; Pass      ; Inapplicable ; Inapplicable ; Pass      ; Pass      ; Inapplicable ; Inapplicable ; Inapplicable ; Inapplicable ; Pass         ; Inapplicable ; Inapplicable ; Pass         ; Inapplicable ; Inapplicable ; Inapplicable ; Inapplicable ; Inapplicable ; Inapplicable ; Inapplicable ; Inapplicable ; Inapplicable ; Pass      ; Inapplicable ; Inapplicable ;
; uart2_txd           ; Inapplicable ; Inapplicable ; Inapplicable ; Inapplicable ; Inapplicable ; Pass      ; Inapplicable ; Inapplicable ; Pass      ; Pass      ; Inapplicable ; Pass         ; Inapplicable ; Inapplicable ; Inapplicable ; Inapplicable ; Pass         ; Inapplicable ; Inapplicable ; Inapplicable ; Inapplicable ; Pass         ; Inapplicable ; Inapplicable ; Inapplicable ; Inapplicable ; Inapplicable ; Pass      ; Inapplicable ; Inapplicable ;
; timer1_extin        ; Inapplicable ; Inapplicable ; Inapplicable ; Inapplicable ; Inapplicable ; Pass      ; Inapplicable ; Inapplicable ; Pass      ; Pass      ; Inapplicable ; Inapplicable ; Inapplicable ; Inapplicable ; Pass         ; Inapplicable ; Inapplicable ; Pass         ; Inapplicable ; Inapplicable ; Inapplicable ; Inapplicable ; Inapplicable ; Inapplicable ; Inapplicable ; Inapplicable ; Inapplicable ; Pass      ; Inapplicable ; Inapplicable ;
; i2s_sck             ; Pass         ; Inapplicable ; Pass         ; Inapplicable ; Inapplicable ; Pass      ; Pass         ; Inapplicable ; Pass      ; Pass      ; Inapplicable ; Inapplicable ; Inapplicable ; Inapplicable ; Inapplicable ; Inapplicable ; Inapplicable ; Inapplicable ; Inapplicable ; Inapplicable ; Inapplicable ; Inapplicable ; Inapplicable ; Inapplicable ; Inapplicable ; Inapplicable ; Inapplicable ; Pass      ; Inapplicable ; Inapplicable ;
; i2s_ws              ; Pass         ; Inapplicable ; Pass         ; Inapplicable ; Inapplicable ; Pass      ; Pass         ; Inapplicable ; Pass      ; Pass      ; Inapplicable ; Inapplicable ; Inapplicable ; Inapplicable ; Inapplicable ; Inapplicable ; Inapplicable ; Inapplicable ; Inapplicable ; Inapplicable ; Inapplicable ; Inapplicable ; Inapplicable ; Inapplicable ; Inapplicable ; Inapplicable ; Inapplicable ; Pass      ; Inapplicable ; Inapplicable ;
; flash_cs_n          ; Pass         ; Inapplicable ; Pass         ; Inapplicable ; Inapplicable ; Pass      ; Pass         ; Inapplicable ; Pass      ; Pass      ; Inapplicable ; Inapplicable ; Inapplicable ; Inapplicable ; Inapplicable ; Inapplicable ; Inapplicable ; Inapplicable ; Inapplicable ; Inapplicable ; Inapplicable ; Inapplicable ; Inapplicable ; Inapplicable ; Inapplicable ; Inapplicable ; Inapplicable ; Pass      ; Inapplicable ; Inapplicable ;
; flash_sclk          ; Pass         ; Inapplicable ; Pass         ; Inapplicable ; Inapplicable ; Pass      ; Pass         ; Inapplicable ; Pass      ; Pass      ; Inapplicable ; Inapplicable ; Inapplicable ; Inapplicable ; Inapplicable ; Inapplicable ; Inapplicable ; Inapplicable ; Inapplicable ; Inapplicable ; Inapplicable ; Inapplicable ; Inapplicable ; Inapplicable ; Inapplicable ; Inapplicable ; Inapplicable ; Pass      ; Inapplicable ; Inapplicable ;
; flash_mosi          ; Pass         ; Inapplicable ; Pass         ; Inapplicable ; Inapplicable ; Pass      ; Pass         ; Inapplicable ; Pass      ; Pass      ; Inapplicable ; Inapplicable ; Inapplicable ; Inapplicable ; Inapplicable ; Inapplicable ; Inapplicable ; Inapplicable ; Inapplicable ; Inapplicable ; Inapplicable ; Inapplicable ; Inapplicable ; Inapplicable ; Inapplicable ; Inapplicable ; Inapplicable ; Pass      ; Inapplicable ; Inapplicable ;
; TMS                 ; Pass         ; Inapplicable ; Pass         ; Inapplicable ; Inapplicable ; Pass      ; Pass         ; Inapplicable ; Pass      ; Pass      ; Inapplicable ; Inapplicable ; Inapplicable ; Inapplicable ; Pass         ; Inapplicable ; Inapplicable ; Pass         ; Inapplicable ; Inapplicable ; Inapplicable ; Inapplicable ; Inapplicable ; Inapplicable ; Inapplicable ; Inapplicable ; Inapplicable ; Pass      ; Inapplicable ; Inapplicable ;
; b_pad_gpio_porta[0] ; Inapplicable ; Inapplicable ; Inapplicable ; Inapplicable ; Inapplicable ; Pass      ; Inapplicable ; Inapplicable ; Pass      ; Pass      ; Inapplicable ; Pass         ; Inapplicable ; Inapplicable ; Pass         ; Inapplicable ; Pass         ; Pass         ; Inapplicable ; Inapplicable ; Inapplicable ; Pass         ; Inapplicable ; Inapplicable ; Inapplicable ; Inapplicable ; Inapplicable ; Pass      ; Inapplicable ; Inapplicable ;
; b_pad_gpio_porta[1] ; Inapplicable ; Inapplicable ; Inapplicable ; Inapplicable ; Inapplicable ; Pass      ; Inapplicable ; Inapplicable ; Pass      ; Pass      ; Inapplicable ; Pass         ; Inapplicable ; Inapplicable ; Pass         ; Inapplicable ; Pass         ; Pass         ; Inapplicable ; Inapplicable ; Inapplicable ; Pass         ; Inapplicable ; Inapplicable ; Inapplicable ; Inapplicable ; Inapplicable ; Pass      ; Inapplicable ; Inapplicable ;
; b_pad_gpio_porta[2] ; Inapplicable ; Inapplicable ; Inapplicable ; Inapplicable ; Inapplicable ; Pass      ; Inapplicable ; Inapplicable ; Pass      ; Pass      ; Inapplicable ; Pass         ; Inapplicable ; Inapplicable ; Pass         ; Inapplicable ; Pass         ; Pass         ; Inapplicable ; Inapplicable ; Inapplicable ; Pass         ; Inapplicable ; Inapplicable ; Inapplicable ; Inapplicable ; Inapplicable ; Pass      ; Inapplicable ; Inapplicable ;
; b_pad_gpio_porta[3] ; Inapplicable ; Inapplicable ; Inapplicable ; Inapplicable ; Inapplicable ; Pass      ; Inapplicable ; Inapplicable ; Pass      ; Pass      ; Inapplicable ; Pass         ; Inapplicable ; Inapplicable ; Pass         ; Inapplicable ; Pass         ; Pass         ; Inapplicable ; Inapplicable ; Inapplicable ; Pass         ; Inapplicable ; Inapplicable ; Inapplicable ; Inapplicable ; Inapplicable ; Pass      ; Inapplicable ; Inapplicable ;
; b_pad_gpio_porta[4] ; Inapplicable ; Inapplicable ; Inapplicable ; Inapplicable ; Inapplicable ; Pass      ; Inapplicable ; Inapplicable ; Pass      ; Pass      ; Inapplicable ; Pass         ; Inapplicable ; Inapplicable ; Pass         ; Inapplicable ; Pass         ; Pass         ; Inapplicable ; Inapplicable ; Inapplicable ; Pass         ; Inapplicable ; Inapplicable ; Inapplicable ; Inapplicable ; Inapplicable ; Pass      ; Inapplicable ; Inapplicable ;
; b_pad_gpio_porta[5] ; Inapplicable ; Inapplicable ; Inapplicable ; Inapplicable ; Inapplicable ; Pass      ; Inapplicable ; Inapplicable ; Pass      ; Pass      ; Inapplicable ; Pass         ; Inapplicable ; Inapplicable ; Pass         ; Inapplicable ; Pass         ; Pass         ; Inapplicable ; Inapplicable ; Inapplicable ; Pass         ; Inapplicable ; Inapplicable ; Inapplicable ; Inapplicable ; Inapplicable ; Pass      ; Inapplicable ; Inapplicable ;
; b_pad_gpio_porta[6] ; Inapplicable ; Inapplicable ; Inapplicable ; Inapplicable ; Inapplicable ; Pass      ; Inapplicable ; Inapplicable ; Pass      ; Pass      ; Inapplicable ; Pass         ; Inapplicable ; Inapplicable ; Pass         ; Inapplicable ; Pass         ; Pass         ; Inapplicable ; Inapplicable ; Inapplicable ; Pass         ; Inapplicable ; Inapplicable ; Inapplicable ; Inapplicable ; Inapplicable ; Pass      ; Inapplicable ; Inapplicable ;
; b_pad_gpio_porta[7] ; Inapplicable ; Inapplicable ; Inapplicable ; Inapplicable ; Inapplicable ; Pass      ; Inapplicable ; Inapplicable ; Pass      ; Pass      ; Inapplicable ; Pass         ; Inapplicable ; Inapplicable ; Pass         ; Inapplicable ; Pass         ; Pass         ; Inapplicable ; Inapplicable ; Inapplicable ; Pass         ; Inapplicable ; Inapplicable ; Inapplicable ; Inapplicable ; Inapplicable ; Pass      ; Inapplicable ; Inapplicable ;
; CLK                 ; Pass         ; Inapplicable ; Pass         ; Inapplicable ; Inapplicable ; Pass      ; Pass         ; Inapplicable ; Pass      ; Pass      ; Inapplicable ; Inapplicable ; Inapplicable ; Inapplicable ; Pass         ; Inapplicable ; Inapplicable ; Pass         ; Inapplicable ; Inapplicable ; Inapplicable ; Inapplicable ; Inapplicable ; Inapplicable ; Inapplicable ; Inapplicable ; Inapplicable ; Pass      ; Inapplicable ; Inapplicable ;
; RESETn              ; Pass         ; Inapplicable ; Pass         ; Inapplicable ; Inapplicable ; Pass      ; Pass         ; Inapplicable ; Pass      ; Pass      ; Inapplicable ; Inapplicable ; Inapplicable ; Inapplicable ; Pass         ; Inapplicable ; Inapplicable ; Pass         ; Inapplicable ; Inapplicable ; Inapplicable ; Inapplicable ; Inapplicable ; Inapplicable ; Inapplicable ; Inapplicable ; Inapplicable ; Pass      ; Inapplicable ; Inapplicable ;
; TCK                 ; Pass         ; Inapplicable ; Pass         ; Inapplicable ; Inapplicable ; Pass      ; Pass         ; Inapplicable ; Pass      ; Pass      ; Inapplicable ; Inapplicable ; Inapplicable ; Inapplicable ; Pass         ; Inapplicable ; Inapplicable ; Pass         ; Inapplicable ; Inapplicable ; Inapplicable ; Inapplicable ; Inapplicable ; Inapplicable ; Inapplicable ; Inapplicable ; Inapplicable ; Pass      ; Inapplicable ; Inapplicable ;
; TDI                 ; Pass         ; Inapplicable ; Pass         ; Inapplicable ; Inapplicable ; Pass      ; Pass         ; Inapplicable ; Pass      ; Pass      ; Inapplicable ; Inapplicable ; Inapplicable ; Inapplicable ; Pass         ; Inapplicable ; Inapplicable ; Pass         ; Inapplicable ; Inapplicable ; Inapplicable ; Inapplicable ; Inapplicable ; Inapplicable ; Inapplicable ; Inapplicable ; Inapplicable ; Pass      ; Inapplicable ; Inapplicable ;
; flash_miso          ; Pass         ; Inapplicable ; Pass         ; Inapplicable ; Inapplicable ; Pass      ; Pass         ; Inapplicable ; Pass      ; Pass      ; Inapplicable ; Inapplicable ; Inapplicable ; Inapplicable ; Pass         ; Inapplicable ; Inapplicable ; Pass         ; Inapplicable ; Inapplicable ; Inapplicable ; Inapplicable ; Inapplicable ; Inapplicable ; Inapplicable ; Inapplicable ; Inapplicable ; Pass      ; Inapplicable ; Inapplicable ;
; timer0_extin        ; Inapplicable ; Inapplicable ; Inapplicable ; Inapplicable ; Inapplicable ; Pass      ; Inapplicable ; Inapplicable ; Pass      ; Pass      ; Inapplicable ; Inapplicable ; Inapplicable ; Inapplicable ; Pass         ; Inapplicable ; Inapplicable ; Pass         ; Inapplicable ; Inapplicable ; Inapplicable ; Inapplicable ; Inapplicable ; Inapplicable ; Inapplicable ; Inapplicable ; Inapplicable ; Pass      ; Inapplicable ; Inapplicable ;
; uart1_rxd           ; Pass         ; Inapplicable ; Pass         ; Inapplicable ; Inapplicable ; Pass      ; Pass         ; Inapplicable ; Pass      ; Pass      ; Inapplicable ; Inapplicable ; Inapplicable ; Inapplicable ; Pass         ; Inapplicable ; Inapplicable ; Pass         ; Inapplicable ; Inapplicable ; Inapplicable ; Inapplicable ; Inapplicable ; Inapplicable ; Inapplicable ; Inapplicable ; Inapplicable ; Pass      ; Inapplicable ; Inapplicable ;
; i2s_sd              ; Pass         ; Inapplicable ; Pass         ; Inapplicable ; Inapplicable ; Pass      ; Pass         ; Inapplicable ; Pass      ; Pass      ; Inapplicable ; Inapplicable ; Inapplicable ; Inapplicable ; Pass         ; Inapplicable ; Inapplicable ; Pass         ; Inapplicable ; Inapplicable ; Inapplicable ; Inapplicable ; Inapplicable ; Inapplicable ; Inapplicable ; Inapplicable ; Inapplicable ; Pass      ; Inapplicable ; Inapplicable ;
+---------------------+--------------+--------------+--------------+--------------+--------------+-----------+--------------+--------------+-----------+-----------+--------------+--------------+--------------+--------------+--------------+--------------+--------------+--------------+--------------+--------------+--------------+--------------+--------------+--------------+--------------+--------------+--------------+-----------+--------------+--------------+


+-------------------------------------------------------------------------------------------+
; Fitter Device Options                                                                     ;
+------------------------------------------------------------------+------------------------+
; Option                                                           ; Setting                ;
+------------------------------------------------------------------+------------------------+
; Enable user-supplied start-up clock (CLKUSR)                     ; Off                    ;
; Enable device-wide reset (DEV_CLRn)                              ; Off                    ;
; Enable device-wide output enable (DEV_OE)                        ; Off                    ;
; Enable INIT_DONE output                                          ; Off                    ;
; Configuration scheme                                             ; Internal Configuration ;
; Enable Error Detection CRC_ERROR pin                             ; Off                    ;
; Enable open drain on CRC_ERROR pin                               ; Off                    ;
; Enable nCONFIG, nSTATUS, and CONF_DONE pins                      ; On                     ;
; Enable JTAG pin sharing                                          ; Off                    ;
; Enable nCE pin                                                   ; Off                    ;
; Enable CONFIG_SEL pin                                            ; On                     ;
; Enable input tri-state on active configuration pins in user mode ; Off                    ;
; Configuration Voltage Level                                      ; Auto                   ;
; Force Configuration Voltage Level                                ; Off                    ;
; Data[0]                                                          ; Unreserved             ;
; Data[1]/ASDO                                                     ; Unreserved             ;
; FLASH_nCE/nCSO                                                   ; Unreserved             ;
; DCLK                                                             ; Unreserved             ;
+------------------------------------------------------------------+------------------------+


+------------------------------------+
; Operating Settings and Conditions  ;
+---------------------------+--------+
; Setting                   ; Value  ;
+---------------------------+--------+
; Nominal Core Voltage      ; 1.20 V ;
; Low Junction Temperature  ; 0 °C   ;
; High Junction Temperature ; 85 °C  ;
+---------------------------+--------+


+-------------------------------------------------------------+
; Estimated Delay Added for Hold Timing Summary               ;
+------------------+----------------------+-------------------+
; Source Clock(s)  ; Destination Clock(s) ; Delay Added in ns ;
+------------------+----------------------+-------------------+
; I/O              ; TCK                  ; 47.9              ;
; TCK              ; CLK                  ; 17.1              ;
; CLK              ; CLK                  ; 15.9              ;
; TCK              ; TCK                  ; 9.7               ;
; TCK,CLK          ; CLK                  ; 3.3               ;
; CLK              ; i2s_sck~reg0         ; 3.2               ;
; CLK,i2s_sck~reg0 ; i2s_sck~reg0         ; 2.1               ;
+------------------+----------------------+-------------------+
Note: For more information on problematic transfers, consider running the Fitter again with the Optimize hold timing option (Settings Menu) turned off.
This will disable optimization of problematic paths and expose them for further analysis using the TimeQuest Timing Analyzer.


+-----------------------------------------------------------------------------------------------------------------------------------------------------------------------------------------------------+
; Estimated Delay Added for Hold Timing Details                                                                                                                                                       ;
+----------------------------------------------------------------------------------------+----------------------------------------------------------------------------------------+-------------------+
; Source Register                                                                        ; Destination Register                                                                   ; Delay Added in ns ;
+----------------------------------------------------------------------------------------+----------------------------------------------------------------------------------------+-------------------+
; i2s_sck~reg0                                                                           ; i2s_sck_d                                                                              ; 4.044             ;
; i2s_sck_d                                                                              ; i2s_ws~reg0                                                                            ; 1.392             ;
; CORTEXM3INTEGRATIONDS:u_CORTEXM3INTEGRATION|cortexm3ds_logic:u_cortexm3ds_logic|Rlgoz6 ; CORTEXM3INTEGRATIONDS:u_CORTEXM3INTEGRATION|cortexm3ds_logic:u_cortexm3ds_logic|Jngoz6 ; 1.090             ;
; CORTEXM3INTEGRATIONDS:u_CORTEXM3INTEGRATION|cortexm3ds_logic:u_cortexm3ds_logic|Dohoz6 ; CORTEXM3INTEGRATIONDS:u_CORTEXM3INTEGRATION|cortexm3ds_logic:u_cortexm3ds_logic|Sphoz6 ; 1.088             ;
; i2s_ws~reg0                                                                            ; i2s_rx_core:u_i2s_rx_core|state.LEFT                                                   ; 1.046             ;
; CORTEXM3INTEGRATIONDS:u_CORTEXM3INTEGRATION|cortexm3ds_logic:u_cortexm3ds_logic|Jhazz6 ; CORTEXM3INTEGRATIONDS:u_CORTEXM3INTEGRATION|cortexm3ds_logic:u_cortexm3ds_logic|Ljazz6 ; 0.994             ;
; CORTEXM3INTEGRATIONDS:u_CORTEXM3INTEGRATION|cortexm3ds_logic:u_cortexm3ds_logic|F4bzz6 ; CORTEXM3INTEGRATIONDS:u_CORTEXM3INTEGRATION|cortexm3ds_logic:u_cortexm3ds_logic|L2bzz6 ; 0.994             ;
; TCK                                                                                    ; CORTEXM3INTEGRATIONDS:u_CORTEXM3INTEGRATION|cortexm3ds_logic:u_cortexm3ds_logic|Wbpoz6 ; 0.958             ;
; CORTEXM3INTEGRATIONDS:u_CORTEXM3INTEGRATION|cortexm3ds_logic:u_cortexm3ds_logic|K4goz6 ; CORTEXM3INTEGRATIONDS:u_CORTEXM3INTEGRATION|cortexm3ds_logic:u_cortexm3ds_logic|A6goz6 ; 0.940             ;
; CORTEXM3INTEGRATIONDS:u_CORTEXM3INTEGRATION|cortexm3ds_logic:u_cortexm3ds_logic|Iy1g07 ; CORTEXM3INTEGRATIONDS:u_CORTEXM3INTEGRATION|cortexm3ds_logic:u_cortexm3ds_logic|Yo2nz6 ; 0.940             ;
; CORTEXM3INTEGRATIONDS:u_CORTEXM3INTEGRATION|cortexm3ds_logic:u_cortexm3ds_logic|Gtdoz6 ; CORTEXM3INTEGRATIONDS:u_CORTEXM3INTEGRATION|cortexm3ds_logic:u_cortexm3ds_logic|Zudoz6 ; 0.931             ;
; CORTEXM3INTEGRATIONDS:u_CORTEXM3INTEGRATION|cortexm3ds_logic:u_cortexm3ds_logic|Bodoz6 ; CORTEXM3INTEGRATIONDS:u_CORTEXM3INTEGRATION|cortexm3ds_logic:u_cortexm3ds_logic|Zudoz6 ; 0.901             ;
; CORTEXM3INTEGRATIONDS:u_CORTEXM3INTEGRATION|cortexm3ds_logic:u_cortexm3ds_logic|Updoz6 ; CORTEXM3INTEGRATIONDS:u_CORTEXM3INTEGRATION|cortexm3ds_logic:u_cortexm3ds_logic|Zudoz6 ; 0.854             ;
; CORTEXM3INTEGRATIONDS:u_CORTEXM3INTEGRATION|cortexm3ds_logic:u_cortexm3ds_logic|Bzsoz6 ; CORTEXM3INTEGRATIONDS:u_CORTEXM3INTEGRATION|cortexm3ds_logic:u_cortexm3ds_logic|A2hoz6 ; 0.828             ;
; CORTEXM3INTEGRATIONDS:u_CORTEXM3INTEGRATION|cortexm3ds_logic:u_cortexm3ds_logic|Zcdoz6 ; CORTEXM3INTEGRATIONDS:u_CORTEXM3INTEGRATION|cortexm3ds_logic:u_cortexm3ds_logic|E1toz6 ; 0.815             ;
; CORTEXM3INTEGRATIONDS:u_CORTEXM3INTEGRATION|cortexm3ds_logic:u_cortexm3ds_logic|C1lzz6 ; CORTEXM3INTEGRATIONDS:u_CORTEXM3INTEGRATION|cortexm3ds_logic:u_cortexm3ds_logic|E1toz6 ; 0.767             ;
; CORTEXM3INTEGRATIONDS:u_CORTEXM3INTEGRATION|cortexm3ds_logic:u_cortexm3ds_logic|S2lzz6 ; CORTEXM3INTEGRATIONDS:u_CORTEXM3INTEGRATION|cortexm3ds_logic:u_cortexm3ds_logic|E1toz6 ; 0.767             ;
; CORTEXM3INTEGRATIONDS:u_CORTEXM3INTEGRATION|cortexm3ds_logic:u_cortexm3ds_logic|I4lzz6 ; CORTEXM3INTEGRATIONDS:u_CORTEXM3INTEGRATION|cortexm3ds_logic:u_cortexm3ds_logic|E1toz6 ; 0.766             ;
; CORTEXM3INTEGRATIONDS:u_CORTEXM3INTEGRATION|cortexm3ds_logic:u_cortexm3ds_logic|F5vzz6 ; CORTEXM3INTEGRATIONDS:u_CORTEXM3INTEGRATION|cortexm3ds_logic:u_cortexm3ds_logic|E1toz6 ; 0.708             ;
; CORTEXM3INTEGRATIONDS:u_CORTEXM3INTEGRATION|cortexm3ds_logic:u_cortexm3ds_logic|Vedoz6 ; CORTEXM3INTEGRATIONDS:u_CORTEXM3INTEGRATION|cortexm3ds_logic:u_cortexm3ds_logic|E1toz6 ; 0.654             ;
; CORTEXM3INTEGRATIONDS:u_CORTEXM3INTEGRATION|cortexm3ds_logic:u_cortexm3ds_logic|Jkdoz6 ; CORTEXM3INTEGRATIONDS:u_CORTEXM3INTEGRATION|cortexm3ds_logic:u_cortexm3ds_logic|E1toz6 ; 0.654             ;
; CORTEXM3INTEGRATIONDS:u_CORTEXM3INTEGRATION|cortexm3ds_logic:u_cortexm3ds_logic|Rgdoz6 ; CORTEXM3INTEGRATIONDS:u_CORTEXM3INTEGRATION|cortexm3ds_logic:u_cortexm3ds_logic|E1toz6 ; 0.654             ;
; CORTEXM3INTEGRATIONDS:u_CORTEXM3INTEGRATION|cortexm3ds_logic:u_cortexm3ds_logic|Nidoz6 ; CORTEXM3INTEGRATIONDS:u_CORTEXM3INTEGRATION|cortexm3ds_logic:u_cortexm3ds_logic|E1toz6 ; 0.654             ;
; CORTEXM3INTEGRATIONDS:u_CORTEXM3INTEGRATION|cortexm3ds_logic:u_cortexm3ds_logic|Fmdoz6 ; CORTEXM3INTEGRATIONDS:u_CORTEXM3INTEGRATION|cortexm3ds_logic:u_cortexm3ds_logic|E1toz6 ; 0.654             ;
; CORTEXM3INTEGRATIONDS:u_CORTEXM3INTEGRATION|cortexm3ds_logic:u_cortexm3ds_logic|Qukzz6 ; CORTEXM3INTEGRATIONDS:u_CORTEXM3INTEGRATION|cortexm3ds_logic:u_cortexm3ds_logic|E1toz6 ; 0.650             ;
; CORTEXM3INTEGRATIONDS:u_CORTEXM3INTEGRATION|cortexm3ds_logic:u_cortexm3ds_logic|Gwkzz6 ; CORTEXM3INTEGRATIONDS:u_CORTEXM3INTEGRATION|cortexm3ds_logic:u_cortexm3ds_logic|E1toz6 ; 0.650             ;
; CORTEXM3INTEGRATIONDS:u_CORTEXM3INTEGRATION|cortexm3ds_logic:u_cortexm3ds_logic|Wxkzz6 ; CORTEXM3INTEGRATIONDS:u_CORTEXM3INTEGRATION|cortexm3ds_logic:u_cortexm3ds_logic|E1toz6 ; 0.650             ;
; CORTEXM3INTEGRATIONDS:u_CORTEXM3INTEGRATION|cortexm3ds_logic:u_cortexm3ds_logic|Mzkzz6 ; CORTEXM3INTEGRATIONDS:u_CORTEXM3INTEGRATION|cortexm3ds_logic:u_cortexm3ds_logic|E1toz6 ; 0.650             ;
; CORTEXM3INTEGRATIONDS:u_CORTEXM3INTEGRATION|cortexm3ds_logic:u_cortexm3ds_logic|L5pzz6 ; CORTEXM3INTEGRATIONDS:u_CORTEXM3INTEGRATION|cortexm3ds_logic:u_cortexm3ds_logic|E1toz6 ; 0.635             ;
; CORTEXM3INTEGRATIONDS:u_CORTEXM3INTEGRATION|cortexm3ds_logic:u_cortexm3ds_logic|Hjuzz6 ; CORTEXM3INTEGRATIONDS:u_CORTEXM3INTEGRATION|cortexm3ds_logic:u_cortexm3ds_logic|E1toz6 ; 0.635             ;
; CORTEXM3INTEGRATIONDS:u_CORTEXM3INTEGRATION|cortexm3ds_logic:u_cortexm3ds_logic|D0vzz6 ; CORTEXM3INTEGRATIONDS:u_CORTEXM3INTEGRATION|cortexm3ds_logic:u_cortexm3ds_logic|E1toz6 ; 0.635             ;
; CORTEXM3INTEGRATIONDS:u_CORTEXM3INTEGRATION|cortexm3ds_logic:u_cortexm3ds_logic|Xz1g07 ; CORTEXM3INTEGRATIONDS:u_CORTEXM3INTEGRATION|cortexm3ds_logic:u_cortexm3ds_logic|E1toz6 ; 0.635             ;
; CORTEXM3INTEGRATIONDS:u_CORTEXM3INTEGRATION|cortexm3ds_logic:u_cortexm3ds_logic|Ohhoz6 ; CORTEXM3INTEGRATIONDS:u_CORTEXM3INTEGRATION|cortexm3ds_logic:u_cortexm3ds_logic|E1toz6 ; 0.635             ;
; CORTEXM3INTEGRATIONDS:u_CORTEXM3INTEGRATION|cortexm3ds_logic:u_cortexm3ds_logic|Ukhoz6 ; CORTEXM3INTEGRATIONDS:u_CORTEXM3INTEGRATION|cortexm3ds_logic:u_cortexm3ds_logic|E1toz6 ; 0.635             ;
; CORTEXM3INTEGRATIONDS:u_CORTEXM3INTEGRATION|cortexm3ds_logic:u_cortexm3ds_logic|Poooz6 ; CORTEXM3INTEGRATIONDS:u_CORTEXM3INTEGRATION|cortexm3ds_logic:u_cortexm3ds_logic|E1toz6 ; 0.635             ;
; CORTEXM3INTEGRATIONDS:u_CORTEXM3INTEGRATION|cortexm3ds_logic:u_cortexm3ds_logic|E2pzz6 ; CORTEXM3INTEGRATIONDS:u_CORTEXM3INTEGRATION|cortexm3ds_logic:u_cortexm3ds_logic|E1toz6 ; 0.635             ;
; CORTEXM3INTEGRATIONDS:u_CORTEXM3INTEGRATION|cortexm3ds_logic:u_cortexm3ds_logic|A2hoz6 ; CORTEXM3INTEGRATIONDS:u_CORTEXM3INTEGRATION|cortexm3ds_logic:u_cortexm3ds_logic|E1toz6 ; 0.635             ;
; CORTEXM3INTEGRATIONDS:u_CORTEXM3INTEGRATION|cortexm3ds_logic:u_cortexm3ds_logic|Z5hoz6 ; CORTEXM3INTEGRATIONDS:u_CORTEXM3INTEGRATION|cortexm3ds_logic:u_cortexm3ds_logic|E1toz6 ; 0.631             ;
; CORTEXM3INTEGRATIONDS:u_CORTEXM3INTEGRATION|cortexm3ds_logic:u_cortexm3ds_logic|Wgpoz6 ; CORTEXM3INTEGRATIONDS:u_CORTEXM3INTEGRATION|cortexm3ds_logic:u_cortexm3ds_logic|E1toz6 ; 0.631             ;
; CORTEXM3INTEGRATIONDS:u_CORTEXM3INTEGRATION|cortexm3ds_logic:u_cortexm3ds_logic|M9lzz6 ; CORTEXM3INTEGRATIONDS:u_CORTEXM3INTEGRATION|cortexm3ds_logic:u_cortexm3ds_logic|E1toz6 ; 0.631             ;
; CORTEXM3INTEGRATIONDS:u_CORTEXM3INTEGRATION|cortexm3ds_logic:u_cortexm3ds_logic|Wbnoz6 ; CORTEXM3INTEGRATIONDS:u_CORTEXM3INTEGRATION|cortexm3ds_logic:u_cortexm3ds_logic|E1toz6 ; 0.631             ;
; CORTEXM3INTEGRATIONDS:u_CORTEXM3INTEGRATION|cortexm3ds_logic:u_cortexm3ds_logic|Ewizz6 ; CORTEXM3INTEGRATIONDS:u_CORTEXM3INTEGRATION|cortexm3ds_logic:u_cortexm3ds_logic|E1toz6 ; 0.631             ;
; CORTEXM3INTEGRATIONDS:u_CORTEXM3INTEGRATION|cortexm3ds_logic:u_cortexm3ds_logic|Toezz6 ; CORTEXM3INTEGRATIONDS:u_CORTEXM3INTEGRATION|cortexm3ds_logic:u_cortexm3ds_logic|Vqezz6 ; 0.621             ;
; CORTEXM3INTEGRATIONDS:u_CORTEXM3INTEGRATION|cortexm3ds_logic:u_cortexm3ds_logic|B6czz6 ; CORTEXM3INTEGRATIONDS:u_CORTEXM3INTEGRATION|cortexm3ds_logic:u_cortexm3ds_logic|H4czz6 ; 0.621             ;
; CORTEXM3INTEGRATIONDS:u_CORTEXM3INTEGRATION|cortexm3ds_logic:u_cortexm3ds_logic|X7dzz6 ; CORTEXM3INTEGRATIONDS:u_CORTEXM3INTEGRATION|cortexm3ds_logic:u_cortexm3ds_logic|D6dzz6 ; 0.621             ;
; CORTEXM3INTEGRATIONDS:u_CORTEXM3INTEGRATION|cortexm3ds_logic:u_cortexm3ds_logic|Y4eoz6 ; CORTEXM3INTEGRATIONDS:u_CORTEXM3INTEGRATION|cortexm3ds_logic:u_cortexm3ds_logic|Zry917 ; 0.596             ;
; CORTEXM3INTEGRATIONDS:u_CORTEXM3INTEGRATION|cortexm3ds_logic:u_cortexm3ds_logic|Psezz6 ; CORTEXM3INTEGRATIONDS:u_CORTEXM3INTEGRATION|cortexm3ds_logic:u_cortexm3ds_logic|Vqezz6 ; 0.570             ;
; CORTEXM3INTEGRATIONDS:u_CORTEXM3INTEGRATION|cortexm3ds_logic:u_cortexm3ds_logic|G7kzz6 ; CORTEXM3INTEGRATIONDS:u_CORTEXM3INTEGRATION|cortexm3ds_logic:u_cortexm3ds_logic|A2hoz6 ; 0.556             ;
; CORTEXM3INTEGRATIONDS:u_CORTEXM3INTEGRATION|cortexm3ds_logic:u_cortexm3ds_logic|J0noz6 ; CORTEXM3INTEGRATIONDS:u_CORTEXM3INTEGRATION|cortexm3ds_logic:u_cortexm3ds_logic|E1toz6 ; 0.489             ;
; CORTEXM3INTEGRATIONDS:u_CORTEXM3INTEGRATION|cortexm3ds_logic:u_cortexm3ds_logic|Mjpoz6 ; CORTEXM3INTEGRATIONDS:u_CORTEXM3INTEGRATION|cortexm3ds_logic:u_cortexm3ds_logic|E1toz6 ; 0.489             ;
; CORTEXM3INTEGRATIONDS:u_CORTEXM3INTEGRATION|cortexm3ds_logic:u_cortexm3ds_logic|Zcjzz6 ; CORTEXM3INTEGRATIONDS:u_CORTEXM3INTEGRATION|cortexm3ds_logic:u_cortexm3ds_logic|E1toz6 ; 0.489             ;
; CORTEXM3INTEGRATIONDS:u_CORTEXM3INTEGRATION|cortexm3ds_logic:u_cortexm3ds_logic|Ujroz6 ; CORTEXM3INTEGRATIONDS:u_CORTEXM3INTEGRATION|cortexm3ds_logic:u_cortexm3ds_logic|E1toz6 ; 0.489             ;
; CORTEXM3INTEGRATIONDS:u_CORTEXM3INTEGRATION|cortexm3ds_logic:u_cortexm3ds_logic|I0foz6 ; CORTEXM3INTEGRATIONDS:u_CORTEXM3INTEGRATION|cortexm3ds_logic:u_cortexm3ds_logic|E1toz6 ; 0.489             ;
; CORTEXM3INTEGRATIONDS:u_CORTEXM3INTEGRATION|cortexm3ds_logic:u_cortexm3ds_logic|Wlroz6 ; CORTEXM3INTEGRATIONDS:u_CORTEXM3INTEGRATION|cortexm3ds_logic:u_cortexm3ds_logic|E1toz6 ; 0.489             ;
; CORTEXM3INTEGRATIONDS:u_CORTEXM3INTEGRATION|cortexm3ds_logic:u_cortexm3ds_logic|Q4foz6 ; CORTEXM3INTEGRATIONDS:u_CORTEXM3INTEGRATION|cortexm3ds_logic:u_cortexm3ds_logic|E1toz6 ; 0.489             ;
; CORTEXM3INTEGRATIONDS:u_CORTEXM3INTEGRATION|cortexm3ds_logic:u_cortexm3ds_logic|H1tzz6 ; CORTEXM3INTEGRATIONDS:u_CORTEXM3INTEGRATION|cortexm3ds_logic:u_cortexm3ds_logic|E1toz6 ; 0.489             ;
; CORTEXM3INTEGRATIONDS:u_CORTEXM3INTEGRATION|cortexm3ds_logic:u_cortexm3ds_logic|Hrpzz6 ; CORTEXM3INTEGRATIONDS:u_CORTEXM3INTEGRATION|cortexm3ds_logic:u_cortexm3ds_logic|E1toz6 ; 0.489             ;
; CORTEXM3INTEGRATIONDS:u_CORTEXM3INTEGRATION|cortexm3ds_logic:u_cortexm3ds_logic|Gwqzz6 ; CORTEXM3INTEGRATIONDS:u_CORTEXM3INTEGRATION|cortexm3ds_logic:u_cortexm3ds_logic|E1toz6 ; 0.489             ;
; CORTEXM3INTEGRATIONDS:u_CORTEXM3INTEGRATION|cortexm3ds_logic:u_cortexm3ds_logic|Vfpzz6 ; CORTEXM3INTEGRATIONDS:u_CORTEXM3INTEGRATION|cortexm3ds_logic:u_cortexm3ds_logic|E1toz6 ; 0.489             ;
; CORTEXM3INTEGRATIONDS:u_CORTEXM3INTEGRATION|cortexm3ds_logic:u_cortexm3ds_logic|Rwhzz6 ; CORTEXM3INTEGRATIONDS:u_CORTEXM3INTEGRATION|cortexm3ds_logic:u_cortexm3ds_logic|E1toz6 ; 0.489             ;
; CORTEXM3INTEGRATIONDS:u_CORTEXM3INTEGRATION|cortexm3ds_logic:u_cortexm3ds_logic|Gt4nz6 ; CORTEXM3INTEGRATIONDS:u_CORTEXM3INTEGRATION|cortexm3ds_logic:u_cortexm3ds_logic|E1toz6 ; 0.489             ;
; CORTEXM3INTEGRATIONDS:u_CORTEXM3INTEGRATION|cortexm3ds_logic:u_cortexm3ds_logic|J9qoz6 ; CORTEXM3INTEGRATIONDS:u_CORTEXM3INTEGRATION|cortexm3ds_logic:u_cortexm3ds_logic|E1toz6 ; 0.489             ;
; CORTEXM3INTEGRATIONDS:u_CORTEXM3INTEGRATION|cortexm3ds_logic:u_cortexm3ds_logic|H8tzz6 ; CORTEXM3INTEGRATIONDS:u_CORTEXM3INTEGRATION|cortexm3ds_logic:u_cortexm3ds_logic|E1toz6 ; 0.489             ;
; CORTEXM3INTEGRATIONDS:u_CORTEXM3INTEGRATION|cortexm3ds_logic:u_cortexm3ds_logic|Ynroz6 ; CORTEXM3INTEGRATIONDS:u_CORTEXM3INTEGRATION|cortexm3ds_logic:u_cortexm3ds_logic|E1toz6 ; 0.489             ;
; CORTEXM3INTEGRATIONDS:u_CORTEXM3INTEGRATION|cortexm3ds_logic:u_cortexm3ds_logic|U6foz6 ; CORTEXM3INTEGRATIONDS:u_CORTEXM3INTEGRATION|cortexm3ds_logic:u_cortexm3ds_logic|E1toz6 ; 0.489             ;
; CORTEXM3INTEGRATIONDS:u_CORTEXM3INTEGRATION|cortexm3ds_logic:u_cortexm3ds_logic|Hyqzz6 ; CORTEXM3INTEGRATIONDS:u_CORTEXM3INTEGRATION|cortexm3ds_logic:u_cortexm3ds_logic|E1toz6 ; 0.489             ;
; CORTEXM3INTEGRATIONDS:u_CORTEXM3INTEGRATION|cortexm3ds_logic:u_cortexm3ds_logic|Bzpzz6 ; CORTEXM3INTEGRATIONDS:u_CORTEXM3INTEGRATION|cortexm3ds_logic:u_cortexm3ds_logic|E1toz6 ; 0.489             ;
; CORTEXM3INTEGRATIONDS:u_CORTEXM3INTEGRATION|cortexm3ds_logic:u_cortexm3ds_logic|T8rzz6 ; CORTEXM3INTEGRATIONDS:u_CORTEXM3INTEGRATION|cortexm3ds_logic:u_cortexm3ds_logic|E1toz6 ; 0.489             ;
; CORTEXM3INTEGRATIONDS:u_CORTEXM3INTEGRATION|cortexm3ds_logic:u_cortexm3ds_logic|L4izz6 ; CORTEXM3INTEGRATIONDS:u_CORTEXM3INTEGRATION|cortexm3ds_logic:u_cortexm3ds_logic|E1toz6 ; 0.489             ;
; CORTEXM3INTEGRATIONDS:u_CORTEXM3INTEGRATION|cortexm3ds_logic:u_cortexm3ds_logic|Dfizz6 ; CORTEXM3INTEGRATIONDS:u_CORTEXM3INTEGRATION|cortexm3ds_logic:u_cortexm3ds_logic|E1toz6 ; 0.489             ;
; CORTEXM3INTEGRATIONDS:u_CORTEXM3INTEGRATION|cortexm3ds_logic:u_cortexm3ds_logic|Sxrzz6 ; CORTEXM3INTEGRATIONDS:u_CORTEXM3INTEGRATION|cortexm3ds_logic:u_cortexm3ds_logic|E1toz6 ; 0.489             ;
; CORTEXM3INTEGRATIONDS:u_CORTEXM3INTEGRATION|cortexm3ds_logic:u_cortexm3ds_logic|Kbkzz6 ; CORTEXM3INTEGRATIONDS:u_CORTEXM3INTEGRATION|cortexm3ds_logic:u_cortexm3ds_logic|E1toz6 ; 0.489             ;
; CORTEXM3INTEGRATIONDS:u_CORTEXM3INTEGRATION|cortexm3ds_logic:u_cortexm3ds_logic|Dfnzz6 ; CORTEXM3INTEGRATIONDS:u_CORTEXM3INTEGRATION|cortexm3ds_logic:u_cortexm3ds_logic|E1toz6 ; 0.489             ;
; CORTEXM3INTEGRATIONDS:u_CORTEXM3INTEGRATION|cortexm3ds_logic:u_cortexm3ds_logic|Zwsoz6 ; CORTEXM3INTEGRATIONDS:u_CORTEXM3INTEGRATION|cortexm3ds_logic:u_cortexm3ds_logic|E1toz6 ; 0.489             ;
; CORTEXM3INTEGRATIONDS:u_CORTEXM3INTEGRATION|cortexm3ds_logic:u_cortexm3ds_logic|Ziizz6 ; CORTEXM3INTEGRATIONDS:u_CORTEXM3INTEGRATION|cortexm3ds_logic:u_cortexm3ds_logic|E1toz6 ; 0.489             ;
; CORTEXM3INTEGRATIONDS:u_CORTEXM3INTEGRATION|cortexm3ds_logic:u_cortexm3ds_logic|Pbszz6 ; CORTEXM3INTEGRATIONDS:u_CORTEXM3INTEGRATION|cortexm3ds_logic:u_cortexm3ds_logic|E1toz6 ; 0.489             ;
; CORTEXM3INTEGRATIONDS:u_CORTEXM3INTEGRATION|cortexm3ds_logic:u_cortexm3ds_logic|Eeszz6 ; CORTEXM3INTEGRATIONDS:u_CORTEXM3INTEGRATION|cortexm3ds_logic:u_cortexm3ds_logic|E1toz6 ; 0.489             ;
; CORTEXM3INTEGRATIONDS:u_CORTEXM3INTEGRATION|cortexm3ds_logic:u_cortexm3ds_logic|Vmsoz6 ; CORTEXM3INTEGRATIONDS:u_CORTEXM3INTEGRATION|cortexm3ds_logic:u_cortexm3ds_logic|E1toz6 ; 0.489             ;
; CORTEXM3INTEGRATIONDS:u_CORTEXM3INTEGRATION|cortexm3ds_logic:u_cortexm3ds_logic|Rqizz6 ; CORTEXM3INTEGRATIONDS:u_CORTEXM3INTEGRATION|cortexm3ds_logic:u_cortexm3ds_logic|E1toz6 ; 0.489             ;
; CORTEXM3INTEGRATIONDS:u_CORTEXM3INTEGRATION|cortexm3ds_logic:u_cortexm3ds_logic|Fjqoz6 ; CORTEXM3INTEGRATIONDS:u_CORTEXM3INTEGRATION|cortexm3ds_logic:u_cortexm3ds_logic|E1toz6 ; 0.489             ;
; CORTEXM3INTEGRATIONDS:u_CORTEXM3INTEGRATION|cortexm3ds_logic:u_cortexm3ds_logic|Dhqoz6 ; CORTEXM3INTEGRATIONDS:u_CORTEXM3INTEGRATION|cortexm3ds_logic:u_cortexm3ds_logic|E1toz6 ; 0.489             ;
; CORTEXM3INTEGRATIONDS:u_CORTEXM3INTEGRATION|cortexm3ds_logic:u_cortexm3ds_logic|Vmizz6 ; CORTEXM3INTEGRATIONDS:u_CORTEXM3INTEGRATION|cortexm3ds_logic:u_cortexm3ds_logic|E1toz6 ; 0.489             ;
; CORTEXM3INTEGRATIONDS:u_CORTEXM3INTEGRATION|cortexm3ds_logic:u_cortexm3ds_logic|Fajzz6 ; CORTEXM3INTEGRATIONDS:u_CORTEXM3INTEGRATION|cortexm3ds_logic:u_cortexm3ds_logic|E1toz6 ; 0.489             ;
; CORTEXM3INTEGRATIONDS:u_CORTEXM3INTEGRATION|cortexm3ds_logic:u_cortexm3ds_logic|Y2szz6 ; CORTEXM3INTEGRATIONDS:u_CORTEXM3INTEGRATION|cortexm3ds_logic:u_cortexm3ds_logic|E1toz6 ; 0.489             ;
; CORTEXM3INTEGRATIONDS:u_CORTEXM3INTEGRATION|cortexm3ds_logic:u_cortexm3ds_logic|N3rzz6 ; CORTEXM3INTEGRATIONDS:u_CORTEXM3INTEGRATION|cortexm3ds_logic:u_cortexm3ds_logic|E1toz6 ; 0.489             ;
; CORTEXM3INTEGRATIONDS:u_CORTEXM3INTEGRATION|cortexm3ds_logic:u_cortexm3ds_logic|P8hoz6 ; CORTEXM3INTEGRATIONDS:u_CORTEXM3INTEGRATION|cortexm3ds_logic:u_cortexm3ds_logic|E1toz6 ; 0.489             ;
; CORTEXM3INTEGRATIONDS:u_CORTEXM3INTEGRATION|cortexm3ds_logic:u_cortexm3ds_logic|M2foz6 ; CORTEXM3INTEGRATIONDS:u_CORTEXM3INTEGRATION|cortexm3ds_logic:u_cortexm3ds_logic|E1toz6 ; 0.489             ;
; CORTEXM3INTEGRATIONDS:u_CORTEXM3INTEGRATION|cortexm3ds_logic:u_cortexm3ds_logic|D1qzz6 ; CORTEXM3INTEGRATIONDS:u_CORTEXM3INTEGRATION|cortexm3ds_logic:u_cortexm3ds_logic|E1toz6 ; 0.489             ;
; CORTEXM3INTEGRATIONDS:u_CORTEXM3INTEGRATION|cortexm3ds_logic:u_cortexm3ds_logic|A4qzz6 ; CORTEXM3INTEGRATIONDS:u_CORTEXM3INTEGRATION|cortexm3ds_logic:u_cortexm3ds_logic|E1toz6 ; 0.489             ;
; CORTEXM3INTEGRATIONDS:u_CORTEXM3INTEGRATION|cortexm3ds_logic:u_cortexm3ds_logic|Zdrzz6 ; CORTEXM3INTEGRATIONDS:u_CORTEXM3INTEGRATION|cortexm3ds_logic:u_cortexm3ds_logic|E1toz6 ; 0.489             ;
; CORTEXM3INTEGRATIONDS:u_CORTEXM3INTEGRATION|cortexm3ds_logic:u_cortexm3ds_logic|Y2kzz6 ; CORTEXM3INTEGRATIONDS:u_CORTEXM3INTEGRATION|cortexm3ds_logic:u_cortexm3ds_logic|E1toz6 ; 0.489             ;
; CORTEXM3INTEGRATIONDS:u_CORTEXM3INTEGRATION|cortexm3ds_logic:u_cortexm3ds_logic|Zwfoz6 ; CORTEXM3INTEGRATIONDS:u_CORTEXM3INTEGRATION|cortexm3ds_logic:u_cortexm3ds_logic|E1toz6 ; 0.481             ;
; CORTEXM3INTEGRATIONDS:u_CORTEXM3INTEGRATION|cortexm3ds_logic:u_cortexm3ds_logic|C4dzz6 ; CORTEXM3INTEGRATIONDS:u_CORTEXM3INTEGRATION|cortexm3ds_logic:u_cortexm3ds_logic|D6dzz6 ; 0.473             ;
; CORTEXM3INTEGRATIONDS:u_CORTEXM3INTEGRATION|cortexm3ds_logic:u_cortexm3ds_logic|U6toz6 ; CORTEXM3INTEGRATIONDS:u_CORTEXM3INTEGRATION|cortexm3ds_logic:u_cortexm3ds_logic|E1toz6 ; 0.464             ;
; CORTEXM3INTEGRATIONDS:u_CORTEXM3INTEGRATION|cortexm3ds_logic:u_cortexm3ds_logic|Yiczz6 ; CORTEXM3INTEGRATIONDS:u_CORTEXM3INTEGRATION|cortexm3ds_logic:u_cortexm3ds_logic|E1toz6 ; 0.464             ;
; CORTEXM3INTEGRATIONDS:u_CORTEXM3INTEGRATION|cortexm3ds_logic:u_cortexm3ds_logic|V9czz6 ; CORTEXM3INTEGRATIONDS:u_CORTEXM3INTEGRATION|cortexm3ds_logic:u_cortexm3ds_logic|E1toz6 ; 0.464             ;
; CORTEXM3INTEGRATIONDS:u_CORTEXM3INTEGRATION|cortexm3ds_logic:u_cortexm3ds_logic|Chbzz6 ; CORTEXM3INTEGRATIONDS:u_CORTEXM3INTEGRATION|cortexm3ds_logic:u_cortexm3ds_logic|E1toz6 ; 0.464             ;
; CORTEXM3INTEGRATIONDS:u_CORTEXM3INTEGRATION|cortexm3ds_logic:u_cortexm3ds_logic|Cabzz6 ; CORTEXM3INTEGRATIONDS:u_CORTEXM3INTEGRATION|cortexm3ds_logic:u_cortexm3ds_logic|E1toz6 ; 0.464             ;
; CORTEXM3INTEGRATIONDS:u_CORTEXM3INTEGRATION|cortexm3ds_logic:u_cortexm3ds_logic|Gfazz6 ; CORTEXM3INTEGRATIONDS:u_CORTEXM3INTEGRATION|cortexm3ds_logic:u_cortexm3ds_logic|E1toz6 ; 0.464             ;
; CORTEXM3INTEGRATIONDS:u_CORTEXM3INTEGRATION|cortexm3ds_logic:u_cortexm3ds_logic|Aitoz6 ; CORTEXM3INTEGRATIONDS:u_CORTEXM3INTEGRATION|cortexm3ds_logic:u_cortexm3ds_logic|E1toz6 ; 0.464             ;
+----------------------------------------------------------------------------------------+----------------------------------------------------------------------------------------+-------------------+
Note: This table only shows the top 100 path(s) that have the largest delay added for hold.


+-----------------+
; Fitter Messages ;
+-----------------+
Warning (18236): Number of processors has not been specified which may cause overloading on shared machines.  Set the global assignment NUM_PARALLEL_PROCESSORS in your QSF to an appropriate value for best performance.
Info (20030): Parallel compilation is enabled and will use 16 of the 16 processors detected
Info (119006): Selected device 10M50DAF484C7G for design "top"
Info (21077): Low junction temperature is 0 degrees C
Info (21077): High junction temperature is 85 degrees C
Info (171003): Fitter is performing an Auto Fit compilation, which may decrease Fitter effort to reduce compilation time
Info (176444): Device migration not selected. If you intend to use device migration later, you may need to change the pin assignments as they may be incompatible with other devices
    Info (176445): Device 10M08DAF484I7G is compatible
    Info (176445): Device 10M16DAF484C7G is compatible
    Info (176445): Device 10M16DAF484I7G is compatible
    Info (176445): Device 10M25DAF484C7G is compatible
    Info (176445): Device 10M25DAF484I7G is compatible
    Info (176445): Device 10M50DAF484I7G is compatible
    Info (176445): Device 10M50DAF484I7P is compatible
    Info (176445): Device 10M40DAF484C7G is compatible
    Info (176445): Device 10M40DAF484I7G is compatible
Info (169124): Fitter converted 8 user pins into dedicated programming pins
    Info (169125): Pin ~ALTERA_TMS~ is reserved at location H2
    Info (169125): Pin ~ALTERA_TCK~ is reserved at location G2
    Info (169125): Pin ~ALTERA_TDI~ is reserved at location L4
    Info (169125): Pin ~ALTERA_TDO~ is reserved at location M5
    Info (169125): Pin ~ALTERA_CONFIG_SEL~ is reserved at location H10
    Info (169125): Pin ~ALTERA_nCONFIG~ is reserved at location H9
    Info (169125): Pin ~ALTERA_nSTATUS~ is reserved at location G9
    Info (169125): Pin ~ALTERA_CONF_DONE~ is reserved at location F8
Info (169141): DATA[0] dual-purpose pin not reserved
Info (12825): Data[1]/ASDO dual-purpose pin not reserved
Info (12825): nCSO dual-purpose pin not reserved
Info (12825): DCLK dual-purpose pin not reserved
Warning (15714): Some pins have incomplete I/O assignments. Refer to the I/O Assignment Warnings report for details
Info (176045): Design uses memory blocks. Violating setup or hold times of memory block address registers for either read or write operations could cause memory contents to be corrupted. Make sure that all memory block address registers meet the setup and hold time requirements.
Critical Warning (169085): No exact pin location assignment(s) for 12 pins of 27 total pins. For the list of pins please refer to the I/O Assignment Warnings table in the fitter report.
Critical Warning (332012): Synopsys Design Constraints File file not found: 'top.sdc'. A Synopsys Design Constraints File is required by the TimeQuest Timing Analyzer to get proper timing constraints. Without it, the Compiler will not properly optimize the design.
Info (332144): No user constrained base clocks found in the design
Info (332143): No user constrained clock uncertainty found in the design. Calling "derive_clock_uncertainty"
Info (332123): Deriving Clock Uncertainty. Please refer to report_sdc in TimeQuest to see clock uncertainties.
Info (332130): Timing requirements not specified -- quality metrics such as performance may be sacrificed to reduce compilation time.
Info (176353): Automatically promoted node CLK~input (placed in PIN N14 (CLK2p, DIFFIO_RX_R38p, DIFFOUT_R38p, High_Speed)) File: E:/soc26prj/soc-wuxi-arm/arm-soc/top.v Line: 5
    Info (176355): Automatically promoted destinations to use location or clock signal Global Clock CLKCTRL_G9
Info (176353): Automatically promoted node i2s_sck~reg0  File: E:/soc26prj/soc-wuxi-arm/arm-soc/top.v Line: 573
    Info (176355): Automatically promoted destinations to use location or clock signal Global Clock
    Info (176356): Following destination nodes may be non-global or may not use global or regional clocks
        Info (176357): Destination node i2s_sck_d File: E:/soc26prj/soc-wuxi-arm/arm-soc/top.v Line: 70
        Info (176357): Destination node i2s_sck_fall File: E:/soc26prj/soc-wuxi-arm/arm-soc/top.v Line: 72
        Info (176357): Destination node i2s_sck~0 File: E:/soc26prj/soc-wuxi-arm/arm-soc/top.v Line: 30
        Info (176357): Destination node i2s_sck~output File: E:/soc26prj/soc-wuxi-arm/arm-soc/top.v Line: 30
Info (176353): Automatically promoted node CORTEXM3INTEGRATIONDS:u_CORTEXM3INTEGRATION|cortexm3ds_logic:u_cortexm3ds_logic|H8bdt6  File: E:/soc26prj/soc-wuxi-arm/arm-soc/cortexm3ds_logic.v Line: 174
    Info (176355): Automatically promoted destinations to use location or clock signal Global Clock
Info (176353): Automatically promoted node CORTEXM3INTEGRATIONDS:u_CORTEXM3INTEGRATION|cortexm3ds_logic:u_cortexm3ds_logic|Ik2nz6  File: E:/soc26prj/soc-wuxi-arm/arm-soc/cortexm3ds_logic.v Line: 6524
    Info (176355): Automatically promoted destinations to use location or clock signal Global Clock
    Info (176356): Following destination nodes may be non-global or may not use global or regional clocks
        Info (176357): Destination node CORTEXM3INTEGRATIONDS:u_CORTEXM3INTEGRATION|cortexm3ds_logic:u_cortexm3ds_logic|H8bdt6 File: E:/soc26prj/soc-wuxi-arm/arm-soc/cortexm3ds_logic.v Line: 174
Info (176353): Automatically promoted node CORTEXM3INTEGRATIONDS:u_CORTEXM3INTEGRATION|cortexm3ds_logic:u_cortexm3ds_logic|Ym2nz6  File: E:/soc26prj/soc-wuxi-arm/arm-soc/cortexm3ds_logic.v Line: 6524
    Info (176355): Automatically promoted destinations to use location or clock signal Global Clock
Info (176233): Starting register packing
Info (176235): Finished register packing
    Extra Info (176219): No registers were packed into other blocks
Info (176214): Statistics of I/O pins that need to be placed that use the same VCCIO and VREF, before I/O pin placement
    Info (176211): Number of I/O pins in group: 12 (unused VREF, 2.5V VCCIO, 3 input, 1 output, 8 bidirectional)
        Info (176212): I/O standards used: 2.5 V.
Info (176215): I/O bank details before I/O pin placement
    Info (176214): Statistics of I/O banks
        Info (176213): I/O bank number 1A does not use VREF pins and has undetermined VCCIO pins. 0 total pin(s) used --  16 pins available
        Info (176213): I/O bank number 1B does not use VREF pins and has undetermined VCCIO pins. 4 total pin(s) used --  20 pins available
        Info (176213): I/O bank number 2 does not use VREF pins and has undetermined VCCIO pins. 0 total pin(s) used --  36 pins available
        Info (176213): I/O bank number 3 does not use VREF pins and has 3.3V VCCIO pins. 10 total pin(s) used --  38 pins available
        Info (176213): I/O bank number 4 does not use VREF pins and has 3.3V VCCIO pins. 3 total pin(s) used --  45 pins available
        Info (176213): I/O bank number 5 does not use VREF pins and has undetermined VCCIO pins. 0 total pin(s) used --  40 pins available
        Info (176213): I/O bank number 6 does not use VREF pins and has undetermined VCCIO pins. 1 total pin(s) used --  59 pins available
        Info (176213): I/O bank number 7 does not use VREF pins and has undetermined VCCIO pins. 1 total pin(s) used --  51 pins available
        Info (176213): I/O bank number 8 does not use VREF pins and has undetermined VCCIO pins. 4 total pin(s) used --  32 pins available
Info (171121): Fitter preparation operations ending: elapsed time is 00:00:07
Info (14896): Fitter has disabled Advanced Physical Optimization because it is not supported for the current family.
Info (170189): Fitter placement preparation operations beginning
Info (170190): Fitter placement preparation operations ending: elapsed time is 00:00:03
Info (170191): Fitter placement operations beginning
Info (170137): Fitter placement was successful
Info (170192): Fitter placement operations ending: elapsed time is 00:00:32
Info (170193): Fitter routing operations beginning
Info (170195): Router estimated average interconnect usage is 21% of the available device resources
    Info (170196): Router estimated peak interconnect usage is 61% of the available device resources in the region that extends from location X11_Y11 to location X21_Y21
Info (170199): The Fitter performed an Auto Fit compilation.  Optimizations were skipped to reduce compilation time.
    Info (170201): Optimizations that may affect the design's routability were skipped
Info (170194): Fitter routing operations ending: elapsed time is 00:00:54
Info (11888): Total time spent on timing analysis during the Fitter is 26.27 seconds.
Info (334003): Started post-fitting delay annotation
Info (334004): Delay annotation completed successfully
Info (334003): Started post-fitting delay annotation
Info (334004): Delay annotation completed successfully
Info (11218): Fitter post-fit operations ending: elapsed time is 00:00:09
Warning (169177): 9 pins must meet Intel FPGA requirements for 3.3-, 3.0-, and 2.5-V interfaces. For more information, refer to AN 447: Interfacing MAX 10 Devices with 3.3/3.0/2.5-V LVTTL/LVCMOS I/O Systems.
    Info (169178): Pin TDO uses I/O standard 3.3-V LVTTL at W7 File: E:/soc26prj/soc-wuxi-arm/arm-soc/top.v Line: 11
    Info (169178): Pin TMS uses I/O standard 3.3-V LVTTL at W9 File: E:/soc26prj/soc-wuxi-arm/arm-soc/top.v Line: 10
    Info (169178): Pin CLK uses I/O standard 3.3-V LVTTL at N14 File: E:/soc26prj/soc-wuxi-arm/arm-soc/top.v Line: 5
    Info (169178): Pin RESETn uses I/O standard 3.3-V LVTTL at A7 File: E:/soc26prj/soc-wuxi-arm/arm-soc/top.v Line: 6
    Info (169178): Pin TCK uses I/O standard 3.3-V LVTTL at W8 File: E:/soc26prj/soc-wuxi-arm/arm-soc/top.v Line: 9
    Info (169178): Pin TDI uses I/O standard 3.3-V LVTTL at W10 File: E:/soc26prj/soc-wuxi-arm/arm-soc/top.v Line: 8
    Info (169178): Pin flash_miso uses I/O standard 3.3-V LVTTL at Y4 File: E:/soc26prj/soc-wuxi-arm/arm-soc/top.v Line: 39
    Info (169178): Pin uart1_rxd uses I/O standard 3.3-V LVTTL at Y7 File: E:/soc26prj/soc-wuxi-arm/arm-soc/top.v Line: 18
    Info (169178): Pin i2s_sd uses I/O standard 3.3-V LVTTL at W13 File: E:/soc26prj/soc-wuxi-arm/arm-soc/top.v Line: 29
Info (144001): Generated suppressed messages file E:/soc26prj/Quartus/output_files/top.fit.smsg
Info: Quartus Prime Fitter was successful. 0 errors, 5 warnings
    Info: Peak virtual memory: 7016 megabytes
    Info: Processing ended: Mon May 04 13:13:23 2026
    Info: Elapsed time: 00:01:56
    Info: Total CPU time (on all processors): 00:05:48


+----------------------------+
; Fitter Suppressed Messages ;
+----------------------------+
The suppressed messages can be found in E:/soc26prj/Quartus/output_files/top.fit.smsg.


