Analysis & Synthesis report for top
Mon May 04 10:11:54 2026
Quartus Prime Version 16.1.1 Build 200 11/30/2016 SJ Standard Edition


---------------------
; Table of Contents ;
---------------------
  1. Legal Notice
  2. Analysis & Synthesis Summary
  3. Analysis & Synthesis Settings
  4. Parallel Compilation
  5. Analysis & Synthesis Source Files Read
  6. Analysis & Synthesis Resource Usage Summary
  7. Analysis & Synthesis Resource Utilization by Entity
  8. Analysis & Synthesis RAM Summary
  9. Analysis & Synthesis DSP Block Usage Summary
 10. State Machine - |top|spi_flash_apb_ctrl:u_spi_flash_apb_ctrl|state
 11. State Machine - |top|i2s_rx_core:u_i2s_rx_core|state
 12. Registers Removed During Synthesis
 13. Removed Registers Triggering Further Register Optimizations
 14. General Register Statistics
 15. Inverted Register Statistics
 16. Registers Packed Into Inferred Megafunctions
 17. Registers Added for RAM Pass-Through Logic
 18. Multiplexer Restructuring Statistics (Restructuring Performed)
 19. Source assignments for AHB2MEM:U_SRAM|altsyncram:memory_rtl_0|altsyncram_6kg1:auto_generated
 20. Source assignments for audio_ctrl_apb:u_audio_ctrl_apb|audio_fifo:u_audio_fifo|altsyncram:mem_rtl_0|altsyncram_gnb1:auto_generated
 21. Parameter Settings for User Entity Instance: AHB2MEM:U_SRAM
 22. Parameter Settings for User Entity Instance: i2s_rx_core:u_i2s_rx_core
 23. Parameter Settings for User Entity Instance: audio_ctrl_apb:u_audio_ctrl_apb
 24. Parameter Settings for User Entity Instance: audio_ctrl_apb:u_audio_ctrl_apb|audio_fifo:u_audio_fifo
 25. Parameter Settings for User Entity Instance: spi_flash_apb_ctrl:u_spi_flash_apb_ctrl
 26. Parameter Settings for User Entity Instance: spi_flash_apb_ctrl:u_spi_flash_apb_ctrl|spi_module:u_spi_module
 27. Parameter Settings for User Entity Instance: cmsdk_apb_subsystem:u_apb_subsystem
 28. Parameter Settings for User Entity Instance: cmsdk_apb_subsystem:u_apb_subsystem|cmsdk_ahb_to_apb:u_ahb_to_apb
 29. Parameter Settings for User Entity Instance: cmsdk_apb_subsystem:u_apb_subsystem|cmsdk_apb_slave_mux:u_apb_slave_mux
 30. Parameter Settings for Inferred Entity Instance: AHB2MEM:U_SRAM|altsyncram:memory_rtl_0
 31. Parameter Settings for Inferred Entity Instance: audio_ctrl_apb:u_audio_ctrl_apb|audio_fifo:u_audio_fifo|altsyncram:mem_rtl_0
 32. Parameter Settings for Inferred Entity Instance: CORTEXM3INTEGRATIONDS:u_CORTEXM3INTEGRATION|cortexm3ds_logic:u_cortexm3ds_logic|lpm_mult:Mult0
 33. Parameter Settings for Inferred Entity Instance: CORTEXM3INTEGRATIONDS:u_CORTEXM3INTEGRATION|cortexm3ds_logic:u_cortexm3ds_logic|lpm_add_sub:Add25
 34. altsyncram Parameter Settings by Entity Instance
 35. lpm_mult Parameter Settings by Entity Instance
 36. Port Connectivity Checks: "cmsdk_apb_subsystem:u_apb_subsystem|cmsdk_apb_uart:gen_apb_uart_1.u_apb_uart_1"
 37. Port Connectivity Checks: "cmsdk_apb_subsystem:u_apb_subsystem|gpio:gen_apb_gpio_0.u_gpio_0|gpio_ctrl:x_gpio_ctrl"
 38. Port Connectivity Checks: "cmsdk_apb_subsystem:u_apb_subsystem|gpio:gen_apb_gpio_0.u_gpio_0"
 39. Port Connectivity Checks: "cmsdk_apb_subsystem:u_apb_subsystem|cmsdk_apb_timer:gen_apb_timer_0.u_apb_timer_0"
 40. Port Connectivity Checks: "cmsdk_apb_subsystem:u_apb_subsystem|cmsdk_apb_slave_mux:u_apb_slave_mux"
 41. Port Connectivity Checks: "cmsdk_apb_subsystem:u_apb_subsystem|cmsdk_ahb_to_apb:u_ahb_to_apb"
 42. Port Connectivity Checks: "cmsdk_apb_subsystem:u_apb_subsystem"
 43. Port Connectivity Checks: "spi_flash_apb_ctrl:u_spi_flash_apb_ctrl|spi_module:u_spi_module"
 44. Port Connectivity Checks: "audio_ctrl_apb:u_audio_ctrl_apb"
 45. Port Connectivity Checks: "BusMatrix3x3:u_BusMatrix3x3"
 46. Port Connectivity Checks: "CORTEXM3INTEGRATIONDS:u_CORTEXM3INTEGRATION|cortexm3ds_logic:u_cortexm3ds_logic"
 47. Port Connectivity Checks: "CORTEXM3INTEGRATIONDS:u_CORTEXM3INTEGRATION"
 48. Post-Synthesis Netlist Statistics for Top Partition
 49. Elapsed Time Per Partition
 50. Analysis & Synthesis Messages
 51. Analysis & Synthesis Suppressed Messages



----------------
; Legal Notice ;
----------------
Copyright (C) 2016  Intel Corporation. All rights reserved.
Your use of Intel Corporation's design tools, logic functions 
and other software and tools, and its AMPP partner logic 
functions, and any output files from any of the foregoing 
(including device programming or simulation files), and any 
associated documentation or information are expressly subject 
to the terms and conditions of the Intel Program License 
Subscription Agreement, the Intel Quartus Prime License Agreement,
the Intel MegaCore Function License Agreement, or other 
applicable license agreement, including, without limitation, 
that your use is for the sole purpose of programming logic 
devices manufactured by Intel and sold by Intel or its 
authorized distributors.  Please refer to the applicable 
agreement for further details.



+--------------------------------------------------------------------------------------+
; Analysis & Synthesis Summary                                                         ;
+------------------------------------+-------------------------------------------------+
; Analysis & Synthesis Status        ; Successful - Mon May 04 10:11:54 2026           ;
; Quartus Prime Version              ; 16.1.1 Build 200 11/30/2016 SJ Standard Edition ;
; Revision Name                      ; top                                             ;
; Top-level Entity Name              ; top                                             ;
; Family                             ; MAX 10                                          ;
; Total logic elements               ; 25,695                                          ;
;     Total combinational functions  ; 22,979                                          ;
;     Dedicated logic registers      ; 6,080                                           ;
; Total registers                    ; 6080                                            ;
; Total pins                         ; 27                                              ;
; Total virtual pins                 ; 0                                               ;
; Total memory bits                  ; 524,672                                         ;
; Embedded Multiplier 9-bit elements ; 6                                               ;
; Total PLLs                         ; 0                                               ;
; UFM blocks                         ; 0                                               ;
; ADC blocks                         ; 0                                               ;
+------------------------------------+-------------------------------------------------+


+----------------------------------------------------------------------------------------------------------------------+
; Analysis & Synthesis Settings                                                                                        ;
+----------------------------------------------------------------------------+--------------------+--------------------+
; Option                                                                     ; Setting            ; Default Value      ;
+----------------------------------------------------------------------------+--------------------+--------------------+
; Device                                                                     ; 10M50DAF484C7G     ;                    ;
; Top-level entity name                                                      ; top                ; top                ;
; Family name                                                                ; MAX 10             ; Cyclone V          ;
; Use smart compilation                                                      ; Off                ; Off                ;
; Enable parallel Assembler and TimeQuest Timing Analyzer during compilation ; On                 ; On                 ;
; Enable compact report table                                                ; Off                ; Off                ;
; Restructure Multiplexers                                                   ; Auto               ; Auto               ;
; Create Debugging Nodes for IP Cores                                        ; Off                ; Off                ;
; Preserve fewer node names                                                  ; On                 ; On                 ;
; OpenCore Plus hardware evaluation                                          ; Enable             ; Enable             ;
; Verilog Version                                                            ; Verilog_2001       ; Verilog_2001       ;
; VHDL Version                                                               ; VHDL_1993          ; VHDL_1993          ;
; State Machine Processing                                                   ; Auto               ; Auto               ;
; Safe State Machine                                                         ; Off                ; Off                ;
; Extract Verilog State Machines                                             ; On                 ; On                 ;
; Extract VHDL State Machines                                                ; On                 ; On                 ;
; Ignore Verilog initial constructs                                          ; Off                ; Off                ;
; Iteration limit for constant Verilog loops                                 ; 5000               ; 5000               ;
; Iteration limit for non-constant Verilog loops                             ; 250                ; 250                ;
; Add Pass-Through Logic to Inferred RAMs                                    ; On                 ; On                 ;
; Infer RAMs from Raw Logic                                                  ; On                 ; On                 ;
; Parallel Synthesis                                                         ; On                 ; On                 ;
; DSP Block Balancing                                                        ; Auto               ; Auto               ;
; NOT Gate Push-Back                                                         ; On                 ; On                 ;
; Power-Up Don't Care                                                        ; On                 ; On                 ;
; Remove Redundant Logic Cells                                               ; Off                ; Off                ;
; Remove Duplicate Registers                                                 ; On                 ; On                 ;
; Ignore CARRY Buffers                                                       ; Off                ; Off                ;
; Ignore CASCADE Buffers                                                     ; Off                ; Off                ;
; Ignore GLOBAL Buffers                                                      ; Off                ; Off                ;
; Ignore ROW GLOBAL Buffers                                                  ; Off                ; Off                ;
; Ignore LCELL Buffers                                                       ; Off                ; Off                ;
; Ignore SOFT Buffers                                                        ; On                 ; On                 ;
; Limit AHDL Integers to 32 Bits                                             ; Off                ; Off                ;
; Optimization Technique                                                     ; Balanced           ; Balanced           ;
; Carry Chain Length                                                         ; 70                 ; 70                 ;
; Auto Carry Chains                                                          ; On                 ; On                 ;
; Auto Open-Drain Pins                                                       ; On                 ; On                 ;
; Perform WYSIWYG Primitive Resynthesis                                      ; Off                ; Off                ;
; Auto ROM Replacement                                                       ; On                 ; On                 ;
; Auto RAM Replacement                                                       ; On                 ; On                 ;
; Auto DSP Block Replacement                                                 ; On                 ; On                 ;
; Auto Shift Register Replacement                                            ; Auto               ; Auto               ;
; Allow Shift Register Merging across Hierarchies                            ; Auto               ; Auto               ;
; Auto Clock Enable Replacement                                              ; On                 ; On                 ;
; Strict RAM Replacement                                                     ; Off                ; Off                ;
; Allow Synchronous Control Signals                                          ; On                 ; On                 ;
; Force Use of Synchronous Clear Signals                                     ; Off                ; Off                ;
; Auto RAM Block Balancing                                                   ; On                 ; On                 ;
; Auto RAM to Logic Cell Conversion                                          ; Off                ; Off                ;
; Auto Resource Sharing                                                      ; Off                ; Off                ;
; Allow Any RAM Size For Recognition                                         ; Off                ; Off                ;
; Allow Any ROM Size For Recognition                                         ; Off                ; Off                ;
; Allow Any Shift Register Size For Recognition                              ; Off                ; Off                ;
; Use LogicLock Constraints during Resource Balancing                        ; On                 ; On                 ;
; Ignore translate_off and synthesis_off directives                          ; Off                ; Off                ;
; Timing-Driven Synthesis                                                    ; On                 ; On                 ;
; Report Parameter Settings                                                  ; On                 ; On                 ;
; Report Source Assignments                                                  ; On                 ; On                 ;
; Report Connectivity Checks                                                 ; On                 ; On                 ;
; Ignore Maximum Fan-Out Assignments                                         ; Off                ; Off                ;
; Synchronization Register Chain Length                                      ; 2                  ; 2                  ;
; PowerPlay Power Optimization During Synthesis                              ; Normal compilation ; Normal compilation ;
; HDL message level                                                          ; Level2             ; Level2             ;
; Suppress Register Optimization Related Messages                            ; Off                ; Off                ;
; Number of Removed Registers Reported in Synthesis Report                   ; 5000               ; 5000               ;
; Number of Swept Nodes Reported in Synthesis Report                         ; 5000               ; 5000               ;
; Number of Inverted Registers Reported in Synthesis Report                  ; 100                ; 100                ;
; Clock MUX Protection                                                       ; On                 ; On                 ;
; Auto Gated Clock Conversion                                                ; Off                ; Off                ;
; Block Design Naming                                                        ; Auto               ; Auto               ;
; SDC constraint protection                                                  ; Off                ; Off                ;
; Synthesis Effort                                                           ; Auto               ; Auto               ;
; Shift Register Replacement - Allow Asynchronous Clear Signal               ; On                 ; On                 ;
; Pre-Mapping Resynthesis Optimization                                       ; Off                ; Off                ;
; Analysis & Synthesis Message Level                                         ; Medium             ; Medium             ;
; Disable Register Merging Across Hierarchies                                ; Auto               ; Auto               ;
; Resource Aware Inference For Block RAM                                     ; On                 ; On                 ;
+----------------------------------------------------------------------------+--------------------+--------------------+


+------------------------------------------+
; Parallel Compilation                     ;
+----------------------------+-------------+
; Processors                 ; Number      ;
+----------------------------+-------------+
; Number detected on machine ; 16          ;
; Maximum allowed            ; 16          ;
;                            ;             ;
; Average used               ; 1.01        ;
; Maximum used               ; 16          ;
;                            ;             ;
; Usage by Processor         ; % Time Used ;
;     Processor 1            ; 100.0%      ;
;     Processor 2            ;   0.2%      ;
;     Processor 3            ;   0.1%      ;
;     Processor 4            ;   0.1%      ;
;     Processor 5            ;   0.1%      ;
;     Processor 6            ;   0.1%      ;
;     Processor 7            ;   0.1%      ;
;     Processor 8            ;   0.1%      ;
;     Processor 9            ;   0.1%      ;
;     Processors 10-16       ;   0.1%      ;
+----------------------------+-------------+


+----------------------------------------------------------------------------------------------------------------------------------------------------------------------------------------------------+
; Analysis & Synthesis Source Files Read                                                                                                                                                             ;
+-------------------------------------------------------------+-----------------+------------------------------+---------------------------------------------------------------------------+---------+
; File Name with User-Entered Path                            ; Used in Netlist ; File Type                    ; File Name with Absolute Path                                              ; Library ;
+-------------------------------------------------------------+-----------------+------------------------------+---------------------------------------------------------------------------+---------+
; ../soc-wuxi-arm/audio/rtl/spi_module.v                      ; yes             ; User Verilog HDL File        ; E:/soc26prj/soc-wuxi-arm/audio/rtl/spi_module.v                           ;         ;
; ../soc-wuxi-arm/audio/rtl/spi_controller.v                  ; yes             ; User Verilog HDL File        ; E:/soc26prj/soc-wuxi-arm/audio/rtl/spi_controller.v                       ;         ;
; ../soc-wuxi-arm/audio/rtl/i2s_rx_core.v                     ; yes             ; User Verilog HDL File        ; E:/soc26prj/soc-wuxi-arm/audio/rtl/i2s_rx_core.v                          ;         ;
; ../soc-wuxi-arm/audio/rtl/audio_fifo.v                      ; yes             ; User Verilog HDL File        ; E:/soc26prj/soc-wuxi-arm/audio/rtl/audio_fifo.v                           ;         ;
; ../soc-wuxi-arm/audio/rtl/audio_ctrl_apb.v                  ; yes             ; User Verilog HDL File        ; E:/soc26prj/soc-wuxi-arm/audio/rtl/audio_ctrl_apb.v                       ;         ;
; ../soc-wuxi-arm/arm-soc/matrix/OutputStage.v                ; yes             ; User Verilog HDL File        ; E:/soc26prj/soc-wuxi-arm/arm-soc/matrix/OutputStage.v                     ;         ;
; ../soc-wuxi-arm/arm-soc/matrix/InputStage.v                 ; yes             ; User Verilog HDL File        ; E:/soc26prj/soc-wuxi-arm/arm-soc/matrix/InputStage.v                      ;         ;
; ../soc-wuxi-arm/arm-soc/matrix/cmsdk_ahb_bm_output_arb.v    ; yes             ; User Verilog HDL File        ; E:/soc26prj/soc-wuxi-arm/arm-soc/matrix/cmsdk_ahb_bm_output_arb.v         ;         ;
; ../soc-wuxi-arm/arm-soc/matrix/cmsdk_ahb_bm_decodeSI2.v     ; yes             ; User Verilog HDL File        ; E:/soc26prj/soc-wuxi-arm/arm-soc/matrix/cmsdk_ahb_bm_decodeSI2.v          ;         ;
; ../soc-wuxi-arm/arm-soc/matrix/cmsdk_ahb_bm_decodeSI1.v     ; yes             ; User Verilog HDL File        ; E:/soc26prj/soc-wuxi-arm/arm-soc/matrix/cmsdk_ahb_bm_decodeSI1.v          ;         ;
; ../soc-wuxi-arm/arm-soc/matrix/cmsdk_ahb_bm_decodeSI0.v     ; yes             ; User Verilog HDL File        ; E:/soc26prj/soc-wuxi-arm/arm-soc/matrix/cmsdk_ahb_bm_decodeSI0.v          ;         ;
; ../soc-wuxi-arm/arm-soc/matrix/BusMatrix3x3_default_slave.v ; yes             ; User Verilog HDL File        ; E:/soc26prj/soc-wuxi-arm/arm-soc/matrix/BusMatrix3x3_default_slave.v      ;         ;
; ../soc-wuxi-arm/arm-soc/matrix/BusMatrix3x3.v               ; yes             ; User Verilog HDL File        ; E:/soc26prj/soc-wuxi-arm/arm-soc/matrix/BusMatrix3x3.v                    ;         ;
; ../soc-wuxi-arm/arm-soc/apb/gpio_ctrl.v                     ; yes             ; User Verilog HDL File        ; E:/soc26prj/soc-wuxi-arm/arm-soc/apb/gpio_ctrl.v                          ;         ;
; ../soc-wuxi-arm/arm-soc/apb/gpio_apbif.v                    ; yes             ; User Verilog HDL File        ; E:/soc26prj/soc-wuxi-arm/arm-soc/apb/gpio_apbif.v                         ;         ;
; ../soc-wuxi-arm/arm-soc/apb/gpio.v                          ; yes             ; User Verilog HDL File        ; E:/soc26prj/soc-wuxi-arm/arm-soc/apb/gpio.v                               ;         ;
; ../soc-wuxi-arm/arm-soc/apb/cmsdk_apb_uart.v                ; yes             ; User Verilog HDL File        ; E:/soc26prj/soc-wuxi-arm/arm-soc/apb/cmsdk_apb_uart.v                     ;         ;
; ../soc-wuxi-arm/arm-soc/apb/cmsdk_apb_timer.v               ; yes             ; User Verilog HDL File        ; E:/soc26prj/soc-wuxi-arm/arm-soc/apb/cmsdk_apb_timer.v                    ;         ;
; ../soc-wuxi-arm/arm-soc/apb/cmsdk_apb_slave_mux.v           ; yes             ; User Verilog HDL File        ; E:/soc26prj/soc-wuxi-arm/arm-soc/apb/cmsdk_apb_slave_mux.v                ;         ;
; ../soc-wuxi-arm/arm-soc/apb/cmsdk_ahb_to_apb.v              ; yes             ; User Verilog HDL File        ; E:/soc26prj/soc-wuxi-arm/arm-soc/apb/cmsdk_ahb_to_apb.v                   ;         ;
; ../soc-wuxi-arm/arm-soc/apb/apb_subsystem.v                 ; yes             ; User Verilog HDL File        ; E:/soc26prj/soc-wuxi-arm/arm-soc/apb/apb_subsystem.v                      ;         ;
; ../soc-wuxi-arm/arm-soc/top.v                               ; yes             ; User Verilog HDL File        ; E:/soc26prj/soc-wuxi-arm/arm-soc/top.v                                    ;         ;
; ../soc-wuxi-arm/arm-soc/CORTEXM3INTEGRATIONDS.v             ; yes             ; User Verilog HDL File        ; E:/soc26prj/soc-wuxi-arm/arm-soc/CORTEXM3INTEGRATIONDS.v                  ;         ;
; ../soc-wuxi-arm/arm-soc/cortexm3ds_logic.v                  ; yes             ; User Verilog HDL File        ; E:/soc26prj/soc-wuxi-arm/arm-soc/cortexm3ds_logic.v                       ;         ;
; ../soc-wuxi-arm/arm-soc/AHB2MEM.v                           ; yes             ; User Verilog HDL File        ; E:/soc26prj/soc-wuxi-arm/arm-soc/AHB2MEM.v                                ;         ;
; altsyncram.tdf                                              ; yes             ; Megafunction                 ; d:/intelfpga/16.1/quartus/libraries/megafunctions/altsyncram.tdf          ;         ;
; stratix_ram_block.inc                                       ; yes             ; Megafunction                 ; d:/intelfpga/16.1/quartus/libraries/megafunctions/stratix_ram_block.inc   ;         ;
; lpm_mux.inc                                                 ; yes             ; Megafunction                 ; d:/intelfpga/16.1/quartus/libraries/megafunctions/lpm_mux.inc             ;         ;
; lpm_decode.inc                                              ; yes             ; Megafunction                 ; d:/intelfpga/16.1/quartus/libraries/megafunctions/lpm_decode.inc          ;         ;
; aglobal161.inc                                              ; yes             ; Megafunction                 ; d:/intelfpga/16.1/quartus/libraries/megafunctions/aglobal161.inc          ;         ;
; a_rdenreg.inc                                               ; yes             ; Megafunction                 ; d:/intelfpga/16.1/quartus/libraries/megafunctions/a_rdenreg.inc           ;         ;
; altrom.inc                                                  ; yes             ; Megafunction                 ; d:/intelfpga/16.1/quartus/libraries/megafunctions/altrom.inc              ;         ;
; altram.inc                                                  ; yes             ; Megafunction                 ; d:/intelfpga/16.1/quartus/libraries/megafunctions/altram.inc              ;         ;
; altdpram.inc                                                ; yes             ; Megafunction                 ; d:/intelfpga/16.1/quartus/libraries/megafunctions/altdpram.inc            ;         ;
; db/altsyncram_6kg1.tdf                                      ; yes             ; Auto-Generated Megafunction  ; E:/soc26prj/Quartus/db/altsyncram_6kg1.tdf                                ;         ;
; db/decode_97a.tdf                                           ; yes             ; Auto-Generated Megafunction  ; E:/soc26prj/Quartus/db/decode_97a.tdf                                     ;         ;
; db/mux_63b.tdf                                              ; yes             ; Auto-Generated Megafunction  ; E:/soc26prj/Quartus/db/mux_63b.tdf                                        ;         ;
; db/altsyncram_gnb1.tdf                                      ; yes             ; Auto-Generated Megafunction  ; E:/soc26prj/Quartus/db/altsyncram_gnb1.tdf                                ;         ;
; lpm_mult.tdf                                                ; yes             ; Megafunction                 ; d:/intelfpga/16.1/quartus/libraries/megafunctions/lpm_mult.tdf            ;         ;
; lpm_add_sub.inc                                             ; yes             ; Megafunction                 ; d:/intelfpga/16.1/quartus/libraries/megafunctions/lpm_add_sub.inc         ;         ;
; multcore.inc                                                ; yes             ; Megafunction                 ; d:/intelfpga/16.1/quartus/libraries/megafunctions/multcore.inc            ;         ;
; bypassff.inc                                                ; yes             ; Megafunction                 ; d:/intelfpga/16.1/quartus/libraries/megafunctions/bypassff.inc            ;         ;
; altshift.inc                                                ; yes             ; Megafunction                 ; d:/intelfpga/16.1/quartus/libraries/megafunctions/altshift.inc            ;         ;
; db/mult_tns.tdf                                             ; yes             ; Auto-Generated Megafunction  ; E:/soc26prj/Quartus/db/mult_tns.tdf                                       ;         ;
; lpm_add_sub.tdf                                             ; yes             ; Megafunction                 ; d:/intelfpga/16.1/quartus/libraries/megafunctions/lpm_add_sub.tdf         ;         ;
; addcore.inc                                                 ; yes             ; Megafunction                 ; d:/intelfpga/16.1/quartus/libraries/megafunctions/addcore.inc             ;         ;
; look_add.inc                                                ; yes             ; Megafunction                 ; d:/intelfpga/16.1/quartus/libraries/megafunctions/look_add.inc            ;         ;
; alt_stratix_add_sub.inc                                     ; yes             ; Megafunction                 ; d:/intelfpga/16.1/quartus/libraries/megafunctions/alt_stratix_add_sub.inc ;         ;
; db/add_sub_fai.tdf                                          ; yes             ; Auto-Generated Megafunction  ; E:/soc26prj/Quartus/db/add_sub_fai.tdf                                    ;         ;
+-------------------------------------------------------------+-----------------+------------------------------+---------------------------------------------------------------------------+---------+


+---------------------------------------------------------+
; Analysis & Synthesis Resource Usage Summary             ;
+---------------------------------------------+-----------+
; Resource                                    ; Usage     ;
+---------------------------------------------+-----------+
; Estimated Total logic elements              ; 25,695    ;
;                                             ;           ;
; Total combinational functions               ; 22979     ;
; Logic element usage by number of LUT inputs ;           ;
;     -- 4 input functions                    ; 16220     ;
;     -- 3 input functions                    ; 5033      ;
;     -- <=2 input functions                  ; 1726      ;
;                                             ;           ;
; Logic elements by mode                      ;           ;
;     -- normal mode                          ; 21867     ;
;     -- arithmetic mode                      ; 1112      ;
;                                             ;           ;
; Total registers                             ; 6080      ;
;     -- Dedicated logic registers            ; 6080      ;
;     -- I/O registers                        ; 0         ;
;                                             ;           ;
; I/O pins                                    ; 27        ;
; Total memory bits                           ; 524672    ;
;                                             ;           ;
; Embedded Multiplier 9-bit elements          ; 6         ;
;                                             ;           ;
; Maximum fan-out node                        ; CLK~input ;
; Maximum fan-out                             ; 5776      ;
; Total fan-out                               ; 106451    ;
; Average fan-out                             ; 3.64      ;
+---------------------------------------------+-----------+


+----------------------------------------------------------------------------------------------------------------------------------------------------------------------------------------------------------------------------------------------------------------------------------------------------------------------------------------------------------------------------------------------------------------+
; Analysis & Synthesis Resource Utilization by Entity                                                                                                                                                                                                                                                                                                                                                            ;
+--------------------------------------------------------------------+---------------------+---------------------------+-------------+------------+--------------+---------+-----------+------+--------------+------------+------------------------------------------------------------------------------------------------------------------------------------------+----------------------------+--------------+
; Compilation Hierarchy Node                                         ; Combinational ALUTs ; Dedicated Logic Registers ; Memory Bits ; UFM Blocks ; DSP Elements ; DSP 9x9 ; DSP 18x18 ; Pins ; Virtual Pins ; ADC blocks ; Full Hierarchy Name                                                                                                                      ; Entity Name                ; Library Name ;
+--------------------------------------------------------------------+---------------------+---------------------------+-------------+------------+--------------+---------+-----------+------+--------------+------------+------------------------------------------------------------------------------------------------------------------------------------------+----------------------------+--------------+
; |top                                                               ; 22979 (85)          ; 6080 (34)                 ; 524672      ; 0          ; 6            ; 0       ; 3         ; 27   ; 0            ; 0          ; |top                                                                                                                                     ; top                        ; work         ;
;    |AHB2MEM:U_SRAM|                                                ; 172 (138)           ; 20 (19)                   ; 524288      ; 0          ; 0            ; 0       ; 0         ; 0    ; 0            ; 0          ; |top|AHB2MEM:U_SRAM                                                                                                                      ; AHB2MEM                    ; work         ;
;       |altsyncram:memory_rtl_0|                                    ; 34 (0)              ; 1 (0)                     ; 524288      ; 0          ; 0            ; 0       ; 0         ; 0    ; 0            ; 0          ; |top|AHB2MEM:U_SRAM|altsyncram:memory_rtl_0                                                                                              ; altsyncram                 ; work         ;
;          |altsyncram_6kg1:auto_generated|                          ; 34 (0)              ; 1 (1)                     ; 524288      ; 0          ; 0            ; 0       ; 0         ; 0    ; 0            ; 0          ; |top|AHB2MEM:U_SRAM|altsyncram:memory_rtl_0|altsyncram_6kg1:auto_generated                                                               ; altsyncram_6kg1            ; work         ;
;             |decode_97a:decode2|                                   ; 2 (2)               ; 0 (0)                     ; 0           ; 0          ; 0            ; 0       ; 0         ; 0    ; 0            ; 0          ; |top|AHB2MEM:U_SRAM|altsyncram:memory_rtl_0|altsyncram_6kg1:auto_generated|decode_97a:decode2                                            ; decode_97a                 ; work         ;
;             |mux_63b:mux3|                                         ; 32 (32)             ; 0 (0)                     ; 0           ; 0          ; 0            ; 0       ; 0         ; 0    ; 0            ; 0          ; |top|AHB2MEM:U_SRAM|altsyncram:memory_rtl_0|altsyncram_6kg1:auto_generated|mux_63b:mux3                                                  ; mux_63b                    ; work         ;
;    |BusMatrix3x3:u_BusMatrix3x3|                                   ; 242 (0)             ; 132 (0)                   ; 0           ; 0          ; 0            ; 0       ; 0         ; 0    ; 0            ; 0          ; |top|BusMatrix3x3:u_BusMatrix3x3                                                                                                         ; BusMatrix3x3               ; work         ;
;       |InputStage:u_InputStage_0|                                  ; 23 (23)             ; 41 (41)                   ; 0           ; 0          ; 0            ; 0       ; 0         ; 0    ; 0            ; 0          ; |top|BusMatrix3x3:u_BusMatrix3x3|InputStage:u_InputStage_0                                                                               ; InputStage                 ; work         ;
;       |InputStage:u_InputStage_1|                                  ; 6 (6)               ; 38 (38)                   ; 0           ; 0          ; 0            ; 0       ; 0         ; 0    ; 0            ; 0          ; |top|BusMatrix3x3:u_BusMatrix3x3|InputStage:u_InputStage_1                                                                               ; InputStage                 ; work         ;
;       |InputStage:u_InputStage_2|                                  ; 6 (6)               ; 30 (30)                   ; 0           ; 0          ; 0            ; 0       ; 0         ; 0    ; 0            ; 0          ; |top|BusMatrix3x3:u_BusMatrix3x3|InputStage:u_InputStage_2                                                                               ; InputStage                 ; work         ;
;       |OutputStage:u_outputstage_0|                                ; 116 (85)            ; 12 (2)                    ; 0           ; 0          ; 0            ; 0       ; 0         ; 0    ; 0            ; 0          ; |top|BusMatrix3x3:u_BusMatrix3x3|OutputStage:u_outputstage_0                                                                             ; OutputStage                ; work         ;
;          |cmsdk_ahb_bm_output_arb:u_output_arb|                    ; 31 (31)             ; 10 (10)                   ; 0           ; 0          ; 0            ; 0       ; 0         ; 0    ; 0            ; 0          ; |top|BusMatrix3x3:u_BusMatrix3x3|OutputStage:u_outputstage_0|cmsdk_ahb_bm_output_arb:u_output_arb                                        ; cmsdk_ahb_bm_output_arb    ; work         ;
;       |OutputStage:u_outputstage_1|                                ; 3 (2)               ; 2 (1)                     ; 0           ; 0          ; 0            ; 0       ; 0         ; 0    ; 0            ; 0          ; |top|BusMatrix3x3:u_BusMatrix3x3|OutputStage:u_outputstage_1                                                                             ; OutputStage                ; work         ;
;          |cmsdk_ahb_bm_output_arb:u_output_arb|                    ; 1 (1)               ; 1 (1)                     ; 0           ; 0          ; 0            ; 0       ; 0         ; 0    ; 0            ; 0          ; |top|BusMatrix3x3:u_BusMatrix3x3|OutputStage:u_outputstage_1|cmsdk_ahb_bm_output_arb:u_output_arb                                        ; cmsdk_ahb_bm_output_arb    ; work         ;
;       |OutputStage:u_outputstage_2|                                ; 1 (0)               ; 1 (0)                     ; 0           ; 0          ; 0            ; 0       ; 0         ; 0    ; 0            ; 0          ; |top|BusMatrix3x3:u_BusMatrix3x3|OutputStage:u_outputstage_2                                                                             ; OutputStage                ; work         ;
;          |cmsdk_ahb_bm_output_arb:u_output_arb|                    ; 1 (1)               ; 1 (1)                     ; 0           ; 0          ; 0            ; 0       ; 0         ; 0    ; 0            ; 0          ; |top|BusMatrix3x3:u_BusMatrix3x3|OutputStage:u_outputstage_2|cmsdk_ahb_bm_output_arb:u_output_arb                                        ; cmsdk_ahb_bm_output_arb    ; work         ;
;       |cmsdk_ahb_bm_decodeSI0:u_cmsdk_ahb_bm_decodesi0|            ; 61 (60)             ; 4 (3)                     ; 0           ; 0          ; 0            ; 0       ; 0         ; 0    ; 0            ; 0          ; |top|BusMatrix3x3:u_BusMatrix3x3|cmsdk_ahb_bm_decodeSI0:u_cmsdk_ahb_bm_decodesi0                                                         ; cmsdk_ahb_bm_decodeSI0     ; work         ;
;          |BusMatrix3x3_default_slave:u_BusMatrix3x3_default_slave| ; 1 (1)               ; 1 (1)                     ; 0           ; 0          ; 0            ; 0       ; 0         ; 0    ; 0            ; 0          ; |top|BusMatrix3x3:u_BusMatrix3x3|cmsdk_ahb_bm_decodeSI0:u_cmsdk_ahb_bm_decodesi0|BusMatrix3x3_default_slave:u_BusMatrix3x3_default_slave ; BusMatrix3x3_default_slave ; work         ;
;       |cmsdk_ahb_bm_decodeSI1:u_cmsdk_ahb_bm_decodesi1|            ; 14 (13)             ; 2 (1)                     ; 0           ; 0          ; 0            ; 0       ; 0         ; 0    ; 0            ; 0          ; |top|BusMatrix3x3:u_BusMatrix3x3|cmsdk_ahb_bm_decodeSI1:u_cmsdk_ahb_bm_decodesi1                                                         ; cmsdk_ahb_bm_decodeSI1     ; work         ;
;          |BusMatrix3x3_default_slave:u_BusMatrix3x3_default_slave| ; 1 (1)               ; 1 (1)                     ; 0           ; 0          ; 0            ; 0       ; 0         ; 0    ; 0            ; 0          ; |top|BusMatrix3x3:u_BusMatrix3x3|cmsdk_ahb_bm_decodeSI1:u_cmsdk_ahb_bm_decodesi1|BusMatrix3x3_default_slave:u_BusMatrix3x3_default_slave ; BusMatrix3x3_default_slave ; work         ;
;       |cmsdk_ahb_bm_decodeSI2:u_cmsdk_ahb_bm_decodesi2|            ; 12 (11)             ; 2 (1)                     ; 0           ; 0          ; 0            ; 0       ; 0         ; 0    ; 0            ; 0          ; |top|BusMatrix3x3:u_BusMatrix3x3|cmsdk_ahb_bm_decodeSI2:u_cmsdk_ahb_bm_decodesi2                                                         ; cmsdk_ahb_bm_decodeSI2     ; work         ;
;          |BusMatrix3x3_default_slave:u_BusMatrix3x3_default_slave| ; 1 (1)               ; 1 (1)                     ; 0           ; 0          ; 0            ; 0       ; 0         ; 0    ; 0            ; 0          ; |top|BusMatrix3x3:u_BusMatrix3x3|cmsdk_ahb_bm_decodeSI2:u_cmsdk_ahb_bm_decodesi2|BusMatrix3x3_default_slave:u_BusMatrix3x3_default_slave ; BusMatrix3x3_default_slave ; work         ;
;    |CORTEXM3INTEGRATIONDS:u_CORTEXM3INTEGRATION|                   ; 21077 (0)           ; 5054 (0)                  ; 0           ; 0          ; 6            ; 0       ; 3         ; 0    ; 0            ; 0          ; |top|CORTEXM3INTEGRATIONDS:u_CORTEXM3INTEGRATION                                                                                         ; CORTEXM3INTEGRATIONDS      ; work         ;
;       |cortexm3ds_logic:u_cortexm3ds_logic|                        ; 21077 (20985)       ; 5054 (5054)               ; 0           ; 0          ; 6            ; 0       ; 3         ; 0    ; 0            ; 0          ; |top|CORTEXM3INTEGRATIONDS:u_CORTEXM3INTEGRATION|cortexm3ds_logic:u_cortexm3ds_logic                                                     ; cortexm3ds_logic           ; work         ;
;          |lpm_add_sub:Add25|                                       ; 64 (0)              ; 0 (0)                     ; 0           ; 0          ; 0            ; 0       ; 0         ; 0    ; 0            ; 0          ; |top|CORTEXM3INTEGRATIONDS:u_CORTEXM3INTEGRATION|cortexm3ds_logic:u_cortexm3ds_logic|lpm_add_sub:Add25                                   ; lpm_add_sub                ; work         ;
;             |add_sub_fai:auto_generated|                           ; 64 (64)             ; 0 (0)                     ; 0           ; 0          ; 0            ; 0       ; 0         ; 0    ; 0            ; 0          ; |top|CORTEXM3INTEGRATIONDS:u_CORTEXM3INTEGRATION|cortexm3ds_logic:u_cortexm3ds_logic|lpm_add_sub:Add25|add_sub_fai:auto_generated        ; add_sub_fai                ; work         ;
;          |lpm_mult:Mult0|                                          ; 28 (0)              ; 0 (0)                     ; 0           ; 0          ; 6            ; 0       ; 3         ; 0    ; 0            ; 0          ; |top|CORTEXM3INTEGRATIONDS:u_CORTEXM3INTEGRATION|cortexm3ds_logic:u_cortexm3ds_logic|lpm_mult:Mult0                                      ; lpm_mult                   ; work         ;
;             |mult_tns:auto_generated|                              ; 28 (28)             ; 0 (0)                     ; 0           ; 0          ; 6            ; 0       ; 3         ; 0    ; 0            ; 0          ; |top|CORTEXM3INTEGRATIONDS:u_CORTEXM3INTEGRATION|cortexm3ds_logic:u_cortexm3ds_logic|lpm_mult:Mult0|mult_tns:auto_generated              ; mult_tns                   ; work         ;
;    |audio_ctrl_apb:u_audio_ctrl_apb|                               ; 75 (29)             ; 87 (5)                    ; 384         ; 0          ; 0            ; 0       ; 0         ; 0    ; 0            ; 0          ; |top|audio_ctrl_apb:u_audio_ctrl_apb                                                                                                     ; audio_ctrl_apb             ; work         ;
;       |audio_fifo:u_audio_fifo|                                    ; 46 (46)             ; 82 (82)                   ; 384         ; 0          ; 0            ; 0       ; 0         ; 0    ; 0            ; 0          ; |top|audio_ctrl_apb:u_audio_ctrl_apb|audio_fifo:u_audio_fifo                                                                             ; audio_fifo                 ; work         ;
;          |altsyncram:mem_rtl_0|                                    ; 0 (0)               ; 0 (0)                     ; 384         ; 0          ; 0            ; 0       ; 0         ; 0    ; 0            ; 0          ; |top|audio_ctrl_apb:u_audio_ctrl_apb|audio_fifo:u_audio_fifo|altsyncram:mem_rtl_0                                                        ; altsyncram                 ; work         ;
;             |altsyncram_gnb1:auto_generated|                       ; 0 (0)               ; 0 (0)                     ; 384         ; 0          ; 0            ; 0       ; 0         ; 0    ; 0            ; 0          ; |top|audio_ctrl_apb:u_audio_ctrl_apb|audio_fifo:u_audio_fifo|altsyncram:mem_rtl_0|altsyncram_gnb1:auto_generated                         ; altsyncram_gnb1            ; work         ;
;    |cmsdk_apb_subsystem:u_apb_subsystem|                           ; 550 (1)             ; 310 (0)                   ; 0           ; 0          ; 0            ; 0       ; 0         ; 0    ; 0            ; 0          ; |top|cmsdk_apb_subsystem:u_apb_subsystem                                                                                                 ; cmsdk_apb_subsystem        ; work         ;
;       |cmsdk_ahb_to_apb:u_ahb_to_apb|                              ; 5 (5)               ; 50 (50)                   ; 0           ; 0          ; 0            ; 0       ; 0         ; 0    ; 0            ; 0          ; |top|cmsdk_apb_subsystem:u_apb_subsystem|cmsdk_ahb_to_apb:u_ahb_to_apb                                                                   ; cmsdk_ahb_to_apb           ; work         ;
;       |cmsdk_apb_slave_mux:u_apb_slave_mux|                        ; 175 (175)           ; 0 (0)                     ; 0           ; 0          ; 0            ; 0       ; 0         ; 0    ; 0            ; 0          ; |top|cmsdk_apb_subsystem:u_apb_subsystem|cmsdk_apb_slave_mux:u_apb_slave_mux                                                             ; cmsdk_apb_slave_mux        ; work         ;
;       |cmsdk_apb_timer:gen_apb_timer_0.u_apb_timer_0|              ; 115 (115)           ; 80 (80)                   ; 0           ; 0          ; 0            ; 0       ; 0         ; 0    ; 0            ; 0          ; |top|cmsdk_apb_subsystem:u_apb_subsystem|cmsdk_apb_timer:gen_apb_timer_0.u_apb_timer_0                                                   ; cmsdk_apb_timer            ; work         ;
;       |cmsdk_apb_uart:gen_apb_uart_1.u_apb_uart_1|                 ; 151 (151)           ; 116 (116)                 ; 0           ; 0          ; 0            ; 0       ; 0         ; 0    ; 0            ; 0          ; |top|cmsdk_apb_subsystem:u_apb_subsystem|cmsdk_apb_uart:gen_apb_uart_1.u_apb_uart_1                                                      ; cmsdk_apb_uart             ; work         ;
;       |gpio:gen_apb_gpio_0.u_gpio_0|                               ; 103 (0)             ; 64 (0)                    ; 0           ; 0          ; 0            ; 0       ; 0         ; 0    ; 0            ; 0          ; |top|cmsdk_apb_subsystem:u_apb_subsystem|gpio:gen_apb_gpio_0.u_gpio_0                                                                    ; gpio                       ; work         ;
;          |gpio_apbif:x_gpio_apbif|                                 ; 95 (95)             ; 64 (64)                   ; 0           ; 0          ; 0            ; 0       ; 0         ; 0    ; 0            ; 0          ; |top|cmsdk_apb_subsystem:u_apb_subsystem|gpio:gen_apb_gpio_0.u_gpio_0|gpio_apbif:x_gpio_apbif                                            ; gpio_apbif                 ; work         ;
;          |gpio_ctrl:x_gpio_ctrl|                                   ; 8 (8)               ; 0 (0)                     ; 0           ; 0          ; 0            ; 0       ; 0         ; 0    ; 0            ; 0          ; |top|cmsdk_apb_subsystem:u_apb_subsystem|gpio:gen_apb_gpio_0.u_gpio_0|gpio_ctrl:x_gpio_ctrl                                              ; gpio_ctrl                  ; work         ;
;    |i2s_rx_core:u_i2s_rx_core|                                     ; 44 (44)             ; 65 (65)                   ; 0           ; 0          ; 0            ; 0       ; 0         ; 0    ; 0            ; 0          ; |top|i2s_rx_core:u_i2s_rx_core                                                                                                           ; i2s_rx_core                ; work         ;
;    |spi_flash_apb_ctrl:u_spi_flash_apb_ctrl|                       ; 734 (634)           ; 378 (326)                 ; 0           ; 0          ; 0            ; 0       ; 0         ; 0    ; 0            ; 0          ; |top|spi_flash_apb_ctrl:u_spi_flash_apb_ctrl                                                                                             ; spi_flash_apb_ctrl         ; work         ;
;       |spi_module:u_spi_module|                                    ; 100 (100)           ; 52 (52)                   ; 0           ; 0          ; 0            ; 0       ; 0         ; 0    ; 0            ; 0          ; |top|spi_flash_apb_ctrl:u_spi_flash_apb_ctrl|spi_module:u_spi_module                                                                     ; spi_module                 ; work         ;
+--------------------------------------------------------------------+---------------------+---------------------------+-------------+------------+--------------+---------+-----------+------+--------------+------------+------------------------------------------------------------------------------------------------------------------------------------------+----------------------------+--------------+
Note: For table entries with two numbers listed, the numbers in parentheses indicate the number of resources of the given type used by the specific entity alone. The numbers listed outside of parentheses indicate the total resources of the given type used by the specific entity and all of its sub-entities in the hierarchy.


+------------------------------------------------------------------------------------------------------------------------------------------------------------------------------------------------------------------------------+
; Analysis & Synthesis RAM Summary                                                                                                                                                                                             ;
+------------------------------------------------------------------------------------------------------------------------+------+------------------+--------------+--------------+--------------+--------------+--------+------+
; Name                                                                                                                   ; Type ; Mode             ; Port A Depth ; Port A Width ; Port B Depth ; Port B Width ; Size   ; MIF  ;
+------------------------------------------------------------------------------------------------------------------------+------+------------------+--------------+--------------+--------------+--------------+--------+------+
; AHB2MEM:U_SRAM|altsyncram:memory_rtl_0|altsyncram_6kg1:auto_generated|ALTSYNCRAM                                       ; AUTO ; Simple Dual Port ; 16384        ; 32           ; 16384        ; 32           ; 524288 ; None ;
; audio_ctrl_apb:u_audio_ctrl_apb|audio_fifo:u_audio_fifo|altsyncram:mem_rtl_0|altsyncram_gnb1:auto_generated|ALTSYNCRAM ; AUTO ; Simple Dual Port ; 16           ; 24           ; 16           ; 24           ; 384    ; None ;
+------------------------------------------------------------------------------------------------------------------------+------+------------------+--------------+--------------+--------------+--------------+--------+------+


+-----------------------------------------------------+
; Analysis & Synthesis DSP Block Usage Summary        ;
+---------------------------------------+-------------+
; Statistic                             ; Number Used ;
+---------------------------------------+-------------+
; Simple Multipliers (9-bit)            ; 0           ;
; Simple Multipliers (18-bit)           ; 3           ;
; Embedded Multiplier Blocks            ; --          ;
; Embedded Multiplier 9-bit elements    ; 6           ;
; Signed Embedded Multipliers           ; 0           ;
; Unsigned Embedded Multipliers         ; 3           ;
; Mixed Sign Embedded Multipliers       ; 0           ;
; Variable Sign Embedded Multipliers    ; 0           ;
; Dedicated Input Shift Register Chains ; 0           ;
+---------------------------------------+-------------+
Note: number of Embedded Multiplier Blocks used is only available after a successful fit.


Encoding Type:  One-Hot
+----------------------------------------------------------------------------------------------------------------------------------------------------------------------------------------------------------------------------------------------------------------------------------------------------------------------------------------------------------------------------------------------------------------------------------------------------------------------------------------------------------------------------------------------------------------------------------------------------------------------------------------------------+
; State Machine - |top|spi_flash_apb_ctrl:u_spi_flash_apb_ctrl|state                                                                                                                                                                                                                                                                                                                                                                                                                                                                                                                                                                                 ;
+---------------------------+-----------------------+------------------------+-----------------------+------------------------+----------------------+-----------------------+----------------+----------------+-----------------+-----------------------+------------------------+-----------------------+----------------------+-----------------------+--------------------+---------------------+--------------------------+---------------------------+------------------------+-------------------------+-------------------------+--------------------------+--------------------+---------------------+----------------------+---------------+
; Name                      ; state.ST_RD_DATA_WAIT ; state.ST_RD_DATA_START ; state.ST_RD_ADDR_WAIT ; state.ST_RD_ADDR_START ; state.ST_RD_CMD_WAIT ; state.ST_RD_CMD_START ; state.ST_ABORT ; state.ST_ERROR ; state.ST_FINISH ; state.ST_PP_DATA_WAIT ; state.ST_PP_DATA_START ; state.ST_PP_DATA_NEED ; state.ST_PP_CMD_WAIT ; state.ST_PP_CMD_START ; state.ST_PAGE_PREP ; state.ST_POLL_CHECK ; state.ST_POLL_DUMMY_WAIT ; state.ST_POLL_DUMMY_START ; state.ST_POLL_CMD_WAIT ; state.ST_POLL_CMD_START ; state.ST_ERASE_CMD_WAIT ; state.ST_ERASE_CMD_START ; state.ST_WREN_WAIT ; state.ST_WREN_START ; state.ST_ERASE_CHECK ; state.ST_IDLE ;
+---------------------------+-----------------------+------------------------+-----------------------+------------------------+----------------------+-----------------------+----------------+----------------+-----------------+-----------------------+------------------------+-----------------------+----------------------+-----------------------+--------------------+---------------------+--------------------------+---------------------------+------------------------+-------------------------+-------------------------+--------------------------+--------------------+---------------------+----------------------+---------------+
; state.ST_IDLE             ; 0                     ; 0                      ; 0                     ; 0                      ; 0                    ; 0                     ; 0              ; 0              ; 0               ; 0                     ; 0                      ; 0                     ; 0                    ; 0                     ; 0                  ; 0                   ; 0                        ; 0                         ; 0                      ; 0                       ; 0                       ; 0                        ; 0                  ; 0                   ; 0                    ; 0             ;
; state.ST_ERASE_CHECK      ; 0                     ; 0                      ; 0                     ; 0                      ; 0                    ; 0                     ; 0              ; 0              ; 0               ; 0                     ; 0                      ; 0                     ; 0                    ; 0                     ; 0                  ; 0                   ; 0                        ; 0                         ; 0                      ; 0                       ; 0                       ; 0                        ; 0                  ; 0                   ; 1                    ; 1             ;
; state.ST_WREN_START       ; 0                     ; 0                      ; 0                     ; 0                      ; 0                    ; 0                     ; 0              ; 0              ; 0               ; 0                     ; 0                      ; 0                     ; 0                    ; 0                     ; 0                  ; 0                   ; 0                        ; 0                         ; 0                      ; 0                       ; 0                       ; 0                        ; 0                  ; 1                   ; 0                    ; 1             ;
; state.ST_WREN_WAIT        ; 0                     ; 0                      ; 0                     ; 0                      ; 0                    ; 0                     ; 0              ; 0              ; 0               ; 0                     ; 0                      ; 0                     ; 0                    ; 0                     ; 0                  ; 0                   ; 0                        ; 0                         ; 0                      ; 0                       ; 0                       ; 0                        ; 1                  ; 0                   ; 0                    ; 1             ;
; state.ST_ERASE_CMD_START  ; 0                     ; 0                      ; 0                     ; 0                      ; 0                    ; 0                     ; 0              ; 0              ; 0               ; 0                     ; 0                      ; 0                     ; 0                    ; 0                     ; 0                  ; 0                   ; 0                        ; 0                         ; 0                      ; 0                       ; 0                       ; 1                        ; 0                  ; 0                   ; 0                    ; 1             ;
; state.ST_ERASE_CMD_WAIT   ; 0                     ; 0                      ; 0                     ; 0                      ; 0                    ; 0                     ; 0              ; 0              ; 0               ; 0                     ; 0                      ; 0                     ; 0                    ; 0                     ; 0                  ; 0                   ; 0                        ; 0                         ; 0                      ; 0                       ; 1                       ; 0                        ; 0                  ; 0                   ; 0                    ; 1             ;
; state.ST_POLL_CMD_START   ; 0                     ; 0                      ; 0                     ; 0                      ; 0                    ; 0                     ; 0              ; 0              ; 0               ; 0                     ; 0                      ; 0                     ; 0                    ; 0                     ; 0                  ; 0                   ; 0                        ; 0                         ; 0                      ; 1                       ; 0                       ; 0                        ; 0                  ; 0                   ; 0                    ; 1             ;
; state.ST_POLL_CMD_WAIT    ; 0                     ; 0                      ; 0                     ; 0                      ; 0                    ; 0                     ; 0              ; 0              ; 0               ; 0                     ; 0                      ; 0                     ; 0                    ; 0                     ; 0                  ; 0                   ; 0                        ; 0                         ; 1                      ; 0                       ; 0                       ; 0                        ; 0                  ; 0                   ; 0                    ; 1             ;
; state.ST_POLL_DUMMY_START ; 0                     ; 0                      ; 0                     ; 0                      ; 0                    ; 0                     ; 0              ; 0              ; 0               ; 0                     ; 0                      ; 0                     ; 0                    ; 0                     ; 0                  ; 0                   ; 0                        ; 1                         ; 0                      ; 0                       ; 0                       ; 0                        ; 0                  ; 0                   ; 0                    ; 1             ;
; state.ST_POLL_DUMMY_WAIT  ; 0                     ; 0                      ; 0                     ; 0                      ; 0                    ; 0                     ; 0              ; 0              ; 0               ; 0                     ; 0                      ; 0                     ; 0                    ; 0                     ; 0                  ; 0                   ; 1                        ; 0                         ; 0                      ; 0                       ; 0                       ; 0                        ; 0                  ; 0                   ; 0                    ; 1             ;
; state.ST_POLL_CHECK       ; 0                     ; 0                      ; 0                     ; 0                      ; 0                    ; 0                     ; 0              ; 0              ; 0               ; 0                     ; 0                      ; 0                     ; 0                    ; 0                     ; 0                  ; 1                   ; 0                        ; 0                         ; 0                      ; 0                       ; 0                       ; 0                        ; 0                  ; 0                   ; 0                    ; 1             ;
; state.ST_PAGE_PREP        ; 0                     ; 0                      ; 0                     ; 0                      ; 0                    ; 0                     ; 0              ; 0              ; 0               ; 0                     ; 0                      ; 0                     ; 0                    ; 0                     ; 1                  ; 0                   ; 0                        ; 0                         ; 0                      ; 0                       ; 0                       ; 0                        ; 0                  ; 0                   ; 0                    ; 1             ;
; state.ST_PP_CMD_START     ; 0                     ; 0                      ; 0                     ; 0                      ; 0                    ; 0                     ; 0              ; 0              ; 0               ; 0                     ; 0                      ; 0                     ; 0                    ; 1                     ; 0                  ; 0                   ; 0                        ; 0                         ; 0                      ; 0                       ; 0                       ; 0                        ; 0                  ; 0                   ; 0                    ; 1             ;
; state.ST_PP_CMD_WAIT      ; 0                     ; 0                      ; 0                     ; 0                      ; 0                    ; 0                     ; 0              ; 0              ; 0               ; 0                     ; 0                      ; 0                     ; 1                    ; 0                     ; 0                  ; 0                   ; 0                        ; 0                         ; 0                      ; 0                       ; 0                       ; 0                        ; 0                  ; 0                   ; 0                    ; 1             ;
; state.ST_PP_DATA_NEED     ; 0                     ; 0                      ; 0                     ; 0                      ; 0                    ; 0                     ; 0              ; 0              ; 0               ; 0                     ; 0                      ; 1                     ; 0                    ; 0                     ; 0                  ; 0                   ; 0                        ; 0                         ; 0                      ; 0                       ; 0                       ; 0                        ; 0                  ; 0                   ; 0                    ; 1             ;
; state.ST_PP_DATA_START    ; 0                     ; 0                      ; 0                     ; 0                      ; 0                    ; 0                     ; 0              ; 0              ; 0               ; 0                     ; 1                      ; 0                     ; 0                    ; 0                     ; 0                  ; 0                   ; 0                        ; 0                         ; 0                      ; 0                       ; 0                       ; 0                        ; 0                  ; 0                   ; 0                    ; 1             ;
; state.ST_PP_DATA_WAIT     ; 0                     ; 0                      ; 0                     ; 0                      ; 0                    ; 0                     ; 0              ; 0              ; 0               ; 1                     ; 0                      ; 0                     ; 0                    ; 0                     ; 0                  ; 0                   ; 0                        ; 0                         ; 0                      ; 0                       ; 0                       ; 0                        ; 0                  ; 0                   ; 0                    ; 1             ;
; state.ST_FINISH           ; 0                     ; 0                      ; 0                     ; 0                      ; 0                    ; 0                     ; 0              ; 0              ; 1               ; 0                     ; 0                      ; 0                     ; 0                    ; 0                     ; 0                  ; 0                   ; 0                        ; 0                         ; 0                      ; 0                       ; 0                       ; 0                        ; 0                  ; 0                   ; 0                    ; 1             ;
; state.ST_ERROR            ; 0                     ; 0                      ; 0                     ; 0                      ; 0                    ; 0                     ; 0              ; 1              ; 0               ; 0                     ; 0                      ; 0                     ; 0                    ; 0                     ; 0                  ; 0                   ; 0                        ; 0                         ; 0                      ; 0                       ; 0                       ; 0                        ; 0                  ; 0                   ; 0                    ; 1             ;
; state.ST_ABORT            ; 0                     ; 0                      ; 0                     ; 0                      ; 0                    ; 0                     ; 1              ; 0              ; 0               ; 0                     ; 0                      ; 0                     ; 0                    ; 0                     ; 0                  ; 0                   ; 0                        ; 0                         ; 0                      ; 0                       ; 0                       ; 0                        ; 0                  ; 0                   ; 0                    ; 1             ;
; state.ST_RD_CMD_START     ; 0                     ; 0                      ; 0                     ; 0                      ; 0                    ; 1                     ; 0              ; 0              ; 0               ; 0                     ; 0                      ; 0                     ; 0                    ; 0                     ; 0                  ; 0                   ; 0                        ; 0                         ; 0                      ; 0                       ; 0                       ; 0                        ; 0                  ; 0                   ; 0                    ; 1             ;
; state.ST_RD_CMD_WAIT      ; 0                     ; 0                      ; 0                     ; 0                      ; 1                    ; 0                     ; 0              ; 0              ; 0               ; 0                     ; 0                      ; 0                     ; 0                    ; 0                     ; 0                  ; 0                   ; 0                        ; 0                         ; 0                      ; 0                       ; 0                       ; 0                        ; 0                  ; 0                   ; 0                    ; 1             ;
; state.ST_RD_ADDR_START    ; 0                     ; 0                      ; 0                     ; 1                      ; 0                    ; 0                     ; 0              ; 0              ; 0               ; 0                     ; 0                      ; 0                     ; 0                    ; 0                     ; 0                  ; 0                   ; 0                        ; 0                         ; 0                      ; 0                       ; 0                       ; 0                        ; 0                  ; 0                   ; 0                    ; 1             ;
; state.ST_RD_ADDR_WAIT     ; 0                     ; 0                      ; 1                     ; 0                      ; 0                    ; 0                     ; 0              ; 0              ; 0               ; 0                     ; 0                      ; 0                     ; 0                    ; 0                     ; 0                  ; 0                   ; 0                        ; 0                         ; 0                      ; 0                       ; 0                       ; 0                        ; 0                  ; 0                   ; 0                    ; 1             ;
; state.ST_RD_DATA_START    ; 0                     ; 1                      ; 0                     ; 0                      ; 0                    ; 0                     ; 0              ; 0              ; 0               ; 0                     ; 0                      ; 0                     ; 0                    ; 0                     ; 0                  ; 0                   ; 0                        ; 0                         ; 0                      ; 0                       ; 0                       ; 0                        ; 0                  ; 0                   ; 0                    ; 1             ;
; state.ST_RD_DATA_WAIT     ; 1                     ; 0                      ; 0                     ; 0                      ; 0                    ; 0                     ; 0              ; 0              ; 0               ; 0                     ; 0                      ; 0                     ; 0                    ; 0                     ; 0                  ; 0                   ; 0                        ; 0                         ; 0                      ; 0                       ; 0                       ; 0                        ; 0                  ; 0                   ; 0                    ; 1             ;
+---------------------------+-----------------------+------------------------+-----------------------+------------------------+----------------------+-----------------------+----------------+----------------+-----------------+-----------------------+------------------------+-----------------------+----------------------+-----------------------+--------------------+---------------------+--------------------------+---------------------------+------------------------+-------------------------+-------------------------+--------------------------+--------------------+---------------------+----------------------+---------------+


Encoding Type:  One-Hot
+------------------------------------------------------+
; State Machine - |top|i2s_rx_core:u_i2s_rx_core|state ;
+------------+------------+------------+---------------+
; Name       ; state.IDLE ; state.RIGT ; state.LEFT    ;
+------------+------------+------------+---------------+
; state.IDLE ; 0          ; 0          ; 0             ;
; state.LEFT ; 1          ; 0          ; 1             ;
; state.RIGT ; 1          ; 1          ; 0             ;
+------------+------------+------------+---------------+


+-------------------------------------------------------------------------------------------------------------------------------------------------------------------------------------------------------------------------------------------------------+
; Registers Removed During Synthesis                                                                                                                                                                                                                    ;
+------------------------------------------------------------------------------------------------------------------------+------------------------------------------------------------------------------------------------------------------------------+
; Register name                                                                                                          ; Reason for Removal                                                                                                           ;
+------------------------------------------------------------------------------------------------------------------------+------------------------------------------------------------------------------------------------------------------------------+
; cmsdk_apb_subsystem:u_apb_subsystem|gpio:gen_apb_gpio_0.u_gpio_0|gpio_ctrl:x_gpio_ctrl|int_s1[0..7]                    ; Stuck at GND due to stuck port clock                                                                                         ;
; cmsdk_apb_subsystem:u_apb_subsystem|gpio:gen_apb_gpio_0.u_gpio_0|gpio_ctrl:x_gpio_ctrl|int_pre_in[0..7]                ; Stuck at GND due to stuck port clock                                                                                         ;
; cmsdk_apb_subsystem:u_apb_subsystem|gpio:gen_apb_gpio_0.u_gpio_0|gpio_ctrl:x_gpio_ctrl|ed_int_d1[1..7]                 ; Stuck at GND due to stuck port clock                                                                                         ;
; cmsdk_apb_subsystem:u_apb_subsystem|gpio:gen_apb_gpio_0.u_gpio_0|gpio_ctrl:x_gpio_ctrl|ed_int_d1[0]                    ; Lost fanout                                                                                                                  ;
; cmsdk_apb_subsystem:u_apb_subsystem|gpio:gen_apb_gpio_0.u_gpio_0|gpio_ctrl:x_gpio_ctrl|gpio_intr_ed_pm[0..7]           ; Stuck at GND due to stuck port clock                                                                                         ;
; BusMatrix3x3:u_BusMatrix3x3|InputStage:u_InputStage_2|reg_trans[0]                                                     ; Stuck at GND due to stuck port data_in                                                                                       ;
; BusMatrix3x3:u_BusMatrix3x3|InputStage:u_InputStage_2|reg_addr[0,1,29..31]                                             ; Stuck at GND due to stuck port data_in                                                                                       ;
; BusMatrix3x3:u_BusMatrix3x3|InputStage:u_InputStage_2|reg_write                                                        ; Stuck at GND due to stuck port data_in                                                                                       ;
; BusMatrix3x3:u_BusMatrix3x3|InputStage:u_InputStage_2|reg_size[0]                                                      ; Stuck at GND due to stuck port data_in                                                                                       ;
; BusMatrix3x3:u_BusMatrix3x3|InputStage:u_InputStage_2|reg_burst[0..2]                                                  ; Stuck at GND due to stuck port data_in                                                                                       ;
; BusMatrix3x3:u_BusMatrix3x3|InputStage:u_InputStage_2|reg_mastlock                                                     ; Stuck at GND due to stuck port data_in                                                                                       ;
; BusMatrix3x3:u_BusMatrix3x3|InputStage:u_InputStage_1|reg_addr[29..31]                                                 ; Stuck at GND due to stuck port data_in                                                                                       ;
; BusMatrix3x3:u_BusMatrix3x3|InputStage:u_InputStage_1|reg_burst[1,2]                                                   ; Stuck at GND due to stuck port data_in                                                                                       ;
; BusMatrix3x3:u_BusMatrix3x3|InputStage:u_InputStage_1|reg_mastlock                                                     ; Stuck at GND due to stuck port data_in                                                                                       ;
; BusMatrix3x3:u_BusMatrix3x3|InputStage:u_InputStage_0|reg_burst[1,2]                                                   ; Stuck at GND due to stuck port data_in                                                                                       ;
; BusMatrix3x3:u_BusMatrix3x3|InputStage:u_InputStage_0|reg_mastlock                                                     ; Stuck at GND due to stuck port data_in                                                                                       ;
; CORTEXM3INTEGRATIONDS:u_CORTEXM3INTEGRATION|cortexm3ds_logic:u_cortexm3ds_logic|K63t07                                 ; Lost fanout                                                                                                                  ;
; CORTEXM3INTEGRATIONDS:u_CORTEXM3INTEGRATION|cortexm3ds_logic:u_cortexm3ds_logic|Pn2nz6                                 ; Stuck at GND due to stuck port clock                                                                                         ;
; CORTEXM3INTEGRATIONDS:u_CORTEXM3INTEGRATION|cortexm3ds_logic:u_cortexm3ds_logic|Go2nz6                                 ; Stuck at GND due to stuck port clock                                                                                         ;
; CORTEXM3INTEGRATIONDS:u_CORTEXM3INTEGRATION|cortexm3ds_logic:u_cortexm3ds_logic|Ab3nz6                                 ; Stuck at GND due to stuck port data_in                                                                                       ;
; CORTEXM3INTEGRATIONDS:u_CORTEXM3INTEGRATION|cortexm3ds_logic:u_cortexm3ds_logic|Bf3nz6                                 ; Stuck at GND due to stuck port data_in                                                                                       ;
; CORTEXM3INTEGRATIONDS:u_CORTEXM3INTEGRATION|cortexm3ds_logic:u_cortexm3ds_logic|Yg3nz6                                 ; Stuck at GND due to stuck port data_in                                                                                       ;
; CORTEXM3INTEGRATIONDS:u_CORTEXM3INTEGRATION|cortexm3ds_logic:u_cortexm3ds_logic|Un4nz6                                 ; Stuck at GND due to stuck port clock                                                                                         ;
; CORTEXM3INTEGRATIONDS:u_CORTEXM3INTEGRATION|cortexm3ds_logic:u_cortexm3ds_logic|Nq4nz6                                 ; Stuck at GND due to stuck port clock                                                                                         ;
; CORTEXM3INTEGRATIONDS:u_CORTEXM3INTEGRATION|cortexm3ds_logic:u_cortexm3ds_logic|Hytnz6                                 ; Stuck at GND due to stuck port clock                                                                                         ;
; CORTEXM3INTEGRATIONDS:u_CORTEXM3INTEGRATION|cortexm3ds_logic:u_cortexm3ds_logic|A1unz6                                 ; Stuck at GND due to stuck port clock                                                                                         ;
; CORTEXM3INTEGRATIONDS:u_CORTEXM3INTEGRATION|cortexm3ds_logic:u_cortexm3ds_logic|G6unz6                                 ; Stuck at GND due to stuck port clock                                                                                         ;
; CORTEXM3INTEGRATIONDS:u_CORTEXM3INTEGRATION|cortexm3ds_logic:u_cortexm3ds_logic|Z8unz6                                 ; Stuck at GND due to stuck port clock                                                                                         ;
; CORTEXM3INTEGRATIONDS:u_CORTEXM3INTEGRATION|cortexm3ds_logic:u_cortexm3ds_logic|L3ynz6                                 ; Stuck at GND due to stuck port clock                                                                                         ;
; CORTEXM3INTEGRATIONDS:u_CORTEXM3INTEGRATION|cortexm3ds_logic:u_cortexm3ds_logic|J5ynz6                                 ; Stuck at GND due to stuck port clock                                                                                         ;
; CORTEXM3INTEGRATIONDS:u_CORTEXM3INTEGRATION|cortexm3ds_logic:u_cortexm3ds_logic|E7ynz6                                 ; Stuck at GND due to stuck port clock                                                                                         ;
; CORTEXM3INTEGRATIONDS:u_CORTEXM3INTEGRATION|cortexm3ds_logic:u_cortexm3ds_logic|Y8ynz6                                 ; Stuck at GND due to stuck port data_in                                                                                       ;
; CORTEXM3INTEGRATIONDS:u_CORTEXM3INTEGRATION|cortexm3ds_logic:u_cortexm3ds_logic|Ebynz6                                 ; Stuck at GND due to stuck port data_in                                                                                       ;
; CORTEXM3INTEGRATIONDS:u_CORTEXM3INTEGRATION|cortexm3ds_logic:u_cortexm3ds_logic|Kdynz6                                 ; Stuck at GND due to stuck port data_in                                                                                       ;
; CORTEXM3INTEGRATIONDS:u_CORTEXM3INTEGRATION|cortexm3ds_logic:u_cortexm3ds_logic|Vhfzz6                                 ; Stuck at GND due to stuck port data_in                                                                                       ;
; CORTEXM3INTEGRATIONDS:u_CORTEXM3INTEGRATION|cortexm3ds_logic:u_cortexm3ds_logic|Nuqh07                                 ; Stuck at GND due to stuck port data_in                                                                                       ;
; CORTEXM3INTEGRATIONDS:u_CORTEXM3INTEGRATION|cortexm3ds_logic:u_cortexm3ds_logic|Lwqh07                                 ; Stuck at GND due to stuck port data_in                                                                                       ;
; CORTEXM3INTEGRATIONDS:u_CORTEXM3INTEGRATION|cortexm3ds_logic:u_cortexm3ds_logic|Kyqh07                                 ; Stuck at GND due to stuck port data_in                                                                                       ;
; CORTEXM3INTEGRATIONDS:u_CORTEXM3INTEGRATION|cortexm3ds_logic:u_cortexm3ds_logic|J0rh07                                 ; Stuck at GND due to stuck port data_in                                                                                       ;
; CORTEXM3INTEGRATIONDS:u_CORTEXM3INTEGRATION|cortexm3ds_logic:u_cortexm3ds_logic|I2rh07                                 ; Stuck at GND due to stuck port data_in                                                                                       ;
; CORTEXM3INTEGRATIONDS:u_CORTEXM3INTEGRATION|cortexm3ds_logic:u_cortexm3ds_logic|H4rh07                                 ; Stuck at GND due to stuck port data_in                                                                                       ;
; CORTEXM3INTEGRATIONDS:u_CORTEXM3INTEGRATION|cortexm3ds_logic:u_cortexm3ds_logic|G6rh07                                 ; Stuck at GND due to stuck port data_in                                                                                       ;
; CORTEXM3INTEGRATIONDS:u_CORTEXM3INTEGRATION|cortexm3ds_logic:u_cortexm3ds_logic|F8rh07                                 ; Stuck at GND due to stuck port data_in                                                                                       ;
; CORTEXM3INTEGRATIONDS:u_CORTEXM3INTEGRATION|cortexm3ds_logic:u_cortexm3ds_logic|Earh07                                 ; Stuck at GND due to stuck port data_in                                                                                       ;
; CORTEXM3INTEGRATIONDS:u_CORTEXM3INTEGRATION|cortexm3ds_logic:u_cortexm3ds_logic|Dcrh07                                 ; Stuck at GND due to stuck port data_in                                                                                       ;
; CORTEXM3INTEGRATIONDS:u_CORTEXM3INTEGRATION|cortexm3ds_logic:u_cortexm3ds_logic|Cerh07                                 ; Stuck at GND due to stuck port data_in                                                                                       ;
; CORTEXM3INTEGRATIONDS:u_CORTEXM3INTEGRATION|cortexm3ds_logic:u_cortexm3ds_logic|Bgrh07                                 ; Stuck at GND due to stuck port data_in                                                                                       ;
; CORTEXM3INTEGRATIONDS:u_CORTEXM3INTEGRATION|cortexm3ds_logic:u_cortexm3ds_logic|Airh07                                 ; Stuck at GND due to stuck port data_in                                                                                       ;
; CORTEXM3INTEGRATIONDS:u_CORTEXM3INTEGRATION|cortexm3ds_logic:u_cortexm3ds_logic|Zjrh07                                 ; Stuck at GND due to stuck port data_in                                                                                       ;
; CORTEXM3INTEGRATIONDS:u_CORTEXM3INTEGRATION|cortexm3ds_logic:u_cortexm3ds_logic|Ylrh07                                 ; Stuck at GND due to stuck port data_in                                                                                       ;
; CORTEXM3INTEGRATIONDS:u_CORTEXM3INTEGRATION|cortexm3ds_logic:u_cortexm3ds_logic|Xnrh07                                 ; Stuck at GND due to stuck port data_in                                                                                       ;
; CORTEXM3INTEGRATIONDS:u_CORTEXM3INTEGRATION|cortexm3ds_logic:u_cortexm3ds_logic|Wprh07                                 ; Stuck at GND due to stuck port data_in                                                                                       ;
; CORTEXM3INTEGRATIONDS:u_CORTEXM3INTEGRATION|cortexm3ds_logic:u_cortexm3ds_logic|Vrrh07                                 ; Stuck at GND due to stuck port data_in                                                                                       ;
; CORTEXM3INTEGRATIONDS:u_CORTEXM3INTEGRATION|cortexm3ds_logic:u_cortexm3ds_logic|Gxps07                                 ; Stuck at GND due to stuck port data_in                                                                                       ;
; CORTEXM3INTEGRATIONDS:u_CORTEXM3INTEGRATION|cortexm3ds_logic:u_cortexm3ds_logic|Fzps07                                 ; Stuck at GND due to stuck port data_in                                                                                       ;
; CORTEXM3INTEGRATIONDS:u_CORTEXM3INTEGRATION|cortexm3ds_logic:u_cortexm3ds_logic|E1qs07                                 ; Stuck at GND due to stuck port data_in                                                                                       ;
; CORTEXM3INTEGRATIONDS:u_CORTEXM3INTEGRATION|cortexm3ds_logic:u_cortexm3ds_logic|D3qs07                                 ; Stuck at GND due to stuck port data_in                                                                                       ;
; CORTEXM3INTEGRATIONDS:u_CORTEXM3INTEGRATION|cortexm3ds_logic:u_cortexm3ds_logic|C5qs07                                 ; Stuck at GND due to stuck port data_in                                                                                       ;
; CORTEXM3INTEGRATIONDS:u_CORTEXM3INTEGRATION|cortexm3ds_logic:u_cortexm3ds_logic|B7qs07                                 ; Stuck at GND due to stuck port data_in                                                                                       ;
; CORTEXM3INTEGRATIONDS:u_CORTEXM3INTEGRATION|cortexm3ds_logic:u_cortexm3ds_logic|A9qs07                                 ; Stuck at GND due to stuck port data_in                                                                                       ;
; CORTEXM3INTEGRATIONDS:u_CORTEXM3INTEGRATION|cortexm3ds_logic:u_cortexm3ds_logic|Zaqs07                                 ; Stuck at GND due to stuck port data_in                                                                                       ;
; CORTEXM3INTEGRATIONDS:u_CORTEXM3INTEGRATION|cortexm3ds_logic:u_cortexm3ds_logic|Ycqs07                                 ; Stuck at GND due to stuck port data_in                                                                                       ;
; CORTEXM3INTEGRATIONDS:u_CORTEXM3INTEGRATION|cortexm3ds_logic:u_cortexm3ds_logic|Xeqs07                                 ; Stuck at GND due to stuck port data_in                                                                                       ;
; CORTEXM3INTEGRATIONDS:u_CORTEXM3INTEGRATION|cortexm3ds_logic:u_cortexm3ds_logic|Wgqs07                                 ; Stuck at GND due to stuck port data_in                                                                                       ;
; CORTEXM3INTEGRATIONDS:u_CORTEXM3INTEGRATION|cortexm3ds_logic:u_cortexm3ds_logic|Viqs07                                 ; Stuck at GND due to stuck port data_in                                                                                       ;
; CORTEXM3INTEGRATIONDS:u_CORTEXM3INTEGRATION|cortexm3ds_logic:u_cortexm3ds_logic|Ukqs07                                 ; Stuck at GND due to stuck port data_in                                                                                       ;
; CORTEXM3INTEGRATIONDS:u_CORTEXM3INTEGRATION|cortexm3ds_logic:u_cortexm3ds_logic|Tmqs07                                 ; Stuck at GND due to stuck port data_in                                                                                       ;
; CORTEXM3INTEGRATIONDS:u_CORTEXM3INTEGRATION|cortexm3ds_logic:u_cortexm3ds_logic|Soqs07                                 ; Stuck at GND due to stuck port data_in                                                                                       ;
; CORTEXM3INTEGRATIONDS:u_CORTEXM3INTEGRATION|cortexm3ds_logic:u_cortexm3ds_logic|Rqqs07                                 ; Stuck at GND due to stuck port data_in                                                                                       ;
; CORTEXM3INTEGRATIONDS:u_CORTEXM3INTEGRATION|cortexm3ds_logic:u_cortexm3ds_logic|Qsqs07                                 ; Stuck at GND due to stuck port data_in                                                                                       ;
; CORTEXM3INTEGRATIONDS:u_CORTEXM3INTEGRATION|cortexm3ds_logic:u_cortexm3ds_logic|Puqs07                                 ; Stuck at GND due to stuck port data_in                                                                                       ;
; CORTEXM3INTEGRATIONDS:u_CORTEXM3INTEGRATION|cortexm3ds_logic:u_cortexm3ds_logic|Owqs07                                 ; Stuck at GND due to stuck port data_in                                                                                       ;
; CORTEXM3INTEGRATIONDS:u_CORTEXM3INTEGRATION|cortexm3ds_logic:u_cortexm3ds_logic|Nyqs07                                 ; Stuck at GND due to stuck port data_in                                                                                       ;
; CORTEXM3INTEGRATIONDS:u_CORTEXM3INTEGRATION|cortexm3ds_logic:u_cortexm3ds_logic|M0rs07                                 ; Stuck at GND due to stuck port data_in                                                                                       ;
; CORTEXM3INTEGRATIONDS:u_CORTEXM3INTEGRATION|cortexm3ds_logic:u_cortexm3ds_logic|L2rs07                                 ; Stuck at GND due to stuck port data_in                                                                                       ;
; CORTEXM3INTEGRATIONDS:u_CORTEXM3INTEGRATION|cortexm3ds_logic:u_cortexm3ds_logic|K4rs07                                 ; Stuck at GND due to stuck port data_in                                                                                       ;
; CORTEXM3INTEGRATIONDS:u_CORTEXM3INTEGRATION|cortexm3ds_logic:u_cortexm3ds_logic|I6rs07                                 ; Stuck at GND due to stuck port data_in                                                                                       ;
; CORTEXM3INTEGRATIONDS:u_CORTEXM3INTEGRATION|cortexm3ds_logic:u_cortexm3ds_logic|G8rs07                                 ; Stuck at GND due to stuck port data_in                                                                                       ;
; CORTEXM3INTEGRATIONDS:u_CORTEXM3INTEGRATION|cortexm3ds_logic:u_cortexm3ds_logic|Ears07                                 ; Stuck at GND due to stuck port data_in                                                                                       ;
; CORTEXM3INTEGRATIONDS:u_CORTEXM3INTEGRATION|cortexm3ds_logic:u_cortexm3ds_logic|Ccrs07                                 ; Stuck at GND due to stuck port data_in                                                                                       ;
; CORTEXM3INTEGRATIONDS:u_CORTEXM3INTEGRATION|cortexm3ds_logic:u_cortexm3ds_logic|Aers07                                 ; Stuck at GND due to stuck port data_in                                                                                       ;
; CORTEXM3INTEGRATIONDS:u_CORTEXM3INTEGRATION|cortexm3ds_logic:u_cortexm3ds_logic|Yfrs07                                 ; Stuck at GND due to stuck port data_in                                                                                       ;
; CORTEXM3INTEGRATIONDS:u_CORTEXM3INTEGRATION|cortexm3ds_logic:u_cortexm3ds_logic|Whrs07                                 ; Stuck at GND due to stuck port data_in                                                                                       ;
; CORTEXM3INTEGRATIONDS:u_CORTEXM3INTEGRATION|cortexm3ds_logic:u_cortexm3ds_logic|C5ts07                                 ; Stuck at GND due to stuck port clock                                                                                         ;
; CORTEXM3INTEGRATIONDS:u_CORTEXM3INTEGRATION|cortexm3ds_logic:u_cortexm3ds_logic|P7ts07                                 ; Stuck at GND due to stuck port clock                                                                                         ;
; CORTEXM3INTEGRATIONDS:u_CORTEXM3INTEGRATION|cortexm3ds_logic:u_cortexm3ds_logic|Cats07                                 ; Stuck at GND due to stuck port clock                                                                                         ;
; CORTEXM3INTEGRATIONDS:u_CORTEXM3INTEGRATION|cortexm3ds_logic:u_cortexm3ds_logic|Fcts07                                 ; Stuck at GND due to stuck port clock                                                                                         ;
; CORTEXM3INTEGRATIONDS:u_CORTEXM3INTEGRATION|cortexm3ds_logic:u_cortexm3ds_logic|Dets07                                 ; Stuck at GND due to stuck port clock                                                                                         ;
; CORTEXM3INTEGRATIONDS:u_CORTEXM3INTEGRATION|cortexm3ds_logic:u_cortexm3ds_logic|Bgts07                                 ; Stuck at GND due to stuck port clock                                                                                         ;
; CORTEXM3INTEGRATIONDS:u_CORTEXM3INTEGRATION|cortexm3ds_logic:u_cortexm3ds_logic|Zhts07                                 ; Stuck at GND due to stuck port clock                                                                                         ;
; CORTEXM3INTEGRATIONDS:u_CORTEXM3INTEGRATION|cortexm3ds_logic:u_cortexm3ds_logic|Xjts07                                 ; Stuck at GND due to stuck port clock                                                                                         ;
; CORTEXM3INTEGRATIONDS:u_CORTEXM3INTEGRATION|cortexm3ds_logic:u_cortexm3ds_logic|Vlts07                                 ; Stuck at GND due to stuck port clock                                                                                         ;
; CORTEXM3INTEGRATIONDS:u_CORTEXM3INTEGRATION|cortexm3ds_logic:u_cortexm3ds_logic|Tnts07                                 ; Stuck at GND due to stuck port clock                                                                                         ;
; CORTEXM3INTEGRATIONDS:u_CORTEXM3INTEGRATION|cortexm3ds_logic:u_cortexm3ds_logic|Rpts07                                 ; Stuck at GND due to stuck port clock                                                                                         ;
; CORTEXM3INTEGRATIONDS:u_CORTEXM3INTEGRATION|cortexm3ds_logic:u_cortexm3ds_logic|Prts07                                 ; Stuck at GND due to stuck port clock                                                                                         ;
; CORTEXM3INTEGRATIONDS:u_CORTEXM3INTEGRATION|cortexm3ds_logic:u_cortexm3ds_logic|Ntts07                                 ; Stuck at GND due to stuck port clock                                                                                         ;
; CORTEXM3INTEGRATIONDS:u_CORTEXM3INTEGRATION|cortexm3ds_logic:u_cortexm3ds_logic|Mvts07                                 ; Stuck at GND due to stuck port clock                                                                                         ;
; CORTEXM3INTEGRATIONDS:u_CORTEXM3INTEGRATION|cortexm3ds_logic:u_cortexm3ds_logic|Lxts07                                 ; Stuck at GND due to stuck port clock                                                                                         ;
; CORTEXM3INTEGRATIONDS:u_CORTEXM3INTEGRATION|cortexm3ds_logic:u_cortexm3ds_logic|Thus07                                 ; Stuck at GND due to stuck port clock                                                                                         ;
; CORTEXM3INTEGRATIONDS:u_CORTEXM3INTEGRATION|cortexm3ds_logic:u_cortexm3ds_logic|Mkus07                                 ; Stuck at GND due to stuck port clock                                                                                         ;
; CORTEXM3INTEGRATIONDS:u_CORTEXM3INTEGRATION|cortexm3ds_logic:u_cortexm3ds_logic|Xzus07                                 ; Stuck at GND due to stuck port clock                                                                                         ;
; CORTEXM3INTEGRATIONDS:u_CORTEXM3INTEGRATION|cortexm3ds_logic:u_cortexm3ds_logic|Q2vs07                                 ; Stuck at GND due to stuck port clock                                                                                         ;
; CORTEXM3INTEGRATIONDS:u_CORTEXM3INTEGRATION|cortexm3ds_logic:u_cortexm3ds_logic|Uyvs07                                 ; Stuck at GND due to stuck port clock                                                                                         ;
; CORTEXM3INTEGRATIONDS:u_CORTEXM3INTEGRATION|cortexm3ds_logic:u_cortexm3ds_logic|N1ws07                                 ; Stuck at GND due to stuck port clock                                                                                         ;
; CORTEXM3INTEGRATIONDS:u_CORTEXM3INTEGRATION|cortexm3ds_logic:u_cortexm3ds_logic|Tmt917                                 ; Stuck at GND due to stuck port clock                                                                                         ;
; CORTEXM3INTEGRATIONDS:u_CORTEXM3INTEGRATION|cortexm3ds_logic:u_cortexm3ds_logic|Ipt917                                 ; Stuck at GND due to stuck port clock                                                                                         ;
; CORTEXM3INTEGRATIONDS:u_CORTEXM3INTEGRATION|cortexm3ds_logic:u_cortexm3ds_logic|Xrt917                                 ; Stuck at VCC due to stuck port clock                                                                                         ;
; CORTEXM3INTEGRATIONDS:u_CORTEXM3INTEGRATION|cortexm3ds_logic:u_cortexm3ds_logic|Myt917                                 ; Stuck at GND due to stuck port clock                                                                                         ;
; CORTEXM3INTEGRATIONDS:u_CORTEXM3INTEGRATION|cortexm3ds_logic:u_cortexm3ds_logic|K0u917                                 ; Stuck at GND due to stuck port clock                                                                                         ;
; CORTEXM3INTEGRATIONDS:u_CORTEXM3INTEGRATION|cortexm3ds_logic:u_cortexm3ds_logic|X2u917                                 ; Stuck at GND due to stuck port data_in                                                                                       ;
; CORTEXM3INTEGRATIONDS:u_CORTEXM3INTEGRATION|cortexm3ds_logic:u_cortexm3ds_logic|N5u917                                 ; Stuck at GND due to stuck port data_in                                                                                       ;
; CORTEXM3INTEGRATIONDS:u_CORTEXM3INTEGRATION|cortexm3ds_logic:u_cortexm3ds_logic|D8u917                                 ; Stuck at GND due to stuck port clock                                                                                         ;
; CORTEXM3INTEGRATIONDS:u_CORTEXM3INTEGRATION|cortexm3ds_logic:u_cortexm3ds_logic|Qau917                                 ; Stuck at GND due to stuck port data_in                                                                                       ;
; CORTEXM3INTEGRATIONDS:u_CORTEXM3INTEGRATION|cortexm3ds_logic:u_cortexm3ds_logic|Gdu917                                 ; Stuck at GND due to stuck port data_in                                                                                       ;
; CORTEXM3INTEGRATIONDS:u_CORTEXM3INTEGRATION|cortexm3ds_logic:u_cortexm3ds_logic|Wfu917                                 ; Stuck at GND due to stuck port clock                                                                                         ;
; CORTEXM3INTEGRATIONDS:u_CORTEXM3INTEGRATION|cortexm3ds_logic:u_cortexm3ds_logic|Jiu917                                 ; Stuck at GND due to stuck port data_in                                                                                       ;
; CORTEXM3INTEGRATIONDS:u_CORTEXM3INTEGRATION|cortexm3ds_logic:u_cortexm3ds_logic|Zku917                                 ; Stuck at GND due to stuck port data_in                                                                                       ;
; CORTEXM3INTEGRATIONDS:u_CORTEXM3INTEGRATION|cortexm3ds_logic:u_cortexm3ds_logic|Pnu917                                 ; Stuck at GND due to stuck port clock                                                                                         ;
; CORTEXM3INTEGRATIONDS:u_CORTEXM3INTEGRATION|cortexm3ds_logic:u_cortexm3ds_logic|Opu917                                 ; Stuck at GND due to stuck port clock                                                                                         ;
; CORTEXM3INTEGRATIONDS:u_CORTEXM3INTEGRATION|cortexm3ds_logic:u_cortexm3ds_logic|Mru917                                 ; Stuck at GND due to stuck port clock                                                                                         ;
; CORTEXM3INTEGRATIONDS:u_CORTEXM3INTEGRATION|cortexm3ds_logic:u_cortexm3ds_logic|Ktu917                                 ; Stuck at GND due to stuck port data_in                                                                                       ;
; CORTEXM3INTEGRATIONDS:u_CORTEXM3INTEGRATION|cortexm3ds_logic:u_cortexm3ds_logic|Yvu917                                 ; Stuck at GND due to stuck port data_in                                                                                       ;
; CORTEXM3INTEGRATIONDS:u_CORTEXM3INTEGRATION|cortexm3ds_logic:u_cortexm3ds_logic|N0v917                                 ; Stuck at GND due to stuck port clock                                                                                         ;
; CORTEXM3INTEGRATIONDS:u_CORTEXM3INTEGRATION|cortexm3ds_logic:u_cortexm3ds_logic|F3v917                                 ; Stuck at GND due to stuck port clock                                                                                         ;
; CORTEXM3INTEGRATIONDS:u_CORTEXM3INTEGRATION|cortexm3ds_logic:u_cortexm3ds_logic|X5v917                                 ; Stuck at GND due to stuck port clock                                                                                         ;
; CORTEXM3INTEGRATIONDS:u_CORTEXM3INTEGRATION|cortexm3ds_logic:u_cortexm3ds_logic|R7v917                                 ; Stuck at VCC due to stuck port clock                                                                                         ;
; CORTEXM3INTEGRATIONDS:u_CORTEXM3INTEGRATION|cortexm3ds_logic:u_cortexm3ds_logic|J9v917                                 ; Stuck at GND due to stuck port clock                                                                                         ;
; CORTEXM3INTEGRATIONDS:u_CORTEXM3INTEGRATION|cortexm3ds_logic:u_cortexm3ds_logic|Ebv917                                 ; Stuck at GND due to stuck port clock                                                                                         ;
; CORTEXM3INTEGRATIONDS:u_CORTEXM3INTEGRATION|cortexm3ds_logic:u_cortexm3ds_logic|Rdv917                                 ; Stuck at GND due to stuck port data_in                                                                                       ;
; CORTEXM3INTEGRATIONDS:u_CORTEXM3INTEGRATION|cortexm3ds_logic:u_cortexm3ds_logic|Hgv917                                 ; Stuck at GND due to stuck port data_in                                                                                       ;
; CORTEXM3INTEGRATIONDS:u_CORTEXM3INTEGRATION|cortexm3ds_logic:u_cortexm3ds_logic|Xiv917                                 ; Stuck at GND due to stuck port clock                                                                                         ;
; CORTEXM3INTEGRATIONDS:u_CORTEXM3INTEGRATION|cortexm3ds_logic:u_cortexm3ds_logic|Klv917                                 ; Stuck at GND due to stuck port data_in                                                                                       ;
; CORTEXM3INTEGRATIONDS:u_CORTEXM3INTEGRATION|cortexm3ds_logic:u_cortexm3ds_logic|Aov917                                 ; Stuck at GND due to stuck port data_in                                                                                       ;
; CORTEXM3INTEGRATIONDS:u_CORTEXM3INTEGRATION|cortexm3ds_logic:u_cortexm3ds_logic|Qqv917                                 ; Stuck at GND due to stuck port clock                                                                                         ;
; CORTEXM3INTEGRATIONDS:u_CORTEXM3INTEGRATION|cortexm3ds_logic:u_cortexm3ds_logic|Dtv917                                 ; Stuck at GND due to stuck port data_in                                                                                       ;
; CORTEXM3INTEGRATIONDS:u_CORTEXM3INTEGRATION|cortexm3ds_logic:u_cortexm3ds_logic|Tvv917                                 ; Stuck at GND due to stuck port data_in                                                                                       ;
; CORTEXM3INTEGRATIONDS:u_CORTEXM3INTEGRATION|cortexm3ds_logic:u_cortexm3ds_logic|Jyv917                                 ; Stuck at GND due to stuck port clock                                                                                         ;
; CORTEXM3INTEGRATIONDS:u_CORTEXM3INTEGRATION|cortexm3ds_logic:u_cortexm3ds_logic|J0w917                                 ; Stuck at VCC due to stuck port clock                                                                                         ;
; CORTEXM3INTEGRATIONDS:u_CORTEXM3INTEGRATION|cortexm3ds_logic:u_cortexm3ds_logic|G2w917                                 ; Stuck at GND due to stuck port clock                                                                                         ;
; CORTEXM3INTEGRATIONDS:u_CORTEXM3INTEGRATION|cortexm3ds_logic:u_cortexm3ds_logic|G4w917                                 ; Stuck at GND due to stuck port clock                                                                                         ;
; CORTEXM3INTEGRATIONDS:u_CORTEXM3INTEGRATION|cortexm3ds_logic:u_cortexm3ds_logic|D6w917                                 ; Stuck at GND due to stuck port clock                                                                                         ;
; CORTEXM3INTEGRATIONDS:u_CORTEXM3INTEGRATION|cortexm3ds_logic:u_cortexm3ds_logic|A8w917                                 ; Stuck at GND due to stuck port clock                                                                                         ;
; CORTEXM3INTEGRATIONDS:u_CORTEXM3INTEGRATION|cortexm3ds_logic:u_cortexm3ds_logic|X9w917                                 ; Stuck at GND due to stuck port clock                                                                                         ;
; CORTEXM3INTEGRATIONDS:u_CORTEXM3INTEGRATION|cortexm3ds_logic:u_cortexm3ds_logic|Rbw917                                 ; Stuck at GND due to stuck port clock                                                                                         ;
; CORTEXM3INTEGRATIONDS:u_CORTEXM3INTEGRATION|cortexm3ds_logic:u_cortexm3ds_logic|Ndw917                                 ; Stuck at GND due to stuck port clock                                                                                         ;
; CORTEXM3INTEGRATIONDS:u_CORTEXM3INTEGRATION|cortexm3ds_logic:u_cortexm3ds_logic|Jfw917                                 ; Stuck at GND due to stuck port clock                                                                                         ;
; CORTEXM3INTEGRATIONDS:u_CORTEXM3INTEGRATION|cortexm3ds_logic:u_cortexm3ds_logic|Fhw917                                 ; Stuck at GND due to stuck port clock                                                                                         ;
; CORTEXM3INTEGRATIONDS:u_CORTEXM3INTEGRATION|cortexm3ds_logic:u_cortexm3ds_logic|Bjw917                                 ; Stuck at GND due to stuck port clock                                                                                         ;
; CORTEXM3INTEGRATIONDS:u_CORTEXM3INTEGRATION|cortexm3ds_logic:u_cortexm3ds_logic|Ykw917                                 ; Stuck at GND due to stuck port clock                                                                                         ;
; CORTEXM3INTEGRATIONDS:u_CORTEXM3INTEGRATION|cortexm3ds_logic:u_cortexm3ds_logic|Smw917                                 ; Stuck at GND due to stuck port clock                                                                                         ;
; CORTEXM3INTEGRATIONDS:u_CORTEXM3INTEGRATION|cortexm3ds_logic:u_cortexm3ds_logic|Pow917                                 ; Stuck at GND due to stuck port clock                                                                                         ;
; CORTEXM3INTEGRATIONDS:u_CORTEXM3INTEGRATION|cortexm3ds_logic:u_cortexm3ds_logic|Qqw917                                 ; Stuck at GND due to stuck port clock                                                                                         ;
; CORTEXM3INTEGRATIONDS:u_CORTEXM3INTEGRATION|cortexm3ds_logic:u_cortexm3ds_logic|Rsw917                                 ; Stuck at GND due to stuck port clock                                                                                         ;
; CORTEXM3INTEGRATIONDS:u_CORTEXM3INTEGRATION|cortexm3ds_logic:u_cortexm3ds_logic|Suw917                                 ; Stuck at GND due to stuck port clock                                                                                         ;
; CORTEXM3INTEGRATIONDS:u_CORTEXM3INTEGRATION|cortexm3ds_logic:u_cortexm3ds_logic|Tww917                                 ; Stuck at GND due to stuck port clock                                                                                         ;
; CORTEXM3INTEGRATIONDS:u_CORTEXM3INTEGRATION|cortexm3ds_logic:u_cortexm3ds_logic|Oyw917                                 ; Stuck at GND due to stuck port clock                                                                                         ;
; CORTEXM3INTEGRATIONDS:u_CORTEXM3INTEGRATION|cortexm3ds_logic:u_cortexm3ds_logic|O0x917                                 ; Stuck at GND due to stuck port clock                                                                                         ;
; CORTEXM3INTEGRATIONDS:u_CORTEXM3INTEGRATION|cortexm3ds_logic:u_cortexm3ds_logic|O2x917                                 ; Stuck at GND due to stuck port clock                                                                                         ;
; CORTEXM3INTEGRATIONDS:u_CORTEXM3INTEGRATION|cortexm3ds_logic:u_cortexm3ds_logic|O4x917                                 ; Stuck at VCC due to stuck port clock                                                                                         ;
; CORTEXM3INTEGRATIONDS:u_CORTEXM3INTEGRATION|cortexm3ds_logic:u_cortexm3ds_logic|Zox917                                 ; Stuck at GND due to stuck port clock                                                                                         ;
; CORTEXM3INTEGRATIONDS:u_CORTEXM3INTEGRATION|cortexm3ds_logic:u_cortexm3ds_logic|Wqx917                                 ; Stuck at VCC due to stuck port clock                                                                                         ;
; CORTEXM3INTEGRATIONDS:u_CORTEXM3INTEGRATION|cortexm3ds_logic:u_cortexm3ds_logic|Osx917                                 ; Stuck at GND due to stuck port clock                                                                                         ;
; CORTEXM3INTEGRATIONDS:u_CORTEXM3INTEGRATION|cortexm3ds_logic:u_cortexm3ds_logic|Q0ua17                                 ; Stuck at GND due to stuck port data_in                                                                                       ;
; CORTEXM3INTEGRATIONDS:u_CORTEXM3INTEGRATION|cortexm3ds_logic:u_cortexm3ds_logic|L2ua17                                 ; Stuck at GND due to stuck port data_in                                                                                       ;
; CORTEXM3INTEGRATIONDS:u_CORTEXM3INTEGRATION|cortexm3ds_logic:u_cortexm3ds_logic|H4ua17                                 ; Stuck at GND due to stuck port data_in                                                                                       ;
; CORTEXM3INTEGRATIONDS:u_CORTEXM3INTEGRATION|cortexm3ds_logic:u_cortexm3ds_logic|D6ua17                                 ; Stuck at GND due to stuck port data_in                                                                                       ;
; CORTEXM3INTEGRATIONDS:u_CORTEXM3INTEGRATION|cortexm3ds_logic:u_cortexm3ds_logic|Z7ua17                                 ; Stuck at GND due to stuck port data_in                                                                                       ;
; CORTEXM3INTEGRATIONDS:u_CORTEXM3INTEGRATION|cortexm3ds_logic:u_cortexm3ds_logic|V9ua17                                 ; Stuck at GND due to stuck port data_in                                                                                       ;
; CORTEXM3INTEGRATIONDS:u_CORTEXM3INTEGRATION|cortexm3ds_logic:u_cortexm3ds_logic|Rbua17                                 ; Stuck at GND due to stuck port data_in                                                                                       ;
; CORTEXM3INTEGRATIONDS:u_CORTEXM3INTEGRATION|cortexm3ds_logic:u_cortexm3ds_logic|Ndua17                                 ; Stuck at GND due to stuck port data_in                                                                                       ;
; CORTEXM3INTEGRATIONDS:u_CORTEXM3INTEGRATION|cortexm3ds_logic:u_cortexm3ds_logic|Jfua17                                 ; Stuck at GND due to stuck port data_in                                                                                       ;
; CORTEXM3INTEGRATIONDS:u_CORTEXM3INTEGRATION|cortexm3ds_logic:u_cortexm3ds_logic|Fhua17                                 ; Stuck at GND due to stuck port data_in                                                                                       ;
; CORTEXM3INTEGRATIONDS:u_CORTEXM3INTEGRATION|cortexm3ds_logic:u_cortexm3ds_logic|Bjua17                                 ; Stuck at GND due to stuck port data_in                                                                                       ;
; CORTEXM3INTEGRATIONDS:u_CORTEXM3INTEGRATION|cortexm3ds_logic:u_cortexm3ds_logic|Xkua17                                 ; Stuck at GND due to stuck port data_in                                                                                       ;
; CORTEXM3INTEGRATIONDS:u_CORTEXM3INTEGRATION|cortexm3ds_logic:u_cortexm3ds_logic|Tmua17                                 ; Stuck at GND due to stuck port data_in                                                                                       ;
; CORTEXM3INTEGRATIONDS:u_CORTEXM3INTEGRATION|cortexm3ds_logic:u_cortexm3ds_logic|Poua17                                 ; Stuck at GND due to stuck port data_in                                                                                       ;
; CORTEXM3INTEGRATIONDS:u_CORTEXM3INTEGRATION|cortexm3ds_logic:u_cortexm3ds_logic|Lqua17                                 ; Stuck at GND due to stuck port data_in                                                                                       ;
; CORTEXM3INTEGRATIONDS:u_CORTEXM3INTEGRATION|cortexm3ds_logic:u_cortexm3ds_logic|Hsua17                                 ; Stuck at GND due to stuck port data_in                                                                                       ;
; CORTEXM3INTEGRATIONDS:u_CORTEXM3INTEGRATION|cortexm3ds_logic:u_cortexm3ds_logic|Duua17                                 ; Stuck at GND due to stuck port data_in                                                                                       ;
; CORTEXM3INTEGRATIONDS:u_CORTEXM3INTEGRATION|cortexm3ds_logic:u_cortexm3ds_logic|Zvua17                                 ; Stuck at GND due to stuck port data_in                                                                                       ;
; CORTEXM3INTEGRATIONDS:u_CORTEXM3INTEGRATION|cortexm3ds_logic:u_cortexm3ds_logic|Vxua17                                 ; Stuck at GND due to stuck port data_in                                                                                       ;
; CORTEXM3INTEGRATIONDS:u_CORTEXM3INTEGRATION|cortexm3ds_logic:u_cortexm3ds_logic|Rzua17                                 ; Stuck at GND due to stuck port data_in                                                                                       ;
; CORTEXM3INTEGRATIONDS:u_CORTEXM3INTEGRATION|cortexm3ds_logic:u_cortexm3ds_logic|N1va17                                 ; Stuck at GND due to stuck port data_in                                                                                       ;
; CORTEXM3INTEGRATIONDS:u_CORTEXM3INTEGRATION|cortexm3ds_logic:u_cortexm3ds_logic|J3va17                                 ; Stuck at GND due to stuck port data_in                                                                                       ;
; CORTEXM3INTEGRATIONDS:u_CORTEXM3INTEGRATION|cortexm3ds_logic:u_cortexm3ds_logic|F5va17                                 ; Stuck at GND due to stuck port data_in                                                                                       ;
; CORTEXM3INTEGRATIONDS:u_CORTEXM3INTEGRATION|cortexm3ds_logic:u_cortexm3ds_logic|B7va17                                 ; Stuck at GND due to stuck port data_in                                                                                       ;
; CORTEXM3INTEGRATIONDS:u_CORTEXM3INTEGRATION|cortexm3ds_logic:u_cortexm3ds_logic|X8va17                                 ; Stuck at GND due to stuck port data_in                                                                                       ;
; CORTEXM3INTEGRATIONDS:u_CORTEXM3INTEGRATION|cortexm3ds_logic:u_cortexm3ds_logic|Tava17                                 ; Stuck at GND due to stuck port data_in                                                                                       ;
; CORTEXM3INTEGRATIONDS:u_CORTEXM3INTEGRATION|cortexm3ds_logic:u_cortexm3ds_logic|Pcva17                                 ; Stuck at GND due to stuck port data_in                                                                                       ;
; CORTEXM3INTEGRATIONDS:u_CORTEXM3INTEGRATION|cortexm3ds_logic:u_cortexm3ds_logic|Leva17                                 ; Stuck at GND due to stuck port data_in                                                                                       ;
; CORTEXM3INTEGRATIONDS:u_CORTEXM3INTEGRATION|cortexm3ds_logic:u_cortexm3ds_logic|Hgva17                                 ; Stuck at GND due to stuck port data_in                                                                                       ;
; CORTEXM3INTEGRATIONDS:u_CORTEXM3INTEGRATION|cortexm3ds_logic:u_cortexm3ds_logic|Diva17                                 ; Stuck at GND due to stuck port data_in                                                                                       ;
; CORTEXM3INTEGRATIONDS:u_CORTEXM3INTEGRATION|cortexm3ds_logic:u_cortexm3ds_logic|Zjva17                                 ; Stuck at GND due to stuck port data_in                                                                                       ;
; CORTEXM3INTEGRATIONDS:u_CORTEXM3INTEGRATION|cortexm3ds_logic:u_cortexm3ds_logic|Vlva17                                 ; Stuck at GND due to stuck port data_in                                                                                       ;
; CORTEXM3INTEGRATIONDS:u_CORTEXM3INTEGRATION|cortexm3ds_logic:u_cortexm3ds_logic|Rnva17                                 ; Stuck at GND due to stuck port data_in                                                                                       ;
; CORTEXM3INTEGRATIONDS:u_CORTEXM3INTEGRATION|cortexm3ds_logic:u_cortexm3ds_logic|Npva17                                 ; Stuck at GND due to stuck port data_in                                                                                       ;
; CORTEXM3INTEGRATIONDS:u_CORTEXM3INTEGRATION|cortexm3ds_logic:u_cortexm3ds_logic|Jrva17                                 ; Stuck at GND due to stuck port data_in                                                                                       ;
; CORTEXM3INTEGRATIONDS:u_CORTEXM3INTEGRATION|cortexm3ds_logic:u_cortexm3ds_logic|Ftva17                                 ; Stuck at GND due to stuck port data_in                                                                                       ;
; CORTEXM3INTEGRATIONDS:u_CORTEXM3INTEGRATION|cortexm3ds_logic:u_cortexm3ds_logic|Bvva17                                 ; Stuck at GND due to stuck port data_in                                                                                       ;
; CORTEXM3INTEGRATIONDS:u_CORTEXM3INTEGRATION|cortexm3ds_logic:u_cortexm3ds_logic|Xwva17                                 ; Stuck at GND due to stuck port data_in                                                                                       ;
; CORTEXM3INTEGRATIONDS:u_CORTEXM3INTEGRATION|cortexm3ds_logic:u_cortexm3ds_logic|Tyva17                                 ; Stuck at GND due to stuck port data_in                                                                                       ;
; CORTEXM3INTEGRATIONDS:u_CORTEXM3INTEGRATION|cortexm3ds_logic:u_cortexm3ds_logic|P0wa17                                 ; Stuck at GND due to stuck port data_in                                                                                       ;
; CORTEXM3INTEGRATIONDS:u_CORTEXM3INTEGRATION|cortexm3ds_logic:u_cortexm3ds_logic|K2wa17                                 ; Stuck at GND due to stuck port data_in                                                                                       ;
; CORTEXM3INTEGRATIONDS:u_CORTEXM3INTEGRATION|cortexm3ds_logic:u_cortexm3ds_logic|F4wa17                                 ; Stuck at GND due to stuck port data_in                                                                                       ;
; CORTEXM3INTEGRATIONDS:u_CORTEXM3INTEGRATION|cortexm3ds_logic:u_cortexm3ds_logic|A6wa17                                 ; Stuck at GND due to stuck port data_in                                                                                       ;
; CORTEXM3INTEGRATIONDS:u_CORTEXM3INTEGRATION|cortexm3ds_logic:u_cortexm3ds_logic|V7wa17                                 ; Stuck at GND due to stuck port data_in                                                                                       ;
; CORTEXM3INTEGRATIONDS:u_CORTEXM3INTEGRATION|cortexm3ds_logic:u_cortexm3ds_logic|Q9wa17                                 ; Stuck at GND due to stuck port data_in                                                                                       ;
; CORTEXM3INTEGRATIONDS:u_CORTEXM3INTEGRATION|cortexm3ds_logic:u_cortexm3ds_logic|Lbwa17                                 ; Stuck at GND due to stuck port data_in                                                                                       ;
; CORTEXM3INTEGRATIONDS:u_CORTEXM3INTEGRATION|cortexm3ds_logic:u_cortexm3ds_logic|Gdwa17                                 ; Stuck at GND due to stuck port data_in                                                                                       ;
; CORTEXM3INTEGRATIONDS:u_CORTEXM3INTEGRATION|cortexm3ds_logic:u_cortexm3ds_logic|Bfwa17                                 ; Stuck at GND due to stuck port data_in                                                                                       ;
; CORTEXM3INTEGRATIONDS:u_CORTEXM3INTEGRATION|cortexm3ds_logic:u_cortexm3ds_logic|X67m17                                 ; Stuck at GND due to stuck port clock                                                                                         ;
; CORTEXM3INTEGRATIONDS:u_CORTEXM3INTEGRATION|cortexm3ds_logic:u_cortexm3ds_logic|Z47m17                                 ; Lost fanout                                                                                                                  ;
; CORTEXM3INTEGRATIONDS:u_CORTEXM3INTEGRATION|cortexm3ds_logic:u_cortexm3ds_logic|L8im17                                 ; Stuck at GND due to stuck port clock                                                                                         ;
; CORTEXM3INTEGRATIONDS:u_CORTEXM3INTEGRATION|cortexm3ds_logic:u_cortexm3ds_logic|Rrba17                                 ; Lost fanout                                                                                                                  ;
; CORTEXM3INTEGRATIONDS:u_CORTEXM3INTEGRATION|cortexm3ds_logic:u_cortexm3ds_logic|Xrjm17                                 ; Stuck at GND due to stuck port clock                                                                                         ;
; CORTEXM3INTEGRATIONDS:u_CORTEXM3INTEGRATION|cortexm3ds_logic:u_cortexm3ds_logic|Trya17                                 ; Lost fanout                                                                                                                  ;
; CORTEXM3INTEGRATIONDS:u_CORTEXM3INTEGRATION|cortexm3ds_logic:u_cortexm3ds_logic|Vtlm17                                 ; Stuck at GND due to stuck port clock                                                                                         ;
; CORTEXM3INTEGRATIONDS:u_CORTEXM3INTEGRATION|cortexm3ds_logic:u_cortexm3ds_logic|Tq4b17                                 ; Lost fanout                                                                                                                  ;
; CORTEXM3INTEGRATIONDS:u_CORTEXM3INTEGRATION|cortexm3ds_logic:u_cortexm3ds_logic|Y6qm17                                 ; Stuck at GND due to stuck port clock                                                                                         ;
; CORTEXM3INTEGRATIONDS:u_CORTEXM3INTEGRATION|cortexm3ds_logic:u_cortexm3ds_logic|Z8qm17                                 ; Stuck at GND due to stuck port clock                                                                                         ;
; CORTEXM3INTEGRATIONDS:u_CORTEXM3INTEGRATION|cortexm3ds_logic:u_cortexm3ds_logic|Xaqm17                                 ; Stuck at GND due to stuck port clock                                                                                         ;
; CORTEXM3INTEGRATIONDS:u_CORTEXM3INTEGRATION|cortexm3ds_logic:u_cortexm3ds_logic|Wcqm17                                 ; Stuck at GND due to stuck port clock                                                                                         ;
; CORTEXM3INTEGRATIONDS:u_CORTEXM3INTEGRATION|cortexm3ds_logic:u_cortexm3ds_logic|Veqm17                                 ; Stuck at GND due to stuck port clock                                                                                         ;
; CORTEXM3INTEGRATIONDS:u_CORTEXM3INTEGRATION|cortexm3ds_logic:u_cortexm3ds_logic|Ugqm17                                 ; Stuck at GND due to stuck port clock                                                                                         ;
; CORTEXM3INTEGRATIONDS:u_CORTEXM3INTEGRATION|cortexm3ds_logic:u_cortexm3ds_logic|Tiqm17                                 ; Stuck at GND due to stuck port clock                                                                                         ;
; CORTEXM3INTEGRATIONDS:u_CORTEXM3INTEGRATION|cortexm3ds_logic:u_cortexm3ds_logic|Skqm17                                 ; Stuck at GND due to stuck port clock                                                                                         ;
; CORTEXM3INTEGRATIONDS:u_CORTEXM3INTEGRATION|cortexm3ds_logic:u_cortexm3ds_logic|Rmqm17                                 ; Stuck at GND due to stuck port clock                                                                                         ;
; CORTEXM3INTEGRATIONDS:u_CORTEXM3INTEGRATION|cortexm3ds_logic:u_cortexm3ds_logic|Qoqm17                                 ; Stuck at GND due to stuck port clock                                                                                         ;
; CORTEXM3INTEGRATIONDS:u_CORTEXM3INTEGRATION|cortexm3ds_logic:u_cortexm3ds_logic|Rqqm17                                 ; Stuck at GND due to stuck port clock                                                                                         ;
; CORTEXM3INTEGRATIONDS:u_CORTEXM3INTEGRATION|cortexm3ds_logic:u_cortexm3ds_logic|Ssqm17                                 ; Stuck at GND due to stuck port clock                                                                                         ;
; CORTEXM3INTEGRATIONDS:u_CORTEXM3INTEGRATION|cortexm3ds_logic:u_cortexm3ds_logic|Tuqm17                                 ; Stuck at GND due to stuck port clock                                                                                         ;
; CORTEXM3INTEGRATIONDS:u_CORTEXM3INTEGRATION|cortexm3ds_logic:u_cortexm3ds_logic|Syqm17                                 ; Stuck at GND due to stuck port clock                                                                                         ;
; CORTEXM3INTEGRATIONDS:u_CORTEXM3INTEGRATION|cortexm3ds_logic:u_cortexm3ds_logic|Dhtm17                                 ; Stuck at GND due to stuck port clock                                                                                         ;
; CORTEXM3INTEGRATIONDS:u_CORTEXM3INTEGRATION|cortexm3ds_logic:u_cortexm3ds_logic|Ma0b17                                 ; Lost fanout                                                                                                                  ;
; CORTEXM3INTEGRATIONDS:u_CORTEXM3INTEGRATION|cortexm3ds_logic:u_cortexm3ds_logic|Ejtm17                                 ; Stuck at GND due to stuck port clock                                                                                         ;
; CORTEXM3INTEGRATIONDS:u_CORTEXM3INTEGRATION|cortexm3ds_logic:u_cortexm3ds_logic|Gjvm17                                 ; Stuck at GND due to stuck port clock                                                                                         ;
; CORTEXM3INTEGRATIONDS:u_CORTEXM3INTEGRATION|cortexm3ds_logic:u_cortexm3ds_logic|Js7m17                                 ; Lost fanout                                                                                                                  ;
; CORTEXM3INTEGRATIONDS:u_CORTEXM3INTEGRATION|cortexm3ds_logic:u_cortexm3ds_logic|Hlvm17                                 ; Stuck at GND due to stuck port clock                                                                                         ;
; CORTEXM3INTEGRATIONDS:u_CORTEXM3INTEGRATION|cortexm3ds_logic:u_cortexm3ds_logic|Tbwm17                                 ; Stuck at GND due to stuck port clock                                                                                         ;
; CORTEXM3INTEGRATIONDS:u_CORTEXM3INTEGRATION|cortexm3ds_logic:u_cortexm3ds_logic|Rjwm17                                 ; Stuck at GND due to stuck port clock                                                                                         ;
; CORTEXM3INTEGRATIONDS:u_CORTEXM3INTEGRATION|cortexm3ds_logic:u_cortexm3ds_logic|Xrlm17                                 ; Lost fanout                                                                                                                  ;
; CORTEXM3INTEGRATIONDS:u_CORTEXM3INTEGRATION|cortexm3ds_logic:u_cortexm3ds_logic|Zpjm17                                 ; Lost fanout                                                                                                                  ;
; CORTEXM3INTEGRATIONDS:u_CORTEXM3INTEGRATION|cortexm3ds_logic:u_cortexm3ds_logic|Qxwa17                                 ; Lost fanout                                                                                                                  ;
; CORTEXM3INTEGRATIONDS:u_CORTEXM3INTEGRATION|cortexm3ds_logic:u_cortexm3ds_logic|Fftm17                                 ; Lost fanout                                                                                                                  ;
; CORTEXM3INTEGRATIONDS:u_CORTEXM3INTEGRATION|cortexm3ds_logic:u_cortexm3ds_logic|N6im17                                 ; Lost fanout                                                                                                                  ;
; CORTEXM3INTEGRATIONDS:u_CORTEXM3INTEGRATION|cortexm3ds_logic:u_cortexm3ds_logic|Ihvm17                                 ; Lost fanout                                                                                                                  ;
; CORTEXM3INTEGRATIONDS:u_CORTEXM3INTEGRATION|cortexm3ds_logic:u_cortexm3ds_logic|Udwm17                                 ; Stuck at GND due to stuck port clock                                                                                         ;
; BusMatrix3x3:u_BusMatrix3x3|OutputStage:u_outputstage_2|slave_sel                                                      ; Lost fanout                                                                                                                  ;
; BusMatrix3x3:u_BusMatrix3x3|OutputStage:u_outputstage_0|slave_sel                                                      ; Lost fanout                                                                                                                  ;
; BusMatrix3x3:u_BusMatrix3x3|InputStage:u_InputStage_2|bound                                                            ; Lost fanout                                                                                                                  ;
; BusMatrix3x3:u_BusMatrix3x3|InputStage:u_InputStage_1|bound                                                            ; Stuck at GND due to stuck port data_in                                                                                       ;
; BusMatrix3x3:u_BusMatrix3x3|InputStage:u_InputStage_0|bound                                                            ; Stuck at GND due to stuck port data_in                                                                                       ;
; CORTEXM3INTEGRATIONDS:u_CORTEXM3INTEGRATION|cortexm3ds_logic:u_cortexm3ds_logic|Pc3t07                                 ; Lost fanout                                                                                                                  ;
; CORTEXM3INTEGRATIONDS:u_CORTEXM3INTEGRATION|cortexm3ds_logic:u_cortexm3ds_logic|Pa3t07                                 ; Lost fanout                                                                                                                  ;
; CORTEXM3INTEGRATIONDS:u_CORTEXM3INTEGRATION|cortexm3ds_logic:u_cortexm3ds_logic|Q83t07                                 ; Lost fanout                                                                                                                  ;
; CORTEXM3INTEGRATIONDS:u_CORTEXM3INTEGRATION|cortexm3ds_logic:u_cortexm3ds_logic|Utioz6                                 ; Stuck at GND due to stuck port data_in                                                                                       ;
; CORTEXM3INTEGRATIONDS:u_CORTEXM3INTEGRATION|cortexm3ds_logic:u_cortexm3ds_logic|Cngzz6                                 ; Stuck at GND due to stuck port data_in                                                                                       ;
; CORTEXM3INTEGRATIONDS:u_CORTEXM3INTEGRATION|cortexm3ds_logic:u_cortexm3ds_logic|S84g07                                 ; Stuck at GND due to stuck port data_in                                                                                       ;
; CORTEXM3INTEGRATIONDS:u_CORTEXM3INTEGRATION|cortexm3ds_logic:u_cortexm3ds_logic|Pkvnz6                                 ; Stuck at GND due to stuck port data_in                                                                                       ;
; CORTEXM3INTEGRATIONDS:u_CORTEXM3INTEGRATION|cortexm3ds_logic:u_cortexm3ds_logic|G3ts07                                 ; Lost fanout                                                                                                                  ;
; CORTEXM3INTEGRATIONDS:u_CORTEXM3INTEGRATION|cortexm3ds_logic:u_cortexm3ds_logic|J23t07                                 ; Lost fanout                                                                                                                  ;
; CORTEXM3INTEGRATIONDS:u_CORTEXM3INTEGRATION|cortexm3ds_logic:u_cortexm3ds_logic|Vkt917                                 ; Lost fanout                                                                                                                  ;
; CORTEXM3INTEGRATIONDS:u_CORTEXM3INTEGRATION|cortexm3ds_logic:u_cortexm3ds_logic|Qtt917                                 ; Lost fanout                                                                                                                  ;
; CORTEXM3INTEGRATIONDS:u_CORTEXM3INTEGRATION|cortexm3ds_logic:u_cortexm3ds_logic|Bwt917                                 ; Lost fanout                                                                                                                  ;
; CORTEXM3INTEGRATIONDS:u_CORTEXM3INTEGRATION|cortexm3ds_logic:u_cortexm3ds_logic|Myu917                                 ; Lost fanout                                                                                                                  ;
; spi_flash_apb_ctrl:u_spi_flash_apb_ctrl|erase_addr_reg[0..11]                                                          ; Stuck at GND due to stuck port data_in                                                                                       ;
; spi_flash_apb_ctrl:u_spi_flash_apb_ctrl|erase_last_addr_reg[0..11]                                                     ; Stuck at GND due to stuck port data_in                                                                                       ;
; BusMatrix3x3:u_BusMatrix3x3|InputStage:u_InputStage_2|burst_override                                                   ; Stuck at GND due to stuck port data_in                                                                                       ;
; BusMatrix3x3:u_BusMatrix3x3|InputStage:u_InputStage_2|reg_trans[1]                                                     ; Lost fanout                                                                                                                  ;
; cmsdk_apb_subsystem:u_apb_subsystem|gpio:gen_apb_gpio_0.u_gpio_0|gpio_apbif:x_gpio_apbif|int_gpio_swporta_ctl[0..6]    ; Merged with cmsdk_apb_subsystem:u_apb_subsystem|gpio:gen_apb_gpio_0.u_gpio_0|gpio_apbif:x_gpio_apbif|int_gpio_swporta_ctl[7] ;
; spi_flash_apb_ctrl:u_spi_flash_apb_ctrl|spi_module:u_spi_module|spi_sclk                                               ; Merged with spi_flash_apb_ctrl:u_spi_flash_apb_ctrl|spi_module:u_spi_module|half_phase_reg                                   ;
; CORTEXM3INTEGRATIONDS:u_CORTEXM3INTEGRATION|cortexm3ds_logic:u_cortexm3ds_logic|F2bnz6                                 ; Merged with CORTEXM3INTEGRATIONDS:u_CORTEXM3INTEGRATION|cortexm3ds_logic:u_cortexm3ds_logic|Zv9nz6                           ;
; CORTEXM3INTEGRATIONDS:u_CORTEXM3INTEGRATION|cortexm3ds_logic:u_cortexm3ds_logic|G3bnz6                                 ; Merged with CORTEXM3INTEGRATIONDS:u_CORTEXM3INTEGRATION|cortexm3ds_logic:u_cortexm3ds_logic|Zv9nz6                           ;
; CORTEXM3INTEGRATIONDS:u_CORTEXM3INTEGRATION|cortexm3ds_logic:u_cortexm3ds_logic|I5bnz6                                 ; Merged with CORTEXM3INTEGRATIONDS:u_CORTEXM3INTEGRATION|cortexm3ds_logic:u_cortexm3ds_logic|Zv9nz6                           ;
; CORTEXM3INTEGRATIONDS:u_CORTEXM3INTEGRATION|cortexm3ds_logic:u_cortexm3ds_logic|J6bnz6                                 ; Merged with CORTEXM3INTEGRATIONDS:u_CORTEXM3INTEGRATION|cortexm3ds_logic:u_cortexm3ds_logic|Zv9nz6                           ;
; CORTEXM3INTEGRATIONDS:u_CORTEXM3INTEGRATION|cortexm3ds_logic:u_cortexm3ds_logic|K7bnz6                                 ; Merged with CORTEXM3INTEGRATIONDS:u_CORTEXM3INTEGRATION|cortexm3ds_logic:u_cortexm3ds_logic|Zv9nz6                           ;
; CORTEXM3INTEGRATIONDS:u_CORTEXM3INTEGRATION|cortexm3ds_logic:u_cortexm3ds_logic|Wjbnz6                                 ; Merged with CORTEXM3INTEGRATIONDS:u_CORTEXM3INTEGRATION|cortexm3ds_logic:u_cortexm3ds_logic|Zv9nz6                           ;
; CORTEXM3INTEGRATIONDS:u_CORTEXM3INTEGRATION|cortexm3ds_logic:u_cortexm3ds_logic|M9bnz6                                 ; Merged with CORTEXM3INTEGRATIONDS:u_CORTEXM3INTEGRATION|cortexm3ds_logic:u_cortexm3ds_logic|Zv9nz6                           ;
; CORTEXM3INTEGRATIONDS:u_CORTEXM3INTEGRATION|cortexm3ds_logic:u_cortexm3ds_logic|D9anz6                                 ; Merged with CORTEXM3INTEGRATIONDS:u_CORTEXM3INTEGRATION|cortexm3ds_logic:u_cortexm3ds_logic|Zv9nz6                           ;
; CORTEXM3INTEGRATIONDS:u_CORTEXM3INTEGRATION|cortexm3ds_logic:u_cortexm3ds_logic|C8anz6                                 ; Merged with CORTEXM3INTEGRATIONDS:u_CORTEXM3INTEGRATION|cortexm3ds_logic:u_cortexm3ds_logic|Zv9nz6                           ;
; CORTEXM3INTEGRATIONDS:u_CORTEXM3INTEGRATION|cortexm3ds_logic:u_cortexm3ds_logic|Zmbnz6                                 ; Merged with CORTEXM3INTEGRATIONDS:u_CORTEXM3INTEGRATION|cortexm3ds_logic:u_cortexm3ds_logic|Zv9nz6                           ;
; CORTEXM3INTEGRATIONDS:u_CORTEXM3INTEGRATION|cortexm3ds_logic:u_cortexm3ds_logic|E1bnz6                                 ; Merged with CORTEXM3INTEGRATIONDS:u_CORTEXM3INTEGRATION|cortexm3ds_logic:u_cortexm3ds_logic|Zv9nz6                           ;
; CORTEXM3INTEGRATIONDS:u_CORTEXM3INTEGRATION|cortexm3ds_logic:u_cortexm3ds_logic|Obbnz6                                 ; Merged with CORTEXM3INTEGRATIONDS:u_CORTEXM3INTEGRATION|cortexm3ds_logic:u_cortexm3ds_logic|Zv9nz6                           ;
; CORTEXM3INTEGRATIONDS:u_CORTEXM3INTEGRATION|cortexm3ds_logic:u_cortexm3ds_logic|Pcbnz6                                 ; Merged with CORTEXM3INTEGRATIONDS:u_CORTEXM3INTEGRATION|cortexm3ds_logic:u_cortexm3ds_logic|Zv9nz6                           ;
; CORTEXM3INTEGRATIONDS:u_CORTEXM3INTEGRATION|cortexm3ds_logic:u_cortexm3ds_logic|Uhbnz6                                 ; Merged with CORTEXM3INTEGRATIONDS:u_CORTEXM3INTEGRATION|cortexm3ds_logic:u_cortexm3ds_logic|Zv9nz6                           ;
; CORTEXM3INTEGRATIONDS:u_CORTEXM3INTEGRATION|cortexm3ds_logic:u_cortexm3ds_logic|Cqbnz6                                 ; Merged with CORTEXM3INTEGRATIONDS:u_CORTEXM3INTEGRATION|cortexm3ds_logic:u_cortexm3ds_logic|Zv9nz6                           ;
; CORTEXM3INTEGRATIONDS:u_CORTEXM3INTEGRATION|cortexm3ds_logic:u_cortexm3ds_logic|Z3anz6                                 ; Merged with CORTEXM3INTEGRATIONDS:u_CORTEXM3INTEGRATION|cortexm3ds_logic:u_cortexm3ds_logic|Zv9nz6                           ;
; CORTEXM3INTEGRATIONDS:u_CORTEXM3INTEGRATION|cortexm3ds_logic:u_cortexm3ds_logic|Drbnz6                                 ; Merged with CORTEXM3INTEGRATIONDS:u_CORTEXM3INTEGRATION|cortexm3ds_logic:u_cortexm3ds_logic|Zv9nz6                           ;
; CORTEXM3INTEGRATIONDS:u_CORTEXM3INTEGRATION|cortexm3ds_logic:u_cortexm3ds_logic|Z4anz6                                 ; Merged with CORTEXM3INTEGRATIONDS:u_CORTEXM3INTEGRATION|cortexm3ds_logic:u_cortexm3ds_logic|Zv9nz6                           ;
; CORTEXM3INTEGRATIONDS:u_CORTEXM3INTEGRATION|cortexm3ds_logic:u_cortexm3ds_logic|Vibnz6                                 ; Merged with CORTEXM3INTEGRATIONDS:u_CORTEXM3INTEGRATION|cortexm3ds_logic:u_cortexm3ds_logic|Zv9nz6                           ;
; CORTEXM3INTEGRATIONDS:u_CORTEXM3INTEGRATION|cortexm3ds_logic:u_cortexm3ds_logic|B7anz6                                 ; Merged with CORTEXM3INTEGRATIONDS:u_CORTEXM3INTEGRATION|cortexm3ds_logic:u_cortexm3ds_logic|Zv9nz6                           ;
; CORTEXM3INTEGRATIONDS:u_CORTEXM3INTEGRATION|cortexm3ds_logic:u_cortexm3ds_logic|Xtanz6                                 ; Merged with CORTEXM3INTEGRATIONDS:u_CORTEXM3INTEGRATION|cortexm3ds_logic:u_cortexm3ds_logic|Zv9nz6                           ;
; CORTEXM3INTEGRATIONDS:u_CORTEXM3INTEGRATION|cortexm3ds_logic:u_cortexm3ds_logic|Gcanz6                                 ; Merged with CORTEXM3INTEGRATIONDS:u_CORTEXM3INTEGRATION|cortexm3ds_logic:u_cortexm3ds_logic|Zv9nz6                           ;
; CORTEXM3INTEGRATIONDS:u_CORTEXM3INTEGRATION|cortexm3ds_logic:u_cortexm3ds_logic|Z1anz6                                 ; Merged with CORTEXM3INTEGRATIONDS:u_CORTEXM3INTEGRATION|cortexm3ds_logic:u_cortexm3ds_logic|Zv9nz6                           ;
; CORTEXM3INTEGRATIONDS:u_CORTEXM3INTEGRATION|cortexm3ds_logic:u_cortexm3ds_logic|Eaanz6                                 ; Merged with CORTEXM3INTEGRATIONDS:u_CORTEXM3INTEGRATION|cortexm3ds_logic:u_cortexm3ds_logic|Zv9nz6                           ;
; CORTEXM3INTEGRATIONDS:u_CORTEXM3INTEGRATION|cortexm3ds_logic:u_cortexm3ds_logic|Tgbnz6                                 ; Merged with CORTEXM3INTEGRATIONDS:u_CORTEXM3INTEGRATION|cortexm3ds_logic:u_cortexm3ds_logic|Zv9nz6                           ;
; CORTEXM3INTEGRATIONDS:u_CORTEXM3INTEGRATION|cortexm3ds_logic:u_cortexm3ds_logic|Zvanz6                                 ; Merged with CORTEXM3INTEGRATIONDS:u_CORTEXM3INTEGRATION|cortexm3ds_logic:u_cortexm3ds_logic|Zv9nz6                           ;
; CORTEXM3INTEGRATIONDS:u_CORTEXM3INTEGRATION|cortexm3ds_logic:u_cortexm3ds_logic|Zy9nz6                                 ; Merged with CORTEXM3INTEGRATIONDS:u_CORTEXM3INTEGRATION|cortexm3ds_logic:u_cortexm3ds_logic|Zv9nz6                           ;
; CORTEXM3INTEGRATIONDS:u_CORTEXM3INTEGRATION|cortexm3ds_logic:u_cortexm3ds_logic|Byanz6                                 ; Merged with CORTEXM3INTEGRATIONDS:u_CORTEXM3INTEGRATION|cortexm3ds_logic:u_cortexm3ds_logic|Zv9nz6                           ;
; CORTEXM3INTEGRATIONDS:u_CORTEXM3INTEGRATION|cortexm3ds_logic:u_cortexm3ds_logic|Sfbnz6                                 ; Merged with CORTEXM3INTEGRATIONDS:u_CORTEXM3INTEGRATION|cortexm3ds_logic:u_cortexm3ds_logic|Zv9nz6                           ;
; CORTEXM3INTEGRATIONDS:u_CORTEXM3INTEGRATION|cortexm3ds_logic:u_cortexm3ds_logic|D0bnz6                                 ; Merged with CORTEXM3INTEGRATIONDS:u_CORTEXM3INTEGRATION|cortexm3ds_logic:u_cortexm3ds_logic|Zv9nz6                           ;
; CORTEXM3INTEGRATIONDS:u_CORTEXM3INTEGRATION|cortexm3ds_logic:u_cortexm3ds_logic|Aobnz6                                 ; Merged with CORTEXM3INTEGRATIONDS:u_CORTEXM3INTEGRATION|cortexm3ds_logic:u_cortexm3ds_logic|Zv9nz6                           ;
; CORTEXM3INTEGRATIONDS:u_CORTEXM3INTEGRATION|cortexm3ds_logic:u_cortexm3ds_logic|H4bnz6                                 ; Merged with CORTEXM3INTEGRATIONDS:u_CORTEXM3INTEGRATION|cortexm3ds_logic:u_cortexm3ds_logic|Zv9nz6                           ;
; CORTEXM3INTEGRATIONDS:u_CORTEXM3INTEGRATION|cortexm3ds_logic:u_cortexm3ds_logic|L8bnz6                                 ; Merged with CORTEXM3INTEGRATIONDS:u_CORTEXM3INTEGRATION|cortexm3ds_logic:u_cortexm3ds_logic|Zv9nz6                           ;
; CORTEXM3INTEGRATIONDS:u_CORTEXM3INTEGRATION|cortexm3ds_logic:u_cortexm3ds_logic|Xkbnz6                                 ; Merged with CORTEXM3INTEGRATIONDS:u_CORTEXM3INTEGRATION|cortexm3ds_logic:u_cortexm3ds_logic|Zv9nz6                           ;
; CORTEXM3INTEGRATIONDS:u_CORTEXM3INTEGRATION|cortexm3ds_logic:u_cortexm3ds_logic|Hdanz6                                 ; Merged with CORTEXM3INTEGRATIONDS:u_CORTEXM3INTEGRATION|cortexm3ds_logic:u_cortexm3ds_logic|Zv9nz6                           ;
; CORTEXM3INTEGRATIONDS:u_CORTEXM3INTEGRATION|cortexm3ds_logic:u_cortexm3ds_logic|Axanz6                                 ; Merged with CORTEXM3INTEGRATIONDS:u_CORTEXM3INTEGRATION|cortexm3ds_logic:u_cortexm3ds_logic|Zv9nz6                           ;
; CORTEXM3INTEGRATIONDS:u_CORTEXM3INTEGRATION|cortexm3ds_logic:u_cortexm3ds_logic|Vranz6                                 ; Merged with CORTEXM3INTEGRATIONDS:u_CORTEXM3INTEGRATION|cortexm3ds_logic:u_cortexm3ds_logic|Zv9nz6                           ;
; CORTEXM3INTEGRATIONDS:u_CORTEXM3INTEGRATION|cortexm3ds_logic:u_cortexm3ds_logic|Nabnz6                                 ; Merged with CORTEXM3INTEGRATIONDS:u_CORTEXM3INTEGRATION|cortexm3ds_logic:u_cortexm3ds_logic|Zv9nz6                           ;
; CORTEXM3INTEGRATIONDS:u_CORTEXM3INTEGRATION|cortexm3ds_logic:u_cortexm3ds_logic|Yuanz6                                 ; Merged with CORTEXM3INTEGRATIONDS:u_CORTEXM3INTEGRATION|cortexm3ds_logic:u_cortexm3ds_logic|Zv9nz6                           ;
; CORTEXM3INTEGRATIONDS:u_CORTEXM3INTEGRATION|cortexm3ds_logic:u_cortexm3ds_logic|Zw9nz6                                 ; Merged with CORTEXM3INTEGRATIONDS:u_CORTEXM3INTEGRATION|cortexm3ds_logic:u_cortexm3ds_logic|Zv9nz6                           ;
; CORTEXM3INTEGRATIONDS:u_CORTEXM3INTEGRATION|cortexm3ds_logic:u_cortexm3ds_logic|Qdbnz6                                 ; Merged with CORTEXM3INTEGRATIONDS:u_CORTEXM3INTEGRATION|cortexm3ds_logic:u_cortexm3ds_logic|Zv9nz6                           ;
; CORTEXM3INTEGRATIONDS:u_CORTEXM3INTEGRATION|cortexm3ds_logic:u_cortexm3ds_logic|Dsbnz6                                 ; Merged with CORTEXM3INTEGRATIONDS:u_CORTEXM3INTEGRATION|cortexm3ds_logic:u_cortexm3ds_logic|Zv9nz6                           ;
; CORTEXM3INTEGRATIONDS:u_CORTEXM3INTEGRATION|cortexm3ds_logic:u_cortexm3ds_logic|Soanz6                                 ; Merged with CORTEXM3INTEGRATIONDS:u_CORTEXM3INTEGRATION|cortexm3ds_logic:u_cortexm3ds_logic|Zv9nz6                           ;
; CORTEXM3INTEGRATIONDS:u_CORTEXM3INTEGRATION|cortexm3ds_logic:u_cortexm3ds_logic|Tpanz6                                 ; Merged with CORTEXM3INTEGRATIONDS:u_CORTEXM3INTEGRATION|cortexm3ds_logic:u_cortexm3ds_logic|Zv9nz6                           ;
; CORTEXM3INTEGRATIONDS:u_CORTEXM3INTEGRATION|cortexm3ds_logic:u_cortexm3ds_logic|Czanz6                                 ; Merged with CORTEXM3INTEGRATIONDS:u_CORTEXM3INTEGRATION|cortexm3ds_logic:u_cortexm3ds_logic|Zv9nz6                           ;
; CORTEXM3INTEGRATIONDS:u_CORTEXM3INTEGRATION|cortexm3ds_logic:u_cortexm3ds_logic|Ylbnz6                                 ; Merged with CORTEXM3INTEGRATIONDS:u_CORTEXM3INTEGRATION|cortexm3ds_logic:u_cortexm3ds_logic|Zv9nz6                           ;
; CORTEXM3INTEGRATIONDS:u_CORTEXM3INTEGRATION|cortexm3ds_logic:u_cortexm3ds_logic|Bpbnz6                                 ; Merged with CORTEXM3INTEGRATIONDS:u_CORTEXM3INTEGRATION|cortexm3ds_logic:u_cortexm3ds_logic|Zv9nz6                           ;
; CORTEXM3INTEGRATIONDS:u_CORTEXM3INTEGRATION|cortexm3ds_logic:u_cortexm3ds_logic|Rebnz6                                 ; Merged with CORTEXM3INTEGRATIONDS:u_CORTEXM3INTEGRATION|cortexm3ds_logic:u_cortexm3ds_logic|Zv9nz6                           ;
; CORTEXM3INTEGRATIONDS:u_CORTEXM3INTEGRATION|cortexm3ds_logic:u_cortexm3ds_logic|Z2anz6                                 ; Merged with CORTEXM3INTEGRATIONDS:u_CORTEXM3INTEGRATION|cortexm3ds_logic:u_cortexm3ds_logic|Zv9nz6                           ;
; CORTEXM3INTEGRATIONDS:u_CORTEXM3INTEGRATION|cortexm3ds_logic:u_cortexm3ds_logic|Wsanz6                                 ; Merged with CORTEXM3INTEGRATIONDS:u_CORTEXM3INTEGRATION|cortexm3ds_logic:u_cortexm3ds_logic|Zv9nz6                           ;
; CORTEXM3INTEGRATIONDS:u_CORTEXM3INTEGRATION|cortexm3ds_logic:u_cortexm3ds_logic|Qmanz6                                 ; Merged with CORTEXM3INTEGRATIONDS:u_CORTEXM3INTEGRATION|cortexm3ds_logic:u_cortexm3ds_logic|Zv9nz6                           ;
; CORTEXM3INTEGRATIONDS:u_CORTEXM3INTEGRATION|cortexm3ds_logic:u_cortexm3ds_logic|Rnanz6                                 ; Merged with CORTEXM3INTEGRATIONDS:u_CORTEXM3INTEGRATION|cortexm3ds_logic:u_cortexm3ds_logic|Zv9nz6                           ;
; CORTEXM3INTEGRATIONDS:u_CORTEXM3INTEGRATION|cortexm3ds_logic:u_cortexm3ds_logic|Uqanz6                                 ; Merged with CORTEXM3INTEGRATIONDS:u_CORTEXM3INTEGRATION|cortexm3ds_logic:u_cortexm3ds_logic|Zv9nz6                           ;
; CORTEXM3INTEGRATIONDS:u_CORTEXM3INTEGRATION|cortexm3ds_logic:u_cortexm3ds_logic|Zx9nz6                                 ; Merged with CORTEXM3INTEGRATIONDS:u_CORTEXM3INTEGRATION|cortexm3ds_logic:u_cortexm3ds_logic|Zv9nz6                           ;
; CORTEXM3INTEGRATIONDS:u_CORTEXM3INTEGRATION|cortexm3ds_logic:u_cortexm3ds_logic|Ek0oz6                                 ; Merged with CORTEXM3INTEGRATIONDS:u_CORTEXM3INTEGRATION|cortexm3ds_logic:u_cortexm3ds_logic|Ki0oz6                           ;
; CORTEXM3INTEGRATIONDS:u_CORTEXM3INTEGRATION|cortexm3ds_logic:u_cortexm3ds_logic|Fwpoz6                                 ; Merged with CORTEXM3INTEGRATIONDS:u_CORTEXM3INTEGRATION|cortexm3ds_logic:u_cortexm3ds_logic|Ntpoz6                           ;
; CORTEXM3INTEGRATIONDS:u_CORTEXM3INTEGRATION|cortexm3ds_logic:u_cortexm3ds_logic|Gttf07                                 ; Merged with CORTEXM3INTEGRATIONDS:u_CORTEXM3INTEGRATION|cortexm3ds_logic:u_cortexm3ds_logic|Q88107                           ;
; CORTEXM3INTEGRATIONDS:u_CORTEXM3INTEGRATION|cortexm3ds_logic:u_cortexm3ds_logic|Ldbu07                                 ; Merged with CORTEXM3INTEGRATIONDS:u_CORTEXM3INTEGRATION|cortexm3ds_logic:u_cortexm3ds_logic|Zabu07                           ;
; CORTEXM3INTEGRATIONDS:u_CORTEXM3INTEGRATION|cortexm3ds_logic:u_cortexm3ds_logic|Dkbu07                                 ; Merged with CORTEXM3INTEGRATIONDS:u_CORTEXM3INTEGRATION|cortexm3ds_logic:u_cortexm3ds_logic|Rhbu07                           ;
; CORTEXM3INTEGRATIONDS:u_CORTEXM3INTEGRATION|cortexm3ds_logic:u_cortexm3ds_logic|Vqbu07                                 ; Merged with CORTEXM3INTEGRATIONDS:u_CORTEXM3INTEGRATION|cortexm3ds_logic:u_cortexm3ds_logic|Jobu07                           ;
; CORTEXM3INTEGRATIONDS:u_CORTEXM3INTEGRATION|cortexm3ds_logic:u_cortexm3ds_logic|Nxbu07                                 ; Merged with CORTEXM3INTEGRATIONDS:u_CORTEXM3INTEGRATION|cortexm3ds_logic:u_cortexm3ds_logic|Bvbu07                           ;
; CORTEXM3INTEGRATIONDS:u_CORTEXM3INTEGRATION|cortexm3ds_logic:u_cortexm3ds_logic|F4cu07                                 ; Merged with CORTEXM3INTEGRATIONDS:u_CORTEXM3INTEGRATION|cortexm3ds_logic:u_cortexm3ds_logic|T1cu07                           ;
; CORTEXM3INTEGRATIONDS:u_CORTEXM3INTEGRATION|cortexm3ds_logic:u_cortexm3ds_logic|Xacu07                                 ; Merged with CORTEXM3INTEGRATIONDS:u_CORTEXM3INTEGRATION|cortexm3ds_logic:u_cortexm3ds_logic|L8cu07                           ;
; CORTEXM3INTEGRATIONDS:u_CORTEXM3INTEGRATION|cortexm3ds_logic:u_cortexm3ds_logic|Q0tm17                                 ; Merged with CORTEXM3INTEGRATIONDS:u_CORTEXM3INTEGRATION|cortexm3ds_logic:u_cortexm3ds_logic|Sxsm17                           ;
; CORTEXM3INTEGRATIONDS:u_CORTEXM3INTEGRATION|cortexm3ds_logic:u_cortexm3ds_logic|Izvm17                                 ; Merged with CORTEXM3INTEGRATIONDS:u_CORTEXM3INTEGRATION|cortexm3ds_logic:u_cortexm3ds_logic|Ksvm17                           ;
; CORTEXM3INTEGRATIONDS:u_CORTEXM3INTEGRATION|cortexm3ds_logic:u_cortexm3ds_logic|Ql2nz6                                 ; Merged with CORTEXM3INTEGRATIONDS:u_CORTEXM3INTEGRATION|cortexm3ds_logic:u_cortexm3ds_logic|Ik2nz6                           ;
; CORTEXM3INTEGRATIONDS:u_CORTEXM3INTEGRATION|cortexm3ds_logic:u_cortexm3ds_logic|Hs2nz6                                 ; Merged with CORTEXM3INTEGRATIONDS:u_CORTEXM3INTEGRATION|cortexm3ds_logic:u_cortexm3ds_logic|E9x917                           ;
; CORTEXM3INTEGRATIONDS:u_CORTEXM3INTEGRATION|cortexm3ds_logic:u_cortexm3ds_logic|Ip3nz6                                 ; Merged with CORTEXM3INTEGRATIONDS:u_CORTEXM3INTEGRATION|cortexm3ds_logic:u_cortexm3ds_logic|E9x917                           ;
; CORTEXM3INTEGRATIONDS:u_CORTEXM3INTEGRATION|cortexm3ds_logic:u_cortexm3ds_logic|Su2nz6                                 ; Merged with CORTEXM3INTEGRATIONDS:u_CORTEXM3INTEGRATION|cortexm3ds_logic:u_cortexm3ds_logic|E9x917                           ;
; CORTEXM3INTEGRATIONDS:u_CORTEXM3INTEGRATION|cortexm3ds_logic:u_cortexm3ds_logic|Et2nz6                                 ; Merged with CORTEXM3INTEGRATIONDS:u_CORTEXM3INTEGRATION|cortexm3ds_logic:u_cortexm3ds_logic|Er2nz6                           ;
; CORTEXM3INTEGRATIONDS:u_CORTEXM3INTEGRATION|cortexm3ds_logic:u_cortexm3ds_logic|Ms3nz6                                 ; Merged with CORTEXM3INTEGRATIONDS:u_CORTEXM3INTEGRATION|cortexm3ds_logic:u_cortexm3ds_logic|Er2nz6                           ;
; CORTEXM3INTEGRATIONDS:u_CORTEXM3INTEGRATION|cortexm3ds_logic:u_cortexm3ds_logic|T6x917                                 ; Merged with CORTEXM3INTEGRATIONDS:u_CORTEXM3INTEGRATION|cortexm3ds_logic:u_cortexm3ds_logic|Er2nz6                           ;
; CORTEXM3INTEGRATIONDS:u_CORTEXM3INTEGRATION|cortexm3ds_logic:u_cortexm3ds_logic|Ul3nz6                                 ; Merged with CORTEXM3INTEGRATIONDS:u_CORTEXM3INTEGRATION|cortexm3ds_logic:u_cortexm3ds_logic|Er2nz6                           ;
; CORTEXM3INTEGRATIONDS:u_CORTEXM3INTEGRATION|cortexm3ds_logic:u_cortexm3ds_logic|Un3nz6                                 ; Merged with CORTEXM3INTEGRATIONDS:u_CORTEXM3INTEGRATION|cortexm3ds_logic:u_cortexm3ds_logic|Er2nz6                           ;
; CORTEXM3INTEGRATIONDS:u_CORTEXM3INTEGRATION|cortexm3ds_logic:u_cortexm3ds_logic|Zk2nz6                                 ; Merged with CORTEXM3INTEGRATIONDS:u_CORTEXM3INTEGRATION|cortexm3ds_logic:u_cortexm3ds_logic|Sj2nz6                           ;
; CORTEXM3INTEGRATIONDS:u_CORTEXM3INTEGRATION|cortexm3ds_logic:u_cortexm3ds_logic|Bahnz6                                 ; Merged with CORTEXM3INTEGRATIONDS:u_CORTEXM3INTEGRATION|cortexm3ds_logic:u_cortexm3ds_logic|B2fnz6                           ;
; CORTEXM3INTEGRATIONDS:u_CORTEXM3INTEGRATION|cortexm3ds_logic:u_cortexm3ds_logic|Bucnz6                                 ; Merged with CORTEXM3INTEGRATIONDS:u_CORTEXM3INTEGRATION|cortexm3ds_logic:u_cortexm3ds_logic|B2fnz6                           ;
; CORTEXM3INTEGRATIONDS:u_CORTEXM3INTEGRATION|cortexm3ds_logic:u_cortexm3ds_logic|Bydnz6                                 ; Merged with CORTEXM3INTEGRATIONDS:u_CORTEXM3INTEGRATION|cortexm3ds_logic:u_cortexm3ds_logic|B2fnz6                           ;
; CORTEXM3INTEGRATIONDS:u_CORTEXM3INTEGRATION|cortexm3ds_logic:u_cortexm3ds_logic|D1enz6                                 ; Merged with CORTEXM3INTEGRATIONDS:u_CORTEXM3INTEGRATION|cortexm3ds_logic:u_cortexm3ds_logic|B2fnz6                           ;
; CORTEXM3INTEGRATIONDS:u_CORTEXM3INTEGRATION|cortexm3ds_logic:u_cortexm3ds_logic|D5fnz6                                 ; Merged with CORTEXM3INTEGRATIONDS:u_CORTEXM3INTEGRATION|cortexm3ds_logic:u_cortexm3ds_logic|B2fnz6                           ;
; CORTEXM3INTEGRATIONDS:u_CORTEXM3INTEGRATION|cortexm3ds_logic:u_cortexm3ds_logic|D9gnz6                                 ; Merged with CORTEXM3INTEGRATIONDS:u_CORTEXM3INTEGRATION|cortexm3ds_logic:u_cortexm3ds_logic|B2fnz6                           ;
; CORTEXM3INTEGRATIONDS:u_CORTEXM3INTEGRATION|cortexm3ds_logic:u_cortexm3ds_logic|Dxcnz6                                 ; Merged with CORTEXM3INTEGRATIONDS:u_CORTEXM3INTEGRATION|cortexm3ds_logic:u_cortexm3ds_logic|B2fnz6                           ;
; CORTEXM3INTEGRATIONDS:u_CORTEXM3INTEGRATION|cortexm3ds_logic:u_cortexm3ds_logic|Etbnz6                                 ; Merged with CORTEXM3INTEGRATIONDS:u_CORTEXM3INTEGRATION|cortexm3ds_logic:u_cortexm3ds_logic|B2fnz6                           ;
; CORTEXM3INTEGRATIONDS:u_CORTEXM3INTEGRATION|cortexm3ds_logic:u_cortexm3ds_logic|F0dnz6                                 ; Merged with CORTEXM3INTEGRATIONDS:u_CORTEXM3INTEGRATION|cortexm3ds_logic:u_cortexm3ds_logic|B2fnz6                           ;
; CORTEXM3INTEGRATIONDS:u_CORTEXM3INTEGRATION|cortexm3ds_logic:u_cortexm3ds_logic|F4enz6                                 ; Merged with CORTEXM3INTEGRATIONDS:u_CORTEXM3INTEGRATION|cortexm3ds_logic:u_cortexm3ds_logic|B2fnz6                           ;
; CORTEXM3INTEGRATIONDS:u_CORTEXM3INTEGRATION|cortexm3ds_logic:u_cortexm3ds_logic|F8fnz6                                 ; Merged with CORTEXM3INTEGRATIONDS:u_CORTEXM3INTEGRATION|cortexm3ds_logic:u_cortexm3ds_logic|B2fnz6                           ;
; CORTEXM3INTEGRATIONDS:u_CORTEXM3INTEGRATION|cortexm3ds_logic:u_cortexm3ds_logic|Fcgnz6                                 ; Merged with CORTEXM3INTEGRATIONDS:u_CORTEXM3INTEGRATION|cortexm3ds_logic:u_cortexm3ds_logic|B2fnz6                           ;
; CORTEXM3INTEGRATIONDS:u_CORTEXM3INTEGRATION|cortexm3ds_logic:u_cortexm3ds_logic|Fwbnz6                                 ; Merged with CORTEXM3INTEGRATIONDS:u_CORTEXM3INTEGRATION|cortexm3ds_logic:u_cortexm3ds_logic|B2fnz6                           ;
; CORTEXM3INTEGRATIONDS:u_CORTEXM3INTEGRATION|cortexm3ds_logic:u_cortexm3ds_logic|H3dnz6                                 ; Merged with CORTEXM3INTEGRATIONDS:u_CORTEXM3INTEGRATION|cortexm3ds_logic:u_cortexm3ds_logic|B2fnz6                           ;
; CORTEXM3INTEGRATIONDS:u_CORTEXM3INTEGRATION|cortexm3ds_logic:u_cortexm3ds_logic|H7enz6                                 ; Merged with CORTEXM3INTEGRATIONDS:u_CORTEXM3INTEGRATION|cortexm3ds_logic:u_cortexm3ds_logic|B2fnz6                           ;
; CORTEXM3INTEGRATIONDS:u_CORTEXM3INTEGRATION|cortexm3ds_logic:u_cortexm3ds_logic|Hfgnz6                                 ; Merged with CORTEXM3INTEGRATIONDS:u_CORTEXM3INTEGRATION|cortexm3ds_logic:u_cortexm3ds_logic|B2fnz6                           ;
; CORTEXM3INTEGRATIONDS:u_CORTEXM3INTEGRATION|cortexm3ds_logic:u_cortexm3ds_logic|Hzbnz6                                 ; Merged with CORTEXM3INTEGRATIONDS:u_CORTEXM3INTEGRATION|cortexm3ds_logic:u_cortexm3ds_logic|B2fnz6                           ;
; CORTEXM3INTEGRATIONDS:u_CORTEXM3INTEGRATION|cortexm3ds_logic:u_cortexm3ds_logic|J2cnz6                                 ; Merged with CORTEXM3INTEGRATIONDS:u_CORTEXM3INTEGRATION|cortexm3ds_logic:u_cortexm3ds_logic|B2fnz6                           ;
; CORTEXM3INTEGRATIONDS:u_CORTEXM3INTEGRATION|cortexm3ds_logic:u_cortexm3ds_logic|J6dnz6                                 ; Merged with CORTEXM3INTEGRATIONDS:u_CORTEXM3INTEGRATION|cortexm3ds_logic:u_cortexm3ds_logic|B2fnz6                           ;
; CORTEXM3INTEGRATIONDS:u_CORTEXM3INTEGRATION|cortexm3ds_logic:u_cortexm3ds_logic|Jaenz6                                 ; Merged with CORTEXM3INTEGRATIONDS:u_CORTEXM3INTEGRATION|cortexm3ds_logic:u_cortexm3ds_logic|B2fnz6                           ;
; CORTEXM3INTEGRATIONDS:u_CORTEXM3INTEGRATION|cortexm3ds_logic:u_cortexm3ds_logic|Jignz6                                 ; Merged with CORTEXM3INTEGRATIONDS:u_CORTEXM3INTEGRATION|cortexm3ds_logic:u_cortexm3ds_logic|B2fnz6                           ;
; CORTEXM3INTEGRATIONDS:u_CORTEXM3INTEGRATION|cortexm3ds_logic:u_cortexm3ds_logic|L5cnz6                                 ; Merged with CORTEXM3INTEGRATIONDS:u_CORTEXM3INTEGRATION|cortexm3ds_logic:u_cortexm3ds_logic|B2fnz6                           ;
; CORTEXM3INTEGRATIONDS:u_CORTEXM3INTEGRATION|cortexm3ds_logic:u_cortexm3ds_logic|L9dnz6                                 ; Merged with CORTEXM3INTEGRATIONDS:u_CORTEXM3INTEGRATION|cortexm3ds_logic:u_cortexm3ds_logic|B2fnz6                           ;
; CORTEXM3INTEGRATIONDS:u_CORTEXM3INTEGRATION|cortexm3ds_logic:u_cortexm3ds_logic|Ldenz6                                 ; Merged with CORTEXM3INTEGRATIONDS:u_CORTEXM3INTEGRATION|cortexm3ds_logic:u_cortexm3ds_logic|B2fnz6                           ;
; CORTEXM3INTEGRATIONDS:u_CORTEXM3INTEGRATION|cortexm3ds_logic:u_cortexm3ds_logic|N8cnz6                                 ; Merged with CORTEXM3INTEGRATIONDS:u_CORTEXM3INTEGRATION|cortexm3ds_logic:u_cortexm3ds_logic|B2fnz6                           ;
; CORTEXM3INTEGRATIONDS:u_CORTEXM3INTEGRATION|cortexm3ds_logic:u_cortexm3ds_logic|Ncdnz6                                 ; Merged with CORTEXM3INTEGRATIONDS:u_CORTEXM3INTEGRATION|cortexm3ds_logic:u_cortexm3ds_logic|B2fnz6                           ;
; CORTEXM3INTEGRATIONDS:u_CORTEXM3INTEGRATION|cortexm3ds_logic:u_cortexm3ds_logic|Ngenz6                                 ; Merged with CORTEXM3INTEGRATIONDS:u_CORTEXM3INTEGRATION|cortexm3ds_logic:u_cortexm3ds_logic|B2fnz6                           ;
; CORTEXM3INTEGRATIONDS:u_CORTEXM3INTEGRATION|cortexm3ds_logic:u_cortexm3ds_logic|Nognz6                                 ; Merged with CORTEXM3INTEGRATIONDS:u_CORTEXM3INTEGRATION|cortexm3ds_logic:u_cortexm3ds_logic|B2fnz6                           ;
; CORTEXM3INTEGRATIONDS:u_CORTEXM3INTEGRATION|cortexm3ds_logic:u_cortexm3ds_logic|Pbcnz6                                 ; Merged with CORTEXM3INTEGRATIONDS:u_CORTEXM3INTEGRATION|cortexm3ds_logic:u_cortexm3ds_logic|B2fnz6                           ;
; CORTEXM3INTEGRATIONDS:u_CORTEXM3INTEGRATION|cortexm3ds_logic:u_cortexm3ds_logic|Pfdnz6                                 ; Merged with CORTEXM3INTEGRATIONDS:u_CORTEXM3INTEGRATION|cortexm3ds_logic:u_cortexm3ds_logic|B2fnz6                           ;
; CORTEXM3INTEGRATIONDS:u_CORTEXM3INTEGRATION|cortexm3ds_logic:u_cortexm3ds_logic|Pjenz6                                 ; Merged with CORTEXM3INTEGRATIONDS:u_CORTEXM3INTEGRATION|cortexm3ds_logic:u_cortexm3ds_logic|B2fnz6                           ;
; CORTEXM3INTEGRATIONDS:u_CORTEXM3INTEGRATION|cortexm3ds_logic:u_cortexm3ds_logic|Prgnz6                                 ; Merged with CORTEXM3INTEGRATIONDS:u_CORTEXM3INTEGRATION|cortexm3ds_logic:u_cortexm3ds_logic|B2fnz6                           ;
; CORTEXM3INTEGRATIONDS:u_CORTEXM3INTEGRATION|cortexm3ds_logic:u_cortexm3ds_logic|Recnz6                                 ; Merged with CORTEXM3INTEGRATIONDS:u_CORTEXM3INTEGRATION|cortexm3ds_logic:u_cortexm3ds_logic|B2fnz6                           ;
; CORTEXM3INTEGRATIONDS:u_CORTEXM3INTEGRATION|cortexm3ds_logic:u_cortexm3ds_logic|Ridnz6                                 ; Merged with CORTEXM3INTEGRATIONDS:u_CORTEXM3INTEGRATION|cortexm3ds_logic:u_cortexm3ds_logic|B2fnz6                           ;
; CORTEXM3INTEGRATIONDS:u_CORTEXM3INTEGRATION|cortexm3ds_logic:u_cortexm3ds_logic|Rmenz6                                 ; Merged with CORTEXM3INTEGRATIONDS:u_CORTEXM3INTEGRATION|cortexm3ds_logic:u_cortexm3ds_logic|B2fnz6                           ;
; CORTEXM3INTEGRATIONDS:u_CORTEXM3INTEGRATION|cortexm3ds_logic:u_cortexm3ds_logic|Rugnz6                                 ; Merged with CORTEXM3INTEGRATIONDS:u_CORTEXM3INTEGRATION|cortexm3ds_logic:u_cortexm3ds_logic|B2fnz6                           ;
; CORTEXM3INTEGRATIONDS:u_CORTEXM3INTEGRATION|cortexm3ds_logic:u_cortexm3ds_logic|Thcnz6                                 ; Merged with CORTEXM3INTEGRATIONDS:u_CORTEXM3INTEGRATION|cortexm3ds_logic:u_cortexm3ds_logic|B2fnz6                           ;
; CORTEXM3INTEGRATIONDS:u_CORTEXM3INTEGRATION|cortexm3ds_logic:u_cortexm3ds_logic|Tldnz6                                 ; Merged with CORTEXM3INTEGRATIONDS:u_CORTEXM3INTEGRATION|cortexm3ds_logic:u_cortexm3ds_logic|B2fnz6                           ;
; CORTEXM3INTEGRATIONDS:u_CORTEXM3INTEGRATION|cortexm3ds_logic:u_cortexm3ds_logic|Tpenz6                                 ; Merged with CORTEXM3INTEGRATIONDS:u_CORTEXM3INTEGRATION|cortexm3ds_logic:u_cortexm3ds_logic|B2fnz6                           ;
; CORTEXM3INTEGRATIONDS:u_CORTEXM3INTEGRATION|cortexm3ds_logic:u_cortexm3ds_logic|Txgnz6                                 ; Merged with CORTEXM3INTEGRATIONDS:u_CORTEXM3INTEGRATION|cortexm3ds_logic:u_cortexm3ds_logic|B2fnz6                           ;
; CORTEXM3INTEGRATIONDS:u_CORTEXM3INTEGRATION|cortexm3ds_logic:u_cortexm3ds_logic|Vkcnz6                                 ; Merged with CORTEXM3INTEGRATIONDS:u_CORTEXM3INTEGRATION|cortexm3ds_logic:u_cortexm3ds_logic|B2fnz6                           ;
; CORTEXM3INTEGRATIONDS:u_CORTEXM3INTEGRATION|cortexm3ds_logic:u_cortexm3ds_logic|Vodnz6                                 ; Merged with CORTEXM3INTEGRATIONDS:u_CORTEXM3INTEGRATION|cortexm3ds_logic:u_cortexm3ds_logic|B2fnz6                           ;
; CORTEXM3INTEGRATIONDS:u_CORTEXM3INTEGRATION|cortexm3ds_logic:u_cortexm3ds_logic|Vsenz6                                 ; Merged with CORTEXM3INTEGRATIONDS:u_CORTEXM3INTEGRATION|cortexm3ds_logic:u_cortexm3ds_logic|B2fnz6                           ;
; CORTEXM3INTEGRATIONDS:u_CORTEXM3INTEGRATION|cortexm3ds_logic:u_cortexm3ds_logic|Xncnz6                                 ; Merged with CORTEXM3INTEGRATIONDS:u_CORTEXM3INTEGRATION|cortexm3ds_logic:u_cortexm3ds_logic|B2fnz6                           ;
; CORTEXM3INTEGRATIONDS:u_CORTEXM3INTEGRATION|cortexm3ds_logic:u_cortexm3ds_logic|Xrdnz6                                 ; Merged with CORTEXM3INTEGRATIONDS:u_CORTEXM3INTEGRATION|cortexm3ds_logic:u_cortexm3ds_logic|B2fnz6                           ;
; CORTEXM3INTEGRATIONDS:u_CORTEXM3INTEGRATION|cortexm3ds_logic:u_cortexm3ds_logic|Xvenz6                                 ; Merged with CORTEXM3INTEGRATIONDS:u_CORTEXM3INTEGRATION|cortexm3ds_logic:u_cortexm3ds_logic|B2fnz6                           ;
; CORTEXM3INTEGRATIONDS:u_CORTEXM3INTEGRATION|cortexm3ds_logic:u_cortexm3ds_logic|Xzfnz6                                 ; Merged with CORTEXM3INTEGRATIONDS:u_CORTEXM3INTEGRATION|cortexm3ds_logic:u_cortexm3ds_logic|B2fnz6                           ;
; CORTEXM3INTEGRATIONDS:u_CORTEXM3INTEGRATION|cortexm3ds_logic:u_cortexm3ds_logic|Z2gnz6                                 ; Merged with CORTEXM3INTEGRATIONDS:u_CORTEXM3INTEGRATION|cortexm3ds_logic:u_cortexm3ds_logic|B2fnz6                           ;
; CORTEXM3INTEGRATIONDS:u_CORTEXM3INTEGRATION|cortexm3ds_logic:u_cortexm3ds_logic|Z6hnz6                                 ; Merged with CORTEXM3INTEGRATIONDS:u_CORTEXM3INTEGRATION|cortexm3ds_logic:u_cortexm3ds_logic|B2fnz6                           ;
; CORTEXM3INTEGRATIONDS:u_CORTEXM3INTEGRATION|cortexm3ds_logic:u_cortexm3ds_logic|Zqcnz6                                 ; Merged with CORTEXM3INTEGRATIONDS:u_CORTEXM3INTEGRATION|cortexm3ds_logic:u_cortexm3ds_logic|B2fnz6                           ;
; CORTEXM3INTEGRATIONDS:u_CORTEXM3INTEGRATION|cortexm3ds_logic:u_cortexm3ds_logic|Zudnz6                                 ; Merged with CORTEXM3INTEGRATIONDS:u_CORTEXM3INTEGRATION|cortexm3ds_logic:u_cortexm3ds_logic|B2fnz6                           ;
; CORTEXM3INTEGRATIONDS:u_CORTEXM3INTEGRATION|cortexm3ds_logic:u_cortexm3ds_logic|Zyenz6                                 ; Merged with CORTEXM3INTEGRATIONDS:u_CORTEXM3INTEGRATION|cortexm3ds_logic:u_cortexm3ds_logic|B2fnz6                           ;
; CORTEXM3INTEGRATIONDS:u_CORTEXM3INTEGRATION|cortexm3ds_logic:u_cortexm3ds_logic|Mkwa17                                 ; Merged with CORTEXM3INTEGRATIONDS:u_CORTEXM3INTEGRATION|cortexm3ds_logic:u_cortexm3ds_logic|Kmwa17                           ;
; cmsdk_apb_subsystem:u_apb_subsystem|gpio:gen_apb_gpio_0.u_gpio_0|gpio_apbif:x_gpio_apbif|int_gpio_swporta_ctl[7]       ; Stuck at GND due to stuck port data_in                                                                                       ;
; CORTEXM3INTEGRATIONDS:u_CORTEXM3INTEGRATION|cortexm3ds_logic:u_cortexm3ds_logic|Av9nz6                                 ; Stuck at GND due to stuck port data_in                                                                                       ;
; CORTEXM3INTEGRATIONDS:u_CORTEXM3INTEGRATION|cortexm3ds_logic:u_cortexm3ds_logic|Zv9nz6                                 ; Stuck at GND due to stuck port data_in                                                                                       ;
; CORTEXM3INTEGRATIONDS:u_CORTEXM3INTEGRATION|cortexm3ds_logic:u_cortexm3ds_logic|B2fnz6                                 ; Stuck at GND due to stuck port data_in                                                                                       ;
; CORTEXM3INTEGRATIONDS:u_CORTEXM3INTEGRATION|cortexm3ds_logic:u_cortexm3ds_logic|Wfjnz6                                 ; Stuck at GND due to stuck port data_in                                                                                       ;
; CORTEXM3INTEGRATIONDS:u_CORTEXM3INTEGRATION|cortexm3ds_logic:u_cortexm3ds_logic|Wvvnz6                                 ; Stuck at GND due to stuck port data_in                                                                                       ;
; CORTEXM3INTEGRATIONDS:u_CORTEXM3INTEGRATION|cortexm3ds_logic:u_cortexm3ds_logic|Q88107                                 ; Stuck at GND due to stuck port data_in                                                                                       ;
; CORTEXM3INTEGRATIONDS:u_CORTEXM3INTEGRATION|cortexm3ds_logic:u_cortexm3ds_logic|Vfhg07                                 ; Stuck at GND due to stuck port data_in                                                                                       ;
; CORTEXM3INTEGRATIONDS:u_CORTEXM3INTEGRATION|cortexm3ds_logic:u_cortexm3ds_logic|Rhhg07                                 ; Stuck at GND due to stuck port data_in                                                                                       ;
; CORTEXM3INTEGRATIONDS:u_CORTEXM3INTEGRATION|cortexm3ds_logic:u_cortexm3ds_logic|Njhg07                                 ; Stuck at GND due to stuck port data_in                                                                                       ;
; CORTEXM3INTEGRATIONDS:u_CORTEXM3INTEGRATION|cortexm3ds_logic:u_cortexm3ds_logic|Jlhg07                                 ; Stuck at GND due to stuck port data_in                                                                                       ;
; CORTEXM3INTEGRATIONDS:u_CORTEXM3INTEGRATION|cortexm3ds_logic:u_cortexm3ds_logic|Fnhg07                                 ; Stuck at GND due to stuck port data_in                                                                                       ;
; CORTEXM3INTEGRATIONDS:u_CORTEXM3INTEGRATION|cortexm3ds_logic:u_cortexm3ds_logic|Bphg07                                 ; Stuck at GND due to stuck port data_in                                                                                       ;
; CORTEXM3INTEGRATIONDS:u_CORTEXM3INTEGRATION|cortexm3ds_logic:u_cortexm3ds_logic|Xqhg07                                 ; Stuck at GND due to stuck port data_in                                                                                       ;
; CORTEXM3INTEGRATIONDS:u_CORTEXM3INTEGRATION|cortexm3ds_logic:u_cortexm3ds_logic|Tshg07                                 ; Stuck at GND due to stuck port data_in                                                                                       ;
; CORTEXM3INTEGRATIONDS:u_CORTEXM3INTEGRATION|cortexm3ds_logic:u_cortexm3ds_logic|Puhg07                                 ; Stuck at GND due to stuck port data_in                                                                                       ;
; CORTEXM3INTEGRATIONDS:u_CORTEXM3INTEGRATION|cortexm3ds_logic:u_cortexm3ds_logic|Mwhg07                                 ; Stuck at GND due to stuck port data_in                                                                                       ;
; CORTEXM3INTEGRATIONDS:u_CORTEXM3INTEGRATION|cortexm3ds_logic:u_cortexm3ds_logic|Jyhg07                                 ; Stuck at GND due to stuck port data_in                                                                                       ;
; CORTEXM3INTEGRATIONDS:u_CORTEXM3INTEGRATION|cortexm3ds_logic:u_cortexm3ds_logic|G0ig07                                 ; Stuck at GND due to stuck port data_in                                                                                       ;
; CORTEXM3INTEGRATIONDS:u_CORTEXM3INTEGRATION|cortexm3ds_logic:u_cortexm3ds_logic|D2ig07                                 ; Stuck at GND due to stuck port data_in                                                                                       ;
; CORTEXM3INTEGRATIONDS:u_CORTEXM3INTEGRATION|cortexm3ds_logic:u_cortexm3ds_logic|A4ig07                                 ; Stuck at GND due to stuck port data_in                                                                                       ;
; CORTEXM3INTEGRATIONDS:u_CORTEXM3INTEGRATION|cortexm3ds_logic:u_cortexm3ds_logic|X5ig07                                 ; Stuck at GND due to stuck port data_in                                                                                       ;
; CORTEXM3INTEGRATIONDS:u_CORTEXM3INTEGRATION|cortexm3ds_logic:u_cortexm3ds_logic|U7ig07                                 ; Stuck at GND due to stuck port data_in                                                                                       ;
; CORTEXM3INTEGRATIONDS:u_CORTEXM3INTEGRATION|cortexm3ds_logic:u_cortexm3ds_logic|R9ig07                                 ; Stuck at GND due to stuck port data_in                                                                                       ;
; CORTEXM3INTEGRATIONDS:u_CORTEXM3INTEGRATION|cortexm3ds_logic:u_cortexm3ds_logic|Obig07                                 ; Stuck at GND due to stuck port data_in                                                                                       ;
; CORTEXM3INTEGRATIONDS:u_CORTEXM3INTEGRATION|cortexm3ds_logic:u_cortexm3ds_logic|Ldig07                                 ; Stuck at GND due to stuck port data_in                                                                                       ;
; CORTEXM3INTEGRATIONDS:u_CORTEXM3INTEGRATION|cortexm3ds_logic:u_cortexm3ds_logic|Ifig07                                 ; Stuck at GND due to stuck port data_in                                                                                       ;
; CORTEXM3INTEGRATIONDS:u_CORTEXM3INTEGRATION|cortexm3ds_logic:u_cortexm3ds_logic|Fhig07                                 ; Stuck at GND due to stuck port data_in                                                                                       ;
; CORTEXM3INTEGRATIONDS:u_CORTEXM3INTEGRATION|cortexm3ds_logic:u_cortexm3ds_logic|Cjig07                                 ; Stuck at GND due to stuck port data_in                                                                                       ;
; CORTEXM3INTEGRATIONDS:u_CORTEXM3INTEGRATION|cortexm3ds_logic:u_cortexm3ds_logic|Zkig07                                 ; Stuck at GND due to stuck port data_in                                                                                       ;
; CORTEXM3INTEGRATIONDS:u_CORTEXM3INTEGRATION|cortexm3ds_logic:u_cortexm3ds_logic|Wmig07                                 ; Stuck at GND due to stuck port data_in                                                                                       ;
; CORTEXM3INTEGRATIONDS:u_CORTEXM3INTEGRATION|cortexm3ds_logic:u_cortexm3ds_logic|Toig07                                 ; Stuck at GND due to stuck port data_in                                                                                       ;
; CORTEXM3INTEGRATIONDS:u_CORTEXM3INTEGRATION|cortexm3ds_logic:u_cortexm3ds_logic|Qqig07                                 ; Stuck at GND due to stuck port data_in                                                                                       ;
; CORTEXM3INTEGRATIONDS:u_CORTEXM3INTEGRATION|cortexm3ds_logic:u_cortexm3ds_logic|Nsig07                                 ; Stuck at GND due to stuck port data_in                                                                                       ;
; CORTEXM3INTEGRATIONDS:u_CORTEXM3INTEGRATION|cortexm3ds_logic:u_cortexm3ds_logic|Kuig07                                 ; Stuck at GND due to stuck port data_in                                                                                       ;
; CORTEXM3INTEGRATIONDS:u_CORTEXM3INTEGRATION|cortexm3ds_logic:u_cortexm3ds_logic|Qz2t07                                 ; Stuck at GND due to stuck port data_in                                                                                       ;
; CORTEXM3INTEGRATIONDS:u_CORTEXM3INTEGRATION|cortexm3ds_logic:u_cortexm3ds_logic|Mi4t07                                 ; Stuck at GND due to stuck port data_in                                                                                       ;
; CORTEXM3INTEGRATIONDS:u_CORTEXM3INTEGRATION|cortexm3ds_logic:u_cortexm3ds_logic|Ualu07                                 ; Stuck at GND due to stuck port data_in                                                                                       ;
; CORTEXM3INTEGRATIONDS:u_CORTEXM3INTEGRATION|cortexm3ds_logic:u_cortexm3ds_logic|M6k917                                 ; Stuck at GND due to stuck port data_in                                                                                       ;
; CORTEXM3INTEGRATIONDS:u_CORTEXM3INTEGRATION|cortexm3ds_logic:u_cortexm3ds_logic|Ern917                                 ; Stuck at GND due to stuck port data_in                                                                                       ;
; CORTEXM3INTEGRATIONDS:u_CORTEXM3INTEGRATION|cortexm3ds_logic:u_cortexm3ds_logic|Fqwa17                                 ; Stuck at GND due to stuck port data_in                                                                                       ;
; CORTEXM3INTEGRATIONDS:u_CORTEXM3INTEGRATION|cortexm3ds_logic:u_cortexm3ds_logic|Ksvm17                                 ; Stuck at GND due to stuck port data_in                                                                                       ;
; CORTEXM3INTEGRATIONDS:u_CORTEXM3INTEGRATION|cortexm3ds_logic:u_cortexm3ds_logic|Ct9nz6                                 ; Stuck at GND due to stuck port data_in                                                                                       ;
; CORTEXM3INTEGRATIONDS:u_CORTEXM3INTEGRATION|cortexm3ds_logic:u_cortexm3ds_logic|Zz9nz6                                 ; Stuck at GND due to stuck port data_in                                                                                       ;
; CORTEXM3INTEGRATIONDS:u_CORTEXM3INTEGRATION|cortexm3ds_logic:u_cortexm3ds_logic|Z0anz6                                 ; Stuck at GND due to stuck port data_in                                                                                       ;
; CORTEXM3INTEGRATIONDS:u_CORTEXM3INTEGRATION|cortexm3ds_logic:u_cortexm3ds_logic|A6anz6                                 ; Stuck at GND due to stuck port data_in                                                                                       ;
; CORTEXM3INTEGRATIONDS:u_CORTEXM3INTEGRATION|cortexm3ds_logic:u_cortexm3ds_logic|Fbanz6                                 ; Stuck at GND due to stuck port data_in                                                                                       ;
; CORTEXM3INTEGRATIONDS:u_CORTEXM3INTEGRATION|cortexm3ds_logic:u_cortexm3ds_logic|Ieanz6                                 ; Stuck at GND due to stuck port data_in                                                                                       ;
; CORTEXM3INTEGRATIONDS:u_CORTEXM3INTEGRATION|cortexm3ds_logic:u_cortexm3ds_logic|Jfanz6                                 ; Stuck at GND due to stuck port data_in                                                                                       ;
; CORTEXM3INTEGRATIONDS:u_CORTEXM3INTEGRATION|cortexm3ds_logic:u_cortexm3ds_logic|Kganz6                                 ; Stuck at GND due to stuck port data_in                                                                                       ;
; CORTEXM3INTEGRATIONDS:u_CORTEXM3INTEGRATION|cortexm3ds_logic:u_cortexm3ds_logic|Lhanz6                                 ; Stuck at GND due to stuck port data_in                                                                                       ;
; CORTEXM3INTEGRATIONDS:u_CORTEXM3INTEGRATION|cortexm3ds_logic:u_cortexm3ds_logic|Mianz6                                 ; Stuck at GND due to stuck port data_in                                                                                       ;
; CORTEXM3INTEGRATIONDS:u_CORTEXM3INTEGRATION|cortexm3ds_logic:u_cortexm3ds_logic|Njanz6                                 ; Stuck at GND due to stuck port data_in                                                                                       ;
; CORTEXM3INTEGRATIONDS:u_CORTEXM3INTEGRATION|cortexm3ds_logic:u_cortexm3ds_logic|Okanz6                                 ; Stuck at GND due to stuck port data_in                                                                                       ;
; CORTEXM3INTEGRATIONDS:u_CORTEXM3INTEGRATION|cortexm3ds_logic:u_cortexm3ds_logic|Planz6                                 ; Stuck at GND due to stuck port data_in                                                                                       ;
; BusMatrix3x3:u_BusMatrix3x3|OutputStage:u_outputstage_2|hsel_lock                                                      ; Stuck at GND due to stuck port data_in                                                                                       ;
; BusMatrix3x3:u_BusMatrix3x3|OutputStage:u_outputstage_1|hsel_lock                                                      ; Stuck at GND due to stuck port data_in                                                                                       ;
; BusMatrix3x3:u_BusMatrix3x3|OutputStage:u_outputstage_0|hsel_lock                                                      ; Stuck at GND due to stuck port data_in                                                                                       ;
; BusMatrix3x3:u_BusMatrix3x3|cmsdk_ahb_bm_decodeSI2:u_cmsdk_ahb_bm_decodesi2|data_out_port[0,1]                         ; Stuck at GND due to stuck port data_in                                                                                       ;
; BusMatrix3x3:u_BusMatrix3x3|cmsdk_ahb_bm_decodeSI1:u_cmsdk_ahb_bm_decodesi1|data_out_port[0,1]                         ; Stuck at GND due to stuck port data_in                                                                                       ;
; CORTEXM3INTEGRATIONDS:u_CORTEXM3INTEGRATION|cortexm3ds_logic:u_cortexm3ds_logic|Qdjnz6                                 ; Lost fanout                                                                                                                  ;
; CORTEXM3INTEGRATIONDS:u_CORTEXM3INTEGRATION|cortexm3ds_logic:u_cortexm3ds_logic|E5zf07                                 ; Stuck at GND due to stuck port data_in                                                                                       ;
; CORTEXM3INTEGRATIONDS:u_CORTEXM3INTEGRATION|cortexm3ds_logic:u_cortexm3ds_logic|Xyyf07                                 ; Stuck at GND due to stuck port data_in                                                                                       ;
; CORTEXM3INTEGRATIONDS:u_CORTEXM3INTEGRATION|cortexm3ds_logic:u_cortexm3ds_logic|Tvyf07                                 ; Stuck at GND due to stuck port data_in                                                                                       ;
; CORTEXM3INTEGRATIONDS:u_CORTEXM3INTEGRATION|cortexm3ds_logic:u_cortexm3ds_logic|I8zf07                                 ; Stuck at GND due to stuck port data_in                                                                                       ;
; CORTEXM3INTEGRATIONDS:u_CORTEXM3INTEGRATION|cortexm3ds_logic:u_cortexm3ds_logic|Qclu07                                 ; Stuck at GND due to stuck port data_in                                                                                       ;
; BusMatrix3x3:u_BusMatrix3x3|OutputStage:u_outputstage_1|cmsdk_ahb_bm_output_arb:u_output_arb|i_addr_in_port[0]         ; Merged with BusMatrix3x3:u_BusMatrix3x3|OutputStage:u_outputstage_1|cmsdk_ahb_bm_output_arb:u_output_arb|i_addr_in_port[1]   ;
; BusMatrix3x3:u_BusMatrix3x3|OutputStage:u_outputstage_2|cmsdk_ahb_bm_output_arb:u_output_arb|i_addr_in_port[0]         ; Merged with BusMatrix3x3:u_BusMatrix3x3|OutputStage:u_outputstage_2|cmsdk_ahb_bm_output_arb:u_output_arb|i_addr_in_port[1]   ;
; BusMatrix3x3:u_BusMatrix3x3|OutputStage:u_outputstage_1|data_in_port[1]                                                ; Merged with BusMatrix3x3:u_BusMatrix3x3|OutputStage:u_outputstage_1|data_in_port[0]                                          ;
; spi_flash_apb_ctrl:u_spi_flash_apb_ctrl|state~4                                                                        ; Lost fanout                                                                                                                  ;
; spi_flash_apb_ctrl:u_spi_flash_apb_ctrl|state~5                                                                        ; Lost fanout                                                                                                                  ;
; spi_flash_apb_ctrl:u_spi_flash_apb_ctrl|state~6                                                                        ; Lost fanout                                                                                                                  ;
; spi_flash_apb_ctrl:u_spi_flash_apb_ctrl|state~7                                                                        ; Lost fanout                                                                                                                  ;
; spi_flash_apb_ctrl:u_spi_flash_apb_ctrl|state~8                                                                        ; Lost fanout                                                                                                                  ;
; i2s_rx_core:u_i2s_rx_core|state.IDLE                                                                                   ; Lost fanout                                                                                                                  ;
; AHB2MEM:U_SRAM|hwdata_mask[1..7]                                                                                       ; Merged with AHB2MEM:U_SRAM|hwdata_mask[0]                                                                                    ;
; AHB2MEM:U_SRAM|hwdata_mask[8,9,11..15]                                                                                 ; Merged with AHB2MEM:U_SRAM|hwdata_mask[10]                                                                                   ;
; AHB2MEM:U_SRAM|hwdata_mask[17..23]                                                                                     ; Merged with AHB2MEM:U_SRAM|hwdata_mask[16]                                                                                   ;
; AHB2MEM:U_SRAM|hwdata_mask[25..31]                                                                                     ; Merged with AHB2MEM:U_SRAM|hwdata_mask[24]                                                                                   ;
; BusMatrix3x3:u_BusMatrix3x3|OutputStage:u_outputstage_2|cmsdk_ahb_bm_output_arb:u_output_arb|i_addr_in_port[1]         ; Stuck at GND due to stuck port data_in                                                                                       ;
; BusMatrix3x3:u_BusMatrix3x3|OutputStage:u_outputstage_1|cmsdk_ahb_bm_output_arb:u_output_arb|i_addr_in_port[1]         ; Stuck at GND due to stuck port data_in                                                                                       ;
; BusMatrix3x3:u_BusMatrix3x3|OutputStage:u_outputstage_1|data_in_port[0]                                                ; Stuck at GND due to stuck port data_in                                                                                       ;
; BusMatrix3x3:u_BusMatrix3x3|OutputStage:u_outputstage_1|cmsdk_ahb_bm_output_arb:u_output_arb|reg_burst_remain[0..3]    ; Lost fanout                                                                                                                  ;
; BusMatrix3x3:u_BusMatrix3x3|OutputStage:u_outputstage_1|cmsdk_ahb_bm_output_arb:u_output_arb|reg_early_incr_count[0,1] ; Lost fanout                                                                                                                  ;
; BusMatrix3x3:u_BusMatrix3x3|OutputStage:u_outputstage_1|cmsdk_ahb_bm_output_arb:u_output_arb|reg_burst_hold            ; Lost fanout                                                                                                                  ;
; BusMatrix3x3:u_BusMatrix3x3|OutputStage:u_outputstage_2|cmsdk_ahb_bm_output_arb:u_output_arb|reg_burst_remain[0..3]    ; Lost fanout                                                                                                                  ;
; BusMatrix3x3:u_BusMatrix3x3|OutputStage:u_outputstage_2|cmsdk_ahb_bm_output_arb:u_output_arb|reg_early_incr_count[0,1] ; Lost fanout                                                                                                                  ;
; BusMatrix3x3:u_BusMatrix3x3|OutputStage:u_outputstage_2|cmsdk_ahb_bm_output_arb:u_output_arb|reg_burst_hold            ; Lost fanout                                                                                                                  ;
; Total Number of Removed Registers = 586                                                                                ;                                                                                                                              ;
+------------------------------------------------------------------------------------------------------------------------+------------------------------------------------------------------------------------------------------------------------------+


+------------------------------------------------------------------------------------------------------------------------------------------------------------------------------------------------------------------------------------------------------+
; Removed Registers Triggering Further Register Optimizations                                                                                                                                                                                          ;
+--------------------------------------------------------------------------------------------------+---------------------------+-----------------------------------------------------------------------------------------------------------------------+
; Register name                                                                                    ; Reason for Removal        ; Registers Removed due to This Register                                                                                ;
+--------------------------------------------------------------------------------------------------+---------------------------+-----------------------------------------------------------------------------------------------------------------------+
; CORTEXM3INTEGRATIONDS:u_CORTEXM3INTEGRATION|cortexm3ds_logic:u_cortexm3ds_logic|Pn2nz6           ; Stuck at GND              ; CORTEXM3INTEGRATIONDS:u_CORTEXM3INTEGRATION|cortexm3ds_logic:u_cortexm3ds_logic|Go2nz6,                               ;
;                                                                                                  ; due to stuck port clock   ; CORTEXM3INTEGRATIONDS:u_CORTEXM3INTEGRATION|cortexm3ds_logic:u_cortexm3ds_logic|Un4nz6,                               ;
;                                                                                                  ;                           ; CORTEXM3INTEGRATIONDS:u_CORTEXM3INTEGRATION|cortexm3ds_logic:u_cortexm3ds_logic|Nq4nz6,                               ;
;                                                                                                  ;                           ; CORTEXM3INTEGRATIONDS:u_CORTEXM3INTEGRATION|cortexm3ds_logic:u_cortexm3ds_logic|Hytnz6,                               ;
;                                                                                                  ;                           ; CORTEXM3INTEGRATIONDS:u_CORTEXM3INTEGRATION|cortexm3ds_logic:u_cortexm3ds_logic|A1unz6,                               ;
;                                                                                                  ;                           ; CORTEXM3INTEGRATIONDS:u_CORTEXM3INTEGRATION|cortexm3ds_logic:u_cortexm3ds_logic|G6unz6,                               ;
;                                                                                                  ;                           ; CORTEXM3INTEGRATIONDS:u_CORTEXM3INTEGRATION|cortexm3ds_logic:u_cortexm3ds_logic|Z8unz6,                               ;
;                                                                                                  ;                           ; CORTEXM3INTEGRATIONDS:u_CORTEXM3INTEGRATION|cortexm3ds_logic:u_cortexm3ds_logic|L3ynz6,                               ;
;                                                                                                  ;                           ; CORTEXM3INTEGRATIONDS:u_CORTEXM3INTEGRATION|cortexm3ds_logic:u_cortexm3ds_logic|J5ynz6,                               ;
;                                                                                                  ;                           ; CORTEXM3INTEGRATIONDS:u_CORTEXM3INTEGRATION|cortexm3ds_logic:u_cortexm3ds_logic|E7ynz6,                               ;
;                                                                                                  ;                           ; CORTEXM3INTEGRATIONDS:u_CORTEXM3INTEGRATION|cortexm3ds_logic:u_cortexm3ds_logic|Y8ynz6,                               ;
;                                                                                                  ;                           ; CORTEXM3INTEGRATIONDS:u_CORTEXM3INTEGRATION|cortexm3ds_logic:u_cortexm3ds_logic|Ebynz6,                               ;
;                                                                                                  ;                           ; CORTEXM3INTEGRATIONDS:u_CORTEXM3INTEGRATION|cortexm3ds_logic:u_cortexm3ds_logic|Kdynz6,                               ;
;                                                                                                  ;                           ; CORTEXM3INTEGRATIONDS:u_CORTEXM3INTEGRATION|cortexm3ds_logic:u_cortexm3ds_logic|C5ts07,                               ;
;                                                                                                  ;                           ; CORTEXM3INTEGRATIONDS:u_CORTEXM3INTEGRATION|cortexm3ds_logic:u_cortexm3ds_logic|P7ts07,                               ;
;                                                                                                  ;                           ; CORTEXM3INTEGRATIONDS:u_CORTEXM3INTEGRATION|cortexm3ds_logic:u_cortexm3ds_logic|Cats07,                               ;
;                                                                                                  ;                           ; CORTEXM3INTEGRATIONDS:u_CORTEXM3INTEGRATION|cortexm3ds_logic:u_cortexm3ds_logic|Fcts07,                               ;
;                                                                                                  ;                           ; CORTEXM3INTEGRATIONDS:u_CORTEXM3INTEGRATION|cortexm3ds_logic:u_cortexm3ds_logic|Dets07,                               ;
;                                                                                                  ;                           ; CORTEXM3INTEGRATIONDS:u_CORTEXM3INTEGRATION|cortexm3ds_logic:u_cortexm3ds_logic|Bgts07,                               ;
;                                                                                                  ;                           ; CORTEXM3INTEGRATIONDS:u_CORTEXM3INTEGRATION|cortexm3ds_logic:u_cortexm3ds_logic|Zhts07,                               ;
;                                                                                                  ;                           ; CORTEXM3INTEGRATIONDS:u_CORTEXM3INTEGRATION|cortexm3ds_logic:u_cortexm3ds_logic|Xjts07,                               ;
;                                                                                                  ;                           ; CORTEXM3INTEGRATIONDS:u_CORTEXM3INTEGRATION|cortexm3ds_logic:u_cortexm3ds_logic|Vlts07,                               ;
;                                                                                                  ;                           ; CORTEXM3INTEGRATIONDS:u_CORTEXM3INTEGRATION|cortexm3ds_logic:u_cortexm3ds_logic|Tnts07,                               ;
;                                                                                                  ;                           ; CORTEXM3INTEGRATIONDS:u_CORTEXM3INTEGRATION|cortexm3ds_logic:u_cortexm3ds_logic|Rpts07,                               ;
;                                                                                                  ;                           ; CORTEXM3INTEGRATIONDS:u_CORTEXM3INTEGRATION|cortexm3ds_logic:u_cortexm3ds_logic|Prts07,                               ;
;                                                                                                  ;                           ; CORTEXM3INTEGRATIONDS:u_CORTEXM3INTEGRATION|cortexm3ds_logic:u_cortexm3ds_logic|Ntts07,                               ;
;                                                                                                  ;                           ; CORTEXM3INTEGRATIONDS:u_CORTEXM3INTEGRATION|cortexm3ds_logic:u_cortexm3ds_logic|Mvts07,                               ;
;                                                                                                  ;                           ; CORTEXM3INTEGRATIONDS:u_CORTEXM3INTEGRATION|cortexm3ds_logic:u_cortexm3ds_logic|Lxts07,                               ;
;                                                                                                  ;                           ; CORTEXM3INTEGRATIONDS:u_CORTEXM3INTEGRATION|cortexm3ds_logic:u_cortexm3ds_logic|Thus07,                               ;
;                                                                                                  ;                           ; CORTEXM3INTEGRATIONDS:u_CORTEXM3INTEGRATION|cortexm3ds_logic:u_cortexm3ds_logic|Mkus07,                               ;
;                                                                                                  ;                           ; CORTEXM3INTEGRATIONDS:u_CORTEXM3INTEGRATION|cortexm3ds_logic:u_cortexm3ds_logic|Xzus07,                               ;
;                                                                                                  ;                           ; CORTEXM3INTEGRATIONDS:u_CORTEXM3INTEGRATION|cortexm3ds_logic:u_cortexm3ds_logic|Q2vs07,                               ;
;                                                                                                  ;                           ; CORTEXM3INTEGRATIONDS:u_CORTEXM3INTEGRATION|cortexm3ds_logic:u_cortexm3ds_logic|Uyvs07,                               ;
;                                                                                                  ;                           ; CORTEXM3INTEGRATIONDS:u_CORTEXM3INTEGRATION|cortexm3ds_logic:u_cortexm3ds_logic|N1ws07,                               ;
;                                                                                                  ;                           ; CORTEXM3INTEGRATIONDS:u_CORTEXM3INTEGRATION|cortexm3ds_logic:u_cortexm3ds_logic|Tmt917,                               ;
;                                                                                                  ;                           ; CORTEXM3INTEGRATIONDS:u_CORTEXM3INTEGRATION|cortexm3ds_logic:u_cortexm3ds_logic|Ipt917,                               ;
;                                                                                                  ;                           ; CORTEXM3INTEGRATIONDS:u_CORTEXM3INTEGRATION|cortexm3ds_logic:u_cortexm3ds_logic|Xrt917,                               ;
;                                                                                                  ;                           ; CORTEXM3INTEGRATIONDS:u_CORTEXM3INTEGRATION|cortexm3ds_logic:u_cortexm3ds_logic|Myt917,                               ;
;                                                                                                  ;                           ; CORTEXM3INTEGRATIONDS:u_CORTEXM3INTEGRATION|cortexm3ds_logic:u_cortexm3ds_logic|K0u917,                               ;
;                                                                                                  ;                           ; CORTEXM3INTEGRATIONDS:u_CORTEXM3INTEGRATION|cortexm3ds_logic:u_cortexm3ds_logic|X2u917,                               ;
;                                                                                                  ;                           ; CORTEXM3INTEGRATIONDS:u_CORTEXM3INTEGRATION|cortexm3ds_logic:u_cortexm3ds_logic|N5u917,                               ;
;                                                                                                  ;                           ; CORTEXM3INTEGRATIONDS:u_CORTEXM3INTEGRATION|cortexm3ds_logic:u_cortexm3ds_logic|D8u917,                               ;
;                                                                                                  ;                           ; CORTEXM3INTEGRATIONDS:u_CORTEXM3INTEGRATION|cortexm3ds_logic:u_cortexm3ds_logic|Qau917,                               ;
;                                                                                                  ;                           ; CORTEXM3INTEGRATIONDS:u_CORTEXM3INTEGRATION|cortexm3ds_logic:u_cortexm3ds_logic|Gdu917,                               ;
;                                                                                                  ;                           ; CORTEXM3INTEGRATIONDS:u_CORTEXM3INTEGRATION|cortexm3ds_logic:u_cortexm3ds_logic|Wfu917,                               ;
;                                                                                                  ;                           ; CORTEXM3INTEGRATIONDS:u_CORTEXM3INTEGRATION|cortexm3ds_logic:u_cortexm3ds_logic|Jiu917,                               ;
;                                                                                                  ;                           ; CORTEXM3INTEGRATIONDS:u_CORTEXM3INTEGRATION|cortexm3ds_logic:u_cortexm3ds_logic|Zku917,                               ;
;                                                                                                  ;                           ; CORTEXM3INTEGRATIONDS:u_CORTEXM3INTEGRATION|cortexm3ds_logic:u_cortexm3ds_logic|Pnu917,                               ;
;                                                                                                  ;                           ; CORTEXM3INTEGRATIONDS:u_CORTEXM3INTEGRATION|cortexm3ds_logic:u_cortexm3ds_logic|Opu917,                               ;
;                                                                                                  ;                           ; CORTEXM3INTEGRATIONDS:u_CORTEXM3INTEGRATION|cortexm3ds_logic:u_cortexm3ds_logic|Mru917,                               ;
;                                                                                                  ;                           ; CORTEXM3INTEGRATIONDS:u_CORTEXM3INTEGRATION|cortexm3ds_logic:u_cortexm3ds_logic|Ktu917,                               ;
;                                                                                                  ;                           ; CORTEXM3INTEGRATIONDS:u_CORTEXM3INTEGRATION|cortexm3ds_logic:u_cortexm3ds_logic|Yvu917,                               ;
;                                                                                                  ;                           ; CORTEXM3INTEGRATIONDS:u_CORTEXM3INTEGRATION|cortexm3ds_logic:u_cortexm3ds_logic|N0v917,                               ;
;                                                                                                  ;                           ; CORTEXM3INTEGRATIONDS:u_CORTEXM3INTEGRATION|cortexm3ds_logic:u_cortexm3ds_logic|F3v917,                               ;
;                                                                                                  ;                           ; CORTEXM3INTEGRATIONDS:u_CORTEXM3INTEGRATION|cortexm3ds_logic:u_cortexm3ds_logic|X5v917,                               ;
;                                                                                                  ;                           ; CORTEXM3INTEGRATIONDS:u_CORTEXM3INTEGRATION|cortexm3ds_logic:u_cortexm3ds_logic|R7v917,                               ;
;                                                                                                  ;                           ; CORTEXM3INTEGRATIONDS:u_CORTEXM3INTEGRATION|cortexm3ds_logic:u_cortexm3ds_logic|J9v917,                               ;
;                                                                                                  ;                           ; CORTEXM3INTEGRATIONDS:u_CORTEXM3INTEGRATION|cortexm3ds_logic:u_cortexm3ds_logic|Ebv917,                               ;
;                                                                                                  ;                           ; CORTEXM3INTEGRATIONDS:u_CORTEXM3INTEGRATION|cortexm3ds_logic:u_cortexm3ds_logic|Rdv917,                               ;
;                                                                                                  ;                           ; CORTEXM3INTEGRATIONDS:u_CORTEXM3INTEGRATION|cortexm3ds_logic:u_cortexm3ds_logic|Hgv917,                               ;
;                                                                                                  ;                           ; CORTEXM3INTEGRATIONDS:u_CORTEXM3INTEGRATION|cortexm3ds_logic:u_cortexm3ds_logic|Xiv917,                               ;
;                                                                                                  ;                           ; CORTEXM3INTEGRATIONDS:u_CORTEXM3INTEGRATION|cortexm3ds_logic:u_cortexm3ds_logic|Klv917,                               ;
;                                                                                                  ;                           ; CORTEXM3INTEGRATIONDS:u_CORTEXM3INTEGRATION|cortexm3ds_logic:u_cortexm3ds_logic|Aov917,                               ;
;                                                                                                  ;                           ; CORTEXM3INTEGRATIONDS:u_CORTEXM3INTEGRATION|cortexm3ds_logic:u_cortexm3ds_logic|Qqv917,                               ;
;                                                                                                  ;                           ; CORTEXM3INTEGRATIONDS:u_CORTEXM3INTEGRATION|cortexm3ds_logic:u_cortexm3ds_logic|Dtv917,                               ;
;                                                                                                  ;                           ; CORTEXM3INTEGRATIONDS:u_CORTEXM3INTEGRATION|cortexm3ds_logic:u_cortexm3ds_logic|Tvv917,                               ;
;                                                                                                  ;                           ; CORTEXM3INTEGRATIONDS:u_CORTEXM3INTEGRATION|cortexm3ds_logic:u_cortexm3ds_logic|Jyv917,                               ;
;                                                                                                  ;                           ; CORTEXM3INTEGRATIONDS:u_CORTEXM3INTEGRATION|cortexm3ds_logic:u_cortexm3ds_logic|J0w917,                               ;
;                                                                                                  ;                           ; CORTEXM3INTEGRATIONDS:u_CORTEXM3INTEGRATION|cortexm3ds_logic:u_cortexm3ds_logic|G2w917,                               ;
;                                                                                                  ;                           ; CORTEXM3INTEGRATIONDS:u_CORTEXM3INTEGRATION|cortexm3ds_logic:u_cortexm3ds_logic|G4w917,                               ;
;                                                                                                  ;                           ; CORTEXM3INTEGRATIONDS:u_CORTEXM3INTEGRATION|cortexm3ds_logic:u_cortexm3ds_logic|D6w917,                               ;
;                                                                                                  ;                           ; CORTEXM3INTEGRATIONDS:u_CORTEXM3INTEGRATION|cortexm3ds_logic:u_cortexm3ds_logic|A8w917,                               ;
;                                                                                                  ;                           ; CORTEXM3INTEGRATIONDS:u_CORTEXM3INTEGRATION|cortexm3ds_logic:u_cortexm3ds_logic|X9w917,                               ;
;                                                                                                  ;                           ; CORTEXM3INTEGRATIONDS:u_CORTEXM3INTEGRATION|cortexm3ds_logic:u_cortexm3ds_logic|Rbw917,                               ;
;                                                                                                  ;                           ; CORTEXM3INTEGRATIONDS:u_CORTEXM3INTEGRATION|cortexm3ds_logic:u_cortexm3ds_logic|Ndw917,                               ;
;                                                                                                  ;                           ; CORTEXM3INTEGRATIONDS:u_CORTEXM3INTEGRATION|cortexm3ds_logic:u_cortexm3ds_logic|Jfw917,                               ;
;                                                                                                  ;                           ; CORTEXM3INTEGRATIONDS:u_CORTEXM3INTEGRATION|cortexm3ds_logic:u_cortexm3ds_logic|Fhw917,                               ;
;                                                                                                  ;                           ; CORTEXM3INTEGRATIONDS:u_CORTEXM3INTEGRATION|cortexm3ds_logic:u_cortexm3ds_logic|Bjw917,                               ;
;                                                                                                  ;                           ; CORTEXM3INTEGRATIONDS:u_CORTEXM3INTEGRATION|cortexm3ds_logic:u_cortexm3ds_logic|Ykw917,                               ;
;                                                                                                  ;                           ; CORTEXM3INTEGRATIONDS:u_CORTEXM3INTEGRATION|cortexm3ds_logic:u_cortexm3ds_logic|Smw917,                               ;
;                                                                                                  ;                           ; CORTEXM3INTEGRATIONDS:u_CORTEXM3INTEGRATION|cortexm3ds_logic:u_cortexm3ds_logic|Pow917,                               ;
;                                                                                                  ;                           ; CORTEXM3INTEGRATIONDS:u_CORTEXM3INTEGRATION|cortexm3ds_logic:u_cortexm3ds_logic|Qqw917,                               ;
;                                                                                                  ;                           ; CORTEXM3INTEGRATIONDS:u_CORTEXM3INTEGRATION|cortexm3ds_logic:u_cortexm3ds_logic|Rsw917,                               ;
;                                                                                                  ;                           ; CORTEXM3INTEGRATIONDS:u_CORTEXM3INTEGRATION|cortexm3ds_logic:u_cortexm3ds_logic|Suw917,                               ;
;                                                                                                  ;                           ; CORTEXM3INTEGRATIONDS:u_CORTEXM3INTEGRATION|cortexm3ds_logic:u_cortexm3ds_logic|Tww917,                               ;
;                                                                                                  ;                           ; CORTEXM3INTEGRATIONDS:u_CORTEXM3INTEGRATION|cortexm3ds_logic:u_cortexm3ds_logic|Oyw917,                               ;
;                                                                                                  ;                           ; CORTEXM3INTEGRATIONDS:u_CORTEXM3INTEGRATION|cortexm3ds_logic:u_cortexm3ds_logic|O0x917,                               ;
;                                                                                                  ;                           ; CORTEXM3INTEGRATIONDS:u_CORTEXM3INTEGRATION|cortexm3ds_logic:u_cortexm3ds_logic|O2x917,                               ;
;                                                                                                  ;                           ; CORTEXM3INTEGRATIONDS:u_CORTEXM3INTEGRATION|cortexm3ds_logic:u_cortexm3ds_logic|O4x917,                               ;
;                                                                                                  ;                           ; CORTEXM3INTEGRATIONDS:u_CORTEXM3INTEGRATION|cortexm3ds_logic:u_cortexm3ds_logic|Zox917,                               ;
;                                                                                                  ;                           ; CORTEXM3INTEGRATIONDS:u_CORTEXM3INTEGRATION|cortexm3ds_logic:u_cortexm3ds_logic|Wqx917,                               ;
;                                                                                                  ;                           ; CORTEXM3INTEGRATIONDS:u_CORTEXM3INTEGRATION|cortexm3ds_logic:u_cortexm3ds_logic|Osx917,                               ;
;                                                                                                  ;                           ; CORTEXM3INTEGRATIONDS:u_CORTEXM3INTEGRATION|cortexm3ds_logic:u_cortexm3ds_logic|X67m17,                               ;
;                                                                                                  ;                           ; CORTEXM3INTEGRATIONDS:u_CORTEXM3INTEGRATION|cortexm3ds_logic:u_cortexm3ds_logic|Z47m17,                               ;
;                                                                                                  ;                           ; CORTEXM3INTEGRATIONDS:u_CORTEXM3INTEGRATION|cortexm3ds_logic:u_cortexm3ds_logic|L8im17,                               ;
;                                                                                                  ;                           ; CORTEXM3INTEGRATIONDS:u_CORTEXM3INTEGRATION|cortexm3ds_logic:u_cortexm3ds_logic|Rrba17,                               ;
;                                                                                                  ;                           ; CORTEXM3INTEGRATIONDS:u_CORTEXM3INTEGRATION|cortexm3ds_logic:u_cortexm3ds_logic|Xrjm17,                               ;
;                                                                                                  ;                           ; CORTEXM3INTEGRATIONDS:u_CORTEXM3INTEGRATION|cortexm3ds_logic:u_cortexm3ds_logic|Trya17,                               ;
;                                                                                                  ;                           ; CORTEXM3INTEGRATIONDS:u_CORTEXM3INTEGRATION|cortexm3ds_logic:u_cortexm3ds_logic|Vtlm17,                               ;
;                                                                                                  ;                           ; CORTEXM3INTEGRATIONDS:u_CORTEXM3INTEGRATION|cortexm3ds_logic:u_cortexm3ds_logic|Tq4b17,                               ;
;                                                                                                  ;                           ; CORTEXM3INTEGRATIONDS:u_CORTEXM3INTEGRATION|cortexm3ds_logic:u_cortexm3ds_logic|Y6qm17,                               ;
;                                                                                                  ;                           ; CORTEXM3INTEGRATIONDS:u_CORTEXM3INTEGRATION|cortexm3ds_logic:u_cortexm3ds_logic|Z8qm17,                               ;
;                                                                                                  ;                           ; CORTEXM3INTEGRATIONDS:u_CORTEXM3INTEGRATION|cortexm3ds_logic:u_cortexm3ds_logic|Xaqm17,                               ;
;                                                                                                  ;                           ; CORTEXM3INTEGRATIONDS:u_CORTEXM3INTEGRATION|cortexm3ds_logic:u_cortexm3ds_logic|Wcqm17,                               ;
;                                                                                                  ;                           ; CORTEXM3INTEGRATIONDS:u_CORTEXM3INTEGRATION|cortexm3ds_logic:u_cortexm3ds_logic|Veqm17,                               ;
;                                                                                                  ;                           ; CORTEXM3INTEGRATIONDS:u_CORTEXM3INTEGRATION|cortexm3ds_logic:u_cortexm3ds_logic|Ugqm17,                               ;
;                                                                                                  ;                           ; CORTEXM3INTEGRATIONDS:u_CORTEXM3INTEGRATION|cortexm3ds_logic:u_cortexm3ds_logic|Tiqm17,                               ;
;                                                                                                  ;                           ; CORTEXM3INTEGRATIONDS:u_CORTEXM3INTEGRATION|cortexm3ds_logic:u_cortexm3ds_logic|Skqm17,                               ;
;                                                                                                  ;                           ; CORTEXM3INTEGRATIONDS:u_CORTEXM3INTEGRATION|cortexm3ds_logic:u_cortexm3ds_logic|Rmqm17,                               ;
;                                                                                                  ;                           ; CORTEXM3INTEGRATIONDS:u_CORTEXM3INTEGRATION|cortexm3ds_logic:u_cortexm3ds_logic|Qoqm17,                               ;
;                                                                                                  ;                           ; CORTEXM3INTEGRATIONDS:u_CORTEXM3INTEGRATION|cortexm3ds_logic:u_cortexm3ds_logic|Rqqm17,                               ;
;                                                                                                  ;                           ; CORTEXM3INTEGRATIONDS:u_CORTEXM3INTEGRATION|cortexm3ds_logic:u_cortexm3ds_logic|Ssqm17,                               ;
;                                                                                                  ;                           ; CORTEXM3INTEGRATIONDS:u_CORTEXM3INTEGRATION|cortexm3ds_logic:u_cortexm3ds_logic|Tuqm17,                               ;
;                                                                                                  ;                           ; CORTEXM3INTEGRATIONDS:u_CORTEXM3INTEGRATION|cortexm3ds_logic:u_cortexm3ds_logic|Syqm17,                               ;
;                                                                                                  ;                           ; CORTEXM3INTEGRATIONDS:u_CORTEXM3INTEGRATION|cortexm3ds_logic:u_cortexm3ds_logic|Dhtm17,                               ;
;                                                                                                  ;                           ; CORTEXM3INTEGRATIONDS:u_CORTEXM3INTEGRATION|cortexm3ds_logic:u_cortexm3ds_logic|Ma0b17,                               ;
;                                                                                                  ;                           ; CORTEXM3INTEGRATIONDS:u_CORTEXM3INTEGRATION|cortexm3ds_logic:u_cortexm3ds_logic|Ejtm17,                               ;
;                                                                                                  ;                           ; CORTEXM3INTEGRATIONDS:u_CORTEXM3INTEGRATION|cortexm3ds_logic:u_cortexm3ds_logic|Gjvm17,                               ;
;                                                                                                  ;                           ; CORTEXM3INTEGRATIONDS:u_CORTEXM3INTEGRATION|cortexm3ds_logic:u_cortexm3ds_logic|Js7m17,                               ;
;                                                                                                  ;                           ; CORTEXM3INTEGRATIONDS:u_CORTEXM3INTEGRATION|cortexm3ds_logic:u_cortexm3ds_logic|Hlvm17,                               ;
;                                                                                                  ;                           ; CORTEXM3INTEGRATIONDS:u_CORTEXM3INTEGRATION|cortexm3ds_logic:u_cortexm3ds_logic|Tbwm17,                               ;
;                                                                                                  ;                           ; CORTEXM3INTEGRATIONDS:u_CORTEXM3INTEGRATION|cortexm3ds_logic:u_cortexm3ds_logic|Rjwm17,                               ;
;                                                                                                  ;                           ; CORTEXM3INTEGRATIONDS:u_CORTEXM3INTEGRATION|cortexm3ds_logic:u_cortexm3ds_logic|Xrlm17,                               ;
;                                                                                                  ;                           ; CORTEXM3INTEGRATIONDS:u_CORTEXM3INTEGRATION|cortexm3ds_logic:u_cortexm3ds_logic|Zpjm17,                               ;
;                                                                                                  ;                           ; CORTEXM3INTEGRATIONDS:u_CORTEXM3INTEGRATION|cortexm3ds_logic:u_cortexm3ds_logic|Qxwa17,                               ;
;                                                                                                  ;                           ; CORTEXM3INTEGRATIONDS:u_CORTEXM3INTEGRATION|cortexm3ds_logic:u_cortexm3ds_logic|Fftm17,                               ;
;                                                                                                  ;                           ; CORTEXM3INTEGRATIONDS:u_CORTEXM3INTEGRATION|cortexm3ds_logic:u_cortexm3ds_logic|N6im17,                               ;
;                                                                                                  ;                           ; CORTEXM3INTEGRATIONDS:u_CORTEXM3INTEGRATION|cortexm3ds_logic:u_cortexm3ds_logic|Ihvm17,                               ;
;                                                                                                  ;                           ; CORTEXM3INTEGRATIONDS:u_CORTEXM3INTEGRATION|cortexm3ds_logic:u_cortexm3ds_logic|Udwm17,                               ;
;                                                                                                  ;                           ; CORTEXM3INTEGRATIONDS:u_CORTEXM3INTEGRATION|cortexm3ds_logic:u_cortexm3ds_logic|G3ts07,                               ;
;                                                                                                  ;                           ; CORTEXM3INTEGRATIONDS:u_CORTEXM3INTEGRATION|cortexm3ds_logic:u_cortexm3ds_logic|Vkt917,                               ;
;                                                                                                  ;                           ; CORTEXM3INTEGRATIONDS:u_CORTEXM3INTEGRATION|cortexm3ds_logic:u_cortexm3ds_logic|Myu917                                ;
; CORTEXM3INTEGRATIONDS:u_CORTEXM3INTEGRATION|cortexm3ds_logic:u_cortexm3ds_logic|Utioz6           ; Stuck at GND              ; spi_flash_apb_ctrl:u_spi_flash_apb_ctrl|erase_addr_reg[11],                                                           ;
;                                                                                                  ; due to stuck port data_in ; spi_flash_apb_ctrl:u_spi_flash_apb_ctrl|erase_addr_reg[10],                                                           ;
;                                                                                                  ;                           ; spi_flash_apb_ctrl:u_spi_flash_apb_ctrl|erase_addr_reg[9],                                                            ;
;                                                                                                  ;                           ; spi_flash_apb_ctrl:u_spi_flash_apb_ctrl|erase_addr_reg[8],                                                            ;
;                                                                                                  ;                           ; spi_flash_apb_ctrl:u_spi_flash_apb_ctrl|erase_addr_reg[7],                                                            ;
;                                                                                                  ;                           ; spi_flash_apb_ctrl:u_spi_flash_apb_ctrl|erase_addr_reg[6],                                                            ;
;                                                                                                  ;                           ; spi_flash_apb_ctrl:u_spi_flash_apb_ctrl|erase_addr_reg[5],                                                            ;
;                                                                                                  ;                           ; spi_flash_apb_ctrl:u_spi_flash_apb_ctrl|erase_addr_reg[4],                                                            ;
;                                                                                                  ;                           ; spi_flash_apb_ctrl:u_spi_flash_apb_ctrl|erase_addr_reg[3],                                                            ;
;                                                                                                  ;                           ; spi_flash_apb_ctrl:u_spi_flash_apb_ctrl|erase_addr_reg[2],                                                            ;
;                                                                                                  ;                           ; spi_flash_apb_ctrl:u_spi_flash_apb_ctrl|erase_addr_reg[1],                                                            ;
;                                                                                                  ;                           ; spi_flash_apb_ctrl:u_spi_flash_apb_ctrl|erase_addr_reg[0],                                                            ;
;                                                                                                  ;                           ; spi_flash_apb_ctrl:u_spi_flash_apb_ctrl|erase_last_addr_reg[11],                                                      ;
;                                                                                                  ;                           ; spi_flash_apb_ctrl:u_spi_flash_apb_ctrl|erase_last_addr_reg[10],                                                      ;
;                                                                                                  ;                           ; spi_flash_apb_ctrl:u_spi_flash_apb_ctrl|erase_last_addr_reg[9],                                                       ;
;                                                                                                  ;                           ; spi_flash_apb_ctrl:u_spi_flash_apb_ctrl|erase_last_addr_reg[8],                                                       ;
;                                                                                                  ;                           ; spi_flash_apb_ctrl:u_spi_flash_apb_ctrl|erase_last_addr_reg[7],                                                       ;
;                                                                                                  ;                           ; spi_flash_apb_ctrl:u_spi_flash_apb_ctrl|erase_last_addr_reg[6],                                                       ;
;                                                                                                  ;                           ; spi_flash_apb_ctrl:u_spi_flash_apb_ctrl|erase_last_addr_reg[5],                                                       ;
;                                                                                                  ;                           ; spi_flash_apb_ctrl:u_spi_flash_apb_ctrl|erase_last_addr_reg[4],                                                       ;
;                                                                                                  ;                           ; spi_flash_apb_ctrl:u_spi_flash_apb_ctrl|erase_last_addr_reg[3],                                                       ;
;                                                                                                  ;                           ; spi_flash_apb_ctrl:u_spi_flash_apb_ctrl|erase_last_addr_reg[2],                                                       ;
;                                                                                                  ;                           ; spi_flash_apb_ctrl:u_spi_flash_apb_ctrl|erase_last_addr_reg[1],                                                       ;
;                                                                                                  ;                           ; spi_flash_apb_ctrl:u_spi_flash_apb_ctrl|erase_last_addr_reg[0],                                                       ;
;                                                                                                  ;                           ; CORTEXM3INTEGRATIONDS:u_CORTEXM3INTEGRATION|cortexm3ds_logic:u_cortexm3ds_logic|Xqhg07,                               ;
;                                                                                                  ;                           ; CORTEXM3INTEGRATIONDS:u_CORTEXM3INTEGRATION|cortexm3ds_logic:u_cortexm3ds_logic|Tshg07,                               ;
;                                                                                                  ;                           ; CORTEXM3INTEGRATIONDS:u_CORTEXM3INTEGRATION|cortexm3ds_logic:u_cortexm3ds_logic|Mwhg07,                               ;
;                                                                                                  ;                           ; CORTEXM3INTEGRATIONDS:u_CORTEXM3INTEGRATION|cortexm3ds_logic:u_cortexm3ds_logic|Obig07,                               ;
;                                                                                                  ;                           ; CORTEXM3INTEGRATIONDS:u_CORTEXM3INTEGRATION|cortexm3ds_logic:u_cortexm3ds_logic|Fhig07,                               ;
;                                                                                                  ;                           ; CORTEXM3INTEGRATIONDS:u_CORTEXM3INTEGRATION|cortexm3ds_logic:u_cortexm3ds_logic|Zkig07,                               ;
;                                                                                                  ;                           ; CORTEXM3INTEGRATIONDS:u_CORTEXM3INTEGRATION|cortexm3ds_logic:u_cortexm3ds_logic|Toig07,                               ;
;                                                                                                  ;                           ; CORTEXM3INTEGRATIONDS:u_CORTEXM3INTEGRATION|cortexm3ds_logic:u_cortexm3ds_logic|Mi4t07                                ;
; BusMatrix3x3:u_BusMatrix3x3|InputStage:u_InputStage_2|reg_burst[2]                               ; Stuck at GND              ; BusMatrix3x3:u_BusMatrix3x3|OutputStage:u_outputstage_2|cmsdk_ahb_bm_output_arb:u_output_arb|i_addr_in_port[1],       ;
;                                                                                                  ; due to stuck port data_in ; BusMatrix3x3:u_BusMatrix3x3|OutputStage:u_outputstage_1|cmsdk_ahb_bm_output_arb:u_output_arb|i_addr_in_port[1],       ;
;                                                                                                  ;                           ; BusMatrix3x3:u_BusMatrix3x3|OutputStage:u_outputstage_1|data_in_port[0],                                              ;
;                                                                                                  ;                           ; BusMatrix3x3:u_BusMatrix3x3|OutputStage:u_outputstage_1|cmsdk_ahb_bm_output_arb:u_output_arb|reg_burst_remain[3],     ;
;                                                                                                  ;                           ; BusMatrix3x3:u_BusMatrix3x3|OutputStage:u_outputstage_1|cmsdk_ahb_bm_output_arb:u_output_arb|reg_burst_remain[2],     ;
;                                                                                                  ;                           ; BusMatrix3x3:u_BusMatrix3x3|OutputStage:u_outputstage_1|cmsdk_ahb_bm_output_arb:u_output_arb|reg_burst_remain[1],     ;
;                                                                                                  ;                           ; BusMatrix3x3:u_BusMatrix3x3|OutputStage:u_outputstage_1|cmsdk_ahb_bm_output_arb:u_output_arb|reg_burst_remain[0],     ;
;                                                                                                  ;                           ; BusMatrix3x3:u_BusMatrix3x3|OutputStage:u_outputstage_1|cmsdk_ahb_bm_output_arb:u_output_arb|reg_early_incr_count[1], ;
;                                                                                                  ;                           ; BusMatrix3x3:u_BusMatrix3x3|OutputStage:u_outputstage_1|cmsdk_ahb_bm_output_arb:u_output_arb|reg_early_incr_count[0], ;
;                                                                                                  ;                           ; BusMatrix3x3:u_BusMatrix3x3|OutputStage:u_outputstage_1|cmsdk_ahb_bm_output_arb:u_output_arb|reg_burst_hold,          ;
;                                                                                                  ;                           ; BusMatrix3x3:u_BusMatrix3x3|OutputStage:u_outputstage_2|cmsdk_ahb_bm_output_arb:u_output_arb|reg_burst_remain[3],     ;
;                                                                                                  ;                           ; BusMatrix3x3:u_BusMatrix3x3|OutputStage:u_outputstage_2|cmsdk_ahb_bm_output_arb:u_output_arb|reg_burst_remain[2],     ;
;                                                                                                  ;                           ; BusMatrix3x3:u_BusMatrix3x3|OutputStage:u_outputstage_2|cmsdk_ahb_bm_output_arb:u_output_arb|reg_burst_remain[1],     ;
;                                                                                                  ;                           ; BusMatrix3x3:u_BusMatrix3x3|OutputStage:u_outputstage_2|cmsdk_ahb_bm_output_arb:u_output_arb|reg_burst_remain[0],     ;
;                                                                                                  ;                           ; BusMatrix3x3:u_BusMatrix3x3|OutputStage:u_outputstage_2|cmsdk_ahb_bm_output_arb:u_output_arb|reg_early_incr_count[1], ;
;                                                                                                  ;                           ; BusMatrix3x3:u_BusMatrix3x3|OutputStage:u_outputstage_2|cmsdk_ahb_bm_output_arb:u_output_arb|reg_early_incr_count[0], ;
;                                                                                                  ;                           ; BusMatrix3x3:u_BusMatrix3x3|OutputStage:u_outputstage_2|cmsdk_ahb_bm_output_arb:u_output_arb|reg_burst_hold           ;
; CORTEXM3INTEGRATIONDS:u_CORTEXM3INTEGRATION|cortexm3ds_logic:u_cortexm3ds_logic|Yg3nz6           ; Stuck at GND              ; CORTEXM3INTEGRATIONDS:u_CORTEXM3INTEGRATION|cortexm3ds_logic:u_cortexm3ds_logic|Av9nz6,                               ;
;                                                                                                  ; due to stuck port data_in ; CORTEXM3INTEGRATIONDS:u_CORTEXM3INTEGRATION|cortexm3ds_logic:u_cortexm3ds_logic|Qz2t07,                               ;
;                                                                                                  ;                           ; CORTEXM3INTEGRATIONDS:u_CORTEXM3INTEGRATION|cortexm3ds_logic:u_cortexm3ds_logic|Zz9nz6,                               ;
;                                                                                                  ;                           ; CORTEXM3INTEGRATIONDS:u_CORTEXM3INTEGRATION|cortexm3ds_logic:u_cortexm3ds_logic|Z0anz6,                               ;
;                                                                                                  ;                           ; CORTEXM3INTEGRATIONDS:u_CORTEXM3INTEGRATION|cortexm3ds_logic:u_cortexm3ds_logic|A6anz6,                               ;
;                                                                                                  ;                           ; CORTEXM3INTEGRATIONDS:u_CORTEXM3INTEGRATION|cortexm3ds_logic:u_cortexm3ds_logic|Fbanz6                                ;
; cmsdk_apb_subsystem:u_apb_subsystem|gpio:gen_apb_gpio_0.u_gpio_0|gpio_ctrl:x_gpio_ctrl|int_s1[7] ; Stuck at GND              ; cmsdk_apb_subsystem:u_apb_subsystem|gpio:gen_apb_gpio_0.u_gpio_0|gpio_ctrl:x_gpio_ctrl|int_pre_in[7],                 ;
;                                                                                                  ; due to stuck port clock   ; cmsdk_apb_subsystem:u_apb_subsystem|gpio:gen_apb_gpio_0.u_gpio_0|gpio_ctrl:x_gpio_ctrl|gpio_intr_ed_pm[7],            ;
;                                                                                                  ;                           ; CORTEXM3INTEGRATIONDS:u_CORTEXM3INTEGRATION|cortexm3ds_logic:u_cortexm3ds_logic|B2fnz6,                               ;
;                                                                                                  ;                           ; CORTEXM3INTEGRATIONDS:u_CORTEXM3INTEGRATION|cortexm3ds_logic:u_cortexm3ds_logic|Planz6                                ;
; cmsdk_apb_subsystem:u_apb_subsystem|gpio:gen_apb_gpio_0.u_gpio_0|gpio_ctrl:x_gpio_ctrl|int_s1[0] ; Stuck at GND              ; cmsdk_apb_subsystem:u_apb_subsystem|gpio:gen_apb_gpio_0.u_gpio_0|gpio_ctrl:x_gpio_ctrl|int_pre_in[0],                 ;
;                                                                                                  ; due to stuck port clock   ; cmsdk_apb_subsystem:u_apb_subsystem|gpio:gen_apb_gpio_0.u_gpio_0|gpio_ctrl:x_gpio_ctrl|ed_int_d1[0],                  ;
;                                                                                                  ;                           ; cmsdk_apb_subsystem:u_apb_subsystem|gpio:gen_apb_gpio_0.u_gpio_0|gpio_ctrl:x_gpio_ctrl|gpio_intr_ed_pm[0],            ;
;                                                                                                  ;                           ; CORTEXM3INTEGRATIONDS:u_CORTEXM3INTEGRATION|cortexm3ds_logic:u_cortexm3ds_logic|Ieanz6                                ;
; CORTEXM3INTEGRATIONDS:u_CORTEXM3INTEGRATION|cortexm3ds_logic:u_cortexm3ds_logic|S84g07           ; Stuck at GND              ; CORTEXM3INTEGRATIONDS:u_CORTEXM3INTEGRATION|cortexm3ds_logic:u_cortexm3ds_logic|Pkvnz6,                               ;
;                                                                                                  ; due to stuck port data_in ; CORTEXM3INTEGRATIONDS:u_CORTEXM3INTEGRATION|cortexm3ds_logic:u_cortexm3ds_logic|Ct9nz6,                               ;
;                                                                                                  ;                           ; CORTEXM3INTEGRATIONDS:u_CORTEXM3INTEGRATION|cortexm3ds_logic:u_cortexm3ds_logic|I8zf07,                               ;
;                                                                                                  ;                           ; CORTEXM3INTEGRATIONDS:u_CORTEXM3INTEGRATION|cortexm3ds_logic:u_cortexm3ds_logic|Qclu07                                ;
; cmsdk_apb_subsystem:u_apb_subsystem|gpio:gen_apb_gpio_0.u_gpio_0|gpio_ctrl:x_gpio_ctrl|int_s1[6] ; Stuck at GND              ; cmsdk_apb_subsystem:u_apb_subsystem|gpio:gen_apb_gpio_0.u_gpio_0|gpio_ctrl:x_gpio_ctrl|int_pre_in[6],                 ;
;                                                                                                  ; due to stuck port clock   ; cmsdk_apb_subsystem:u_apb_subsystem|gpio:gen_apb_gpio_0.u_gpio_0|gpio_ctrl:x_gpio_ctrl|gpio_intr_ed_pm[6],            ;
;                                                                                                  ;                           ; CORTEXM3INTEGRATIONDS:u_CORTEXM3INTEGRATION|cortexm3ds_logic:u_cortexm3ds_logic|Okanz6                                ;
; cmsdk_apb_subsystem:u_apb_subsystem|gpio:gen_apb_gpio_0.u_gpio_0|gpio_ctrl:x_gpio_ctrl|int_s1[5] ; Stuck at GND              ; cmsdk_apb_subsystem:u_apb_subsystem|gpio:gen_apb_gpio_0.u_gpio_0|gpio_ctrl:x_gpio_ctrl|int_pre_in[5],                 ;
;                                                                                                  ; due to stuck port clock   ; cmsdk_apb_subsystem:u_apb_subsystem|gpio:gen_apb_gpio_0.u_gpio_0|gpio_ctrl:x_gpio_ctrl|gpio_intr_ed_pm[5],            ;
;                                                                                                  ;                           ; CORTEXM3INTEGRATIONDS:u_CORTEXM3INTEGRATION|cortexm3ds_logic:u_cortexm3ds_logic|Njanz6                                ;
; cmsdk_apb_subsystem:u_apb_subsystem|gpio:gen_apb_gpio_0.u_gpio_0|gpio_ctrl:x_gpio_ctrl|int_s1[4] ; Stuck at GND              ; cmsdk_apb_subsystem:u_apb_subsystem|gpio:gen_apb_gpio_0.u_gpio_0|gpio_ctrl:x_gpio_ctrl|int_pre_in[4],                 ;
;                                                                                                  ; due to stuck port clock   ; cmsdk_apb_subsystem:u_apb_subsystem|gpio:gen_apb_gpio_0.u_gpio_0|gpio_ctrl:x_gpio_ctrl|gpio_intr_ed_pm[4],            ;
;                                                                                                  ;                           ; CORTEXM3INTEGRATIONDS:u_CORTEXM3INTEGRATION|cortexm3ds_logic:u_cortexm3ds_logic|Mianz6                                ;
; cmsdk_apb_subsystem:u_apb_subsystem|gpio:gen_apb_gpio_0.u_gpio_0|gpio_ctrl:x_gpio_ctrl|int_s1[3] ; Stuck at GND              ; cmsdk_apb_subsystem:u_apb_subsystem|gpio:gen_apb_gpio_0.u_gpio_0|gpio_ctrl:x_gpio_ctrl|int_pre_in[3],                 ;
;                                                                                                  ; due to stuck port clock   ; cmsdk_apb_subsystem:u_apb_subsystem|gpio:gen_apb_gpio_0.u_gpio_0|gpio_ctrl:x_gpio_ctrl|gpio_intr_ed_pm[3],            ;
;                                                                                                  ;                           ; CORTEXM3INTEGRATIONDS:u_CORTEXM3INTEGRATION|cortexm3ds_logic:u_cortexm3ds_logic|Lhanz6                                ;
; cmsdk_apb_subsystem:u_apb_subsystem|gpio:gen_apb_gpio_0.u_gpio_0|gpio_ctrl:x_gpio_ctrl|int_s1[2] ; Stuck at GND              ; cmsdk_apb_subsystem:u_apb_subsystem|gpio:gen_apb_gpio_0.u_gpio_0|gpio_ctrl:x_gpio_ctrl|int_pre_in[2],                 ;
;                                                                                                  ; due to stuck port clock   ; cmsdk_apb_subsystem:u_apb_subsystem|gpio:gen_apb_gpio_0.u_gpio_0|gpio_ctrl:x_gpio_ctrl|gpio_intr_ed_pm[2],            ;
;                                                                                                  ;                           ; CORTEXM3INTEGRATIONDS:u_CORTEXM3INTEGRATION|cortexm3ds_logic:u_cortexm3ds_logic|Kganz6                                ;
; cmsdk_apb_subsystem:u_apb_subsystem|gpio:gen_apb_gpio_0.u_gpio_0|gpio_ctrl:x_gpio_ctrl|int_s1[1] ; Stuck at GND              ; cmsdk_apb_subsystem:u_apb_subsystem|gpio:gen_apb_gpio_0.u_gpio_0|gpio_ctrl:x_gpio_ctrl|int_pre_in[1],                 ;
;                                                                                                  ; due to stuck port clock   ; cmsdk_apb_subsystem:u_apb_subsystem|gpio:gen_apb_gpio_0.u_gpio_0|gpio_ctrl:x_gpio_ctrl|gpio_intr_ed_pm[1],            ;
;                                                                                                  ;                           ; CORTEXM3INTEGRATIONDS:u_CORTEXM3INTEGRATION|cortexm3ds_logic:u_cortexm3ds_logic|Jfanz6                                ;
; BusMatrix3x3:u_BusMatrix3x3|InputStage:u_InputStage_2|reg_addr[31]                               ; Stuck at GND              ; BusMatrix3x3:u_BusMatrix3x3|InputStage:u_InputStage_2|burst_override,                                                 ;
;                                                                                                  ; due to stuck port data_in ; BusMatrix3x3:u_BusMatrix3x3|cmsdk_ahb_bm_decodeSI2:u_cmsdk_ahb_bm_decodesi2|data_out_port[1],                         ;
;                                                                                                  ;                           ; BusMatrix3x3:u_BusMatrix3x3|cmsdk_ahb_bm_decodeSI2:u_cmsdk_ahb_bm_decodesi2|data_out_port[0]                          ;
; BusMatrix3x3:u_BusMatrix3x3|InputStage:u_InputStage_2|reg_mastlock                               ; Stuck at GND              ; BusMatrix3x3:u_BusMatrix3x3|OutputStage:u_outputstage_2|hsel_lock,                                                    ;
;                                                                                                  ; due to stuck port data_in ; BusMatrix3x3:u_BusMatrix3x3|OutputStage:u_outputstage_1|hsel_lock,                                                    ;
;                                                                                                  ;                           ; BusMatrix3x3:u_BusMatrix3x3|OutputStage:u_outputstage_0|hsel_lock                                                     ;
; BusMatrix3x3:u_BusMatrix3x3|InputStage:u_InputStage_1|reg_addr[31]                               ; Stuck at GND              ; BusMatrix3x3:u_BusMatrix3x3|cmsdk_ahb_bm_decodeSI1:u_cmsdk_ahb_bm_decodesi1|data_out_port[1],                         ;
;                                                                                                  ; due to stuck port data_in ; BusMatrix3x3:u_BusMatrix3x3|cmsdk_ahb_bm_decodeSI1:u_cmsdk_ahb_bm_decodesi1|data_out_port[0]                          ;
; CORTEXM3INTEGRATIONDS:u_CORTEXM3INTEGRATION|cortexm3ds_logic:u_cortexm3ds_logic|Ab3nz6           ; Stuck at GND              ; CORTEXM3INTEGRATIONDS:u_CORTEXM3INTEGRATION|cortexm3ds_logic:u_cortexm3ds_logic|Wfjnz6,                               ;
;                                                                                                  ; due to stuck port data_in ; CORTEXM3INTEGRATIONDS:u_CORTEXM3INTEGRATION|cortexm3ds_logic:u_cortexm3ds_logic|Qdjnz6                                ;
; CORTEXM3INTEGRATIONDS:u_CORTEXM3INTEGRATION|cortexm3ds_logic:u_cortexm3ds_logic|Pc3t07           ; Lost Fanouts              ; CORTEXM3INTEGRATIONDS:u_CORTEXM3INTEGRATION|cortexm3ds_logic:u_cortexm3ds_logic|Pa3t07,                               ;
;                                                                                                  ;                           ; CORTEXM3INTEGRATIONDS:u_CORTEXM3INTEGRATION|cortexm3ds_logic:u_cortexm3ds_logic|Q83t07                                ;
; BusMatrix3x3:u_BusMatrix3x3|InputStage:u_InputStage_2|reg_trans[0]                               ; Stuck at GND              ; BusMatrix3x3:u_BusMatrix3x3|InputStage:u_InputStage_2|reg_trans[1]                                                    ;
;                                                                                                  ; due to stuck port data_in ;                                                                                                                       ;
; CORTEXM3INTEGRATIONDS:u_CORTEXM3INTEGRATION|cortexm3ds_logic:u_cortexm3ds_logic|L2ua17           ; Stuck at GND              ; CORTEXM3INTEGRATIONDS:u_CORTEXM3INTEGRATION|cortexm3ds_logic:u_cortexm3ds_logic|Fqwa17                                ;
;                                                                                                  ; due to stuck port data_in ;                                                                                                                       ;
+--------------------------------------------------------------------------------------------------+---------------------------+-----------------------------------------------------------------------------------------------------------------------+


+------------------------------------------------------+
; General Register Statistics                          ;
+----------------------------------------------+-------+
; Statistic                                    ; Value ;
+----------------------------------------------+-------+
; Total registers                              ; 6080  ;
; Number of registers using Synchronous Clear  ; 114   ;
; Number of registers using Synchronous Load   ; 285   ;
; Number of registers using Asynchronous Clear ; 3845  ;
; Number of registers using Asynchronous Load  ; 0     ;
; Number of registers using Clock Enable       ; 4159  ;
; Number of registers using Preset             ; 0     ;
+----------------------------------------------+-------+


+-----------------------------------------------------------------------------------------------------------------------------------------------------------+
; Inverted Register Statistics                                                                                                                              ;
+-------------------------------------------------------------------------------------------------------------------------------------------------+---------+
; Inverted Register                                                                                                                               ; Fan out ;
+-------------------------------------------------------------------------------------------------------------------------------------------------+---------+
; cmsdk_apb_subsystem:u_apb_subsystem|cmsdk_apb_uart:gen_apb_uart_1.u_apb_uart_1|reg_txd                                                          ; 1       ;
; i2s_ws~reg0                                                                                                                                     ; 6       ;
; spi_flash_apb_ctrl:u_spi_flash_apb_ctrl|flash_cs_n                                                                                              ; 2       ;
; CORTEXM3INTEGRATIONDS:u_CORTEXM3INTEGRATION|cortexm3ds_logic:u_cortexm3ds_logic|Ui8oz6                                                          ; 13      ;
; CORTEXM3INTEGRATIONDS:u_CORTEXM3INTEGRATION|cortexm3ds_logic:u_cortexm3ds_logic|Foboz6                                                          ; 26      ;
; BusMatrix3x3:u_BusMatrix3x3|OutputStage:u_outputstage_1|cmsdk_ahb_bm_output_arb:u_output_arb|i_no_port                                          ; 5       ;
; BusMatrix3x3:u_BusMatrix3x3|cmsdk_ahb_bm_decodeSI0:u_cmsdk_ahb_bm_decodesi0|BusMatrix3x3_default_slave:u_BusMatrix3x3_default_slave|i_hreadyout ; 2       ;
; BusMatrix3x3:u_BusMatrix3x3|cmsdk_ahb_bm_decodeSI1:u_cmsdk_ahb_bm_decodesi1|BusMatrix3x3_default_slave:u_BusMatrix3x3_default_slave|i_hreadyout ; 3       ;
; CORTEXM3INTEGRATIONDS:u_CORTEXM3INTEGRATION|cortexm3ds_logic:u_cortexm3ds_logic|Vbd917                                                          ; 2       ;
; CORTEXM3INTEGRATIONDS:u_CORTEXM3INTEGRATION|cortexm3ds_logic:u_cortexm3ds_logic|Jhuzz6                                                          ; 2       ;
; CORTEXM3INTEGRATIONDS:u_CORTEXM3INTEGRATION|cortexm3ds_logic:u_cortexm3ds_logic|Ptmoz6                                                          ; 3       ;
; CORTEXM3INTEGRATIONDS:u_CORTEXM3INTEGRATION|cortexm3ds_logic:u_cortexm3ds_logic|Fozf07                                                          ; 3       ;
; CORTEXM3INTEGRATIONDS:u_CORTEXM3INTEGRATION|cortexm3ds_logic:u_cortexm3ds_logic|L86107                                                          ; 14      ;
; CORTEXM3INTEGRATIONDS:u_CORTEXM3INTEGRATION|cortexm3ds_logic:u_cortexm3ds_logic|Ry5107                                                          ; 3       ;
; CORTEXM3INTEGRATIONDS:u_CORTEXM3INTEGRATION|cortexm3ds_logic:u_cortexm3ds_logic|I06107                                                          ; 3       ;
; CORTEXM3INTEGRATIONDS:u_CORTEXM3INTEGRATION|cortexm3ds_logic:u_cortexm3ds_logic|Z16107                                                          ; 3       ;
; CORTEXM3INTEGRATIONDS:u_CORTEXM3INTEGRATION|cortexm3ds_logic:u_cortexm3ds_logic|F56107                                                          ; 13      ;
; CORTEXM3INTEGRATIONDS:u_CORTEXM3INTEGRATION|cortexm3ds_logic:u_cortexm3ds_logic|Yt5107                                                          ; 10      ;
; CORTEXM3INTEGRATIONDS:u_CORTEXM3INTEGRATION|cortexm3ds_logic:u_cortexm3ds_logic|P36107                                                          ; 10      ;
; CORTEXM3INTEGRATIONDS:u_CORTEXM3INTEGRATION|cortexm3ds_logic:u_cortexm3ds_logic|Lous07                                                          ; 18      ;
; CORTEXM3INTEGRATIONDS:u_CORTEXM3INTEGRATION|cortexm3ds_logic:u_cortexm3ds_logic|Is5107                                                          ; 16      ;
; CORTEXM3INTEGRATIONDS:u_CORTEXM3INTEGRATION|cortexm3ds_logic:u_cortexm3ds_logic|V66107                                                          ; 14      ;
; CORTEXM3INTEGRATIONDS:u_CORTEXM3INTEGRATION|cortexm3ds_logic:u_cortexm3ds_logic|Sc4t07                                                          ; 55      ;
; CORTEXM3INTEGRATIONDS:u_CORTEXM3INTEGRATION|cortexm3ds_logic:u_cortexm3ds_logic|Eg1oz6                                                          ; 5       ;
; CORTEXM3INTEGRATIONDS:u_CORTEXM3INTEGRATION|cortexm3ds_logic:u_cortexm3ds_logic|Hasnz6                                                          ; 6       ;
; CORTEXM3INTEGRATIONDS:u_CORTEXM3INTEGRATION|cortexm3ds_logic:u_cortexm3ds_logic|T0xg07                                                          ; 7       ;
; CORTEXM3INTEGRATIONDS:u_CORTEXM3INTEGRATION|cortexm3ds_logic:u_cortexm3ds_logic|P5oh07                                                          ; 29      ;
; CORTEXM3INTEGRATIONDS:u_CORTEXM3INTEGRATION|cortexm3ds_logic:u_cortexm3ds_logic|Jrnh07                                                          ; 2       ;
; CORTEXM3INTEGRATIONDS:u_CORTEXM3INTEGRATION|cortexm3ds_logic:u_cortexm3ds_logic|Dnznz6                                                          ; 3       ;
; CORTEXM3INTEGRATIONDS:u_CORTEXM3INTEGRATION|cortexm3ds_logic:u_cortexm3ds_logic|G08m17                                                          ; 3       ;
; CORTEXM3INTEGRATIONDS:u_CORTEXM3INTEGRATION|cortexm3ds_logic:u_cortexm3ds_logic|Gk8m17                                                          ; 3       ;
; CORTEXM3INTEGRATIONDS:u_CORTEXM3INTEGRATION|cortexm3ds_logic:u_cortexm3ds_logic|Yw8m17                                                          ; 3       ;
; CORTEXM3INTEGRATIONDS:u_CORTEXM3INTEGRATION|cortexm3ds_logic:u_cortexm3ds_logic|R99m17                                                          ; 3       ;
; CORTEXM3INTEGRATIONDS:u_CORTEXM3INTEGRATION|cortexm3ds_logic:u_cortexm3ds_logic|Tggg07                                                          ; 2       ;
; CORTEXM3INTEGRATIONDS:u_CORTEXM3INTEGRATION|cortexm3ds_logic:u_cortexm3ds_logic|Yefzz6                                                          ; 3       ;
; CORTEXM3INTEGRATIONDS:u_CORTEXM3INTEGRATION|cortexm3ds_logic:u_cortexm3ds_logic|Ongg07                                                          ; 4       ;
; CORTEXM3INTEGRATIONDS:u_CORTEXM3INTEGRATION|cortexm3ds_logic:u_cortexm3ds_logic|Iavzz6                                                          ; 2       ;
; CORTEXM3INTEGRATIONDS:u_CORTEXM3INTEGRATION|cortexm3ds_logic:u_cortexm3ds_logic|S8vzz6                                                          ; 2       ;
; CORTEXM3INTEGRATIONDS:u_CORTEXM3INTEGRATION|cortexm3ds_logic:u_cortexm3ds_logic|Gu9oz6                                                          ; 7       ;
; CORTEXM3INTEGRATIONDS:u_CORTEXM3INTEGRATION|cortexm3ds_logic:u_cortexm3ds_logic|Uctnz6                                                          ; 13      ;
; CORTEXM3INTEGRATIONDS:u_CORTEXM3INTEGRATION|cortexm3ds_logic:u_cortexm3ds_logic|Bqus07                                                          ; 6       ;
; CORTEXM3INTEGRATIONDS:u_CORTEXM3INTEGRATION|cortexm3ds_logic:u_cortexm3ds_logic|Cmss07                                                          ; 2       ;
; CORTEXM3INTEGRATIONDS:u_CORTEXM3INTEGRATION|cortexm3ds_logic:u_cortexm3ds_logic|E3us07                                                          ; 2       ;
; CORTEXM3INTEGRATIONDS:u_CORTEXM3INTEGRATION|cortexm3ds_logic:u_cortexm3ds_logic|C9us07                                                          ; 1       ;
; CORTEXM3INTEGRATIONDS:u_CORTEXM3INTEGRATION|cortexm3ds_logic:u_cortexm3ds_logic|U2ph07                                                          ; 10      ;
; BusMatrix3x3:u_BusMatrix3x3|OutputStage:u_outputstage_0|cmsdk_ahb_bm_output_arb:u_output_arb|i_no_port                                          ; 32      ;
; BusMatrix3x3:u_BusMatrix3x3|OutputStage:u_outputstage_2|cmsdk_ahb_bm_output_arb:u_output_arb|i_no_port                                          ; 2       ;
; CORTEXM3INTEGRATIONDS:u_CORTEXM3INTEGRATION|cortexm3ds_logic:u_cortexm3ds_logic|Pzknz6                                                          ; 9       ;
; BusMatrix3x3:u_BusMatrix3x3|cmsdk_ahb_bm_decodeSI2:u_cmsdk_ahb_bm_decodesi2|BusMatrix3x3_default_slave:u_BusMatrix3x3_default_slave|i_hreadyout ; 3       ;
; CORTEXM3INTEGRATIONDS:u_CORTEXM3INTEGRATION|cortexm3ds_logic:u_cortexm3ds_logic|D2jzz6                                                          ; 2       ;
; CORTEXM3INTEGRATIONDS:u_CORTEXM3INTEGRATION|cortexm3ds_logic:u_cortexm3ds_logic|Ketzz6                                                          ; 2       ;
; CORTEXM3INTEGRATIONDS:u_CORTEXM3INTEGRATION|cortexm3ds_logic:u_cortexm3ds_logic|W2noz6                                                          ; 1       ;
; CORTEXM3INTEGRATIONDS:u_CORTEXM3INTEGRATION|cortexm3ds_logic:u_cortexm3ds_logic|Yo5107                                                          ; 1       ;
; CORTEXM3INTEGRATIONDS:u_CORTEXM3INTEGRATION|cortexm3ds_logic:u_cortexm3ds_logic|Cp8m17                                                          ; 12      ;
; CORTEXM3INTEGRATIONDS:u_CORTEXM3INTEGRATION|cortexm3ds_logic:u_cortexm3ds_logic|N9nnz6                                                          ; 2       ;
; CORTEXM3INTEGRATIONDS:u_CORTEXM3INTEGRATION|cortexm3ds_logic:u_cortexm3ds_logic|Hoynz6                                                          ; 3       ;
; CORTEXM3INTEGRATIONDS:u_CORTEXM3INTEGRATION|cortexm3ds_logic:u_cortexm3ds_logic|Ozwa17                                                          ; 3       ;
; CORTEXM3INTEGRATIONDS:u_CORTEXM3INTEGRATION|cortexm3ds_logic:u_cortexm3ds_logic|Gyynz6                                                          ; 49      ;
; CORTEXM3INTEGRATIONDS:u_CORTEXM3INTEGRATION|cortexm3ds_logic:u_cortexm3ds_logic|Kboh07                                                          ; 3       ;
; CORTEXM3INTEGRATIONDS:u_CORTEXM3INTEGRATION|cortexm3ds_logic:u_cortexm3ds_logic|Idoh07                                                          ; 3       ;
; CORTEXM3INTEGRATIONDS:u_CORTEXM3INTEGRATION|cortexm3ds_logic:u_cortexm3ds_logic|Gfoh07                                                          ; 3       ;
; CORTEXM3INTEGRATIONDS:u_CORTEXM3INTEGRATION|cortexm3ds_logic:u_cortexm3ds_logic|Ehoh07                                                          ; 3       ;
; CORTEXM3INTEGRATIONDS:u_CORTEXM3INTEGRATION|cortexm3ds_logic:u_cortexm3ds_logic|Uqoh07                                                          ; 3       ;
; CORTEXM3INTEGRATIONDS:u_CORTEXM3INTEGRATION|cortexm3ds_logic:u_cortexm3ds_logic|Cjoh07                                                          ; 3       ;
; CORTEXM3INTEGRATIONDS:u_CORTEXM3INTEGRATION|cortexm3ds_logic:u_cortexm3ds_logic|Aloh07                                                          ; 3       ;
; CORTEXM3INTEGRATIONDS:u_CORTEXM3INTEGRATION|cortexm3ds_logic:u_cortexm3ds_logic|Ymoh07                                                          ; 3       ;
; CORTEXM3INTEGRATIONDS:u_CORTEXM3INTEGRATION|cortexm3ds_logic:u_cortexm3ds_logic|Wooh07                                                          ; 3       ;
; CORTEXM3INTEGRATIONDS:u_CORTEXM3INTEGRATION|cortexm3ds_logic:u_cortexm3ds_logic|Ba6107                                                          ; 1       ;
; CORTEXM3INTEGRATIONDS:u_CORTEXM3INTEGRATION|cortexm3ds_logic:u_cortexm3ds_logic|Bx5107                                                          ; 1       ;
; CORTEXM3INTEGRATIONDS:u_CORTEXM3INTEGRATION|cortexm3ds_logic:u_cortexm3ds_logic|Mdx917                                                          ; 4       ;
; CORTEXM3INTEGRATIONDS:u_CORTEXM3INTEGRATION|cortexm3ds_logic:u_cortexm3ds_logic|Efx917                                                          ; 4       ;
; CORTEXM3INTEGRATIONDS:u_CORTEXM3INTEGRATION|cortexm3ds_logic:u_cortexm3ds_logic|Dhx917                                                          ; 5       ;
; CORTEXM3INTEGRATIONDS:u_CORTEXM3INTEGRATION|cortexm3ds_logic:u_cortexm3ds_logic|Cjx917                                                          ; 4       ;
; CORTEXM3INTEGRATIONDS:u_CORTEXM3INTEGRATION|cortexm3ds_logic:u_cortexm3ds_logic|Blx917                                                          ; 5       ;
; CORTEXM3INTEGRATIONDS:u_CORTEXM3INTEGRATION|cortexm3ds_logic:u_cortexm3ds_logic|Yiynz6                                                          ; 3       ;
; CORTEXM3INTEGRATIONDS:u_CORTEXM3INTEGRATION|cortexm3ds_logic:u_cortexm3ds_logic|Anx917                                                          ; 3       ;
; CORTEXM3INTEGRATIONDS:u_CORTEXM3INTEGRATION|cortexm3ds_logic:u_cortexm3ds_logic|Ogroz6                                                          ; 2       ;
; CORTEXM3INTEGRATIONDS:u_CORTEXM3INTEGRATION|cortexm3ds_logic:u_cortexm3ds_logic|Ubroz6                                                          ; 1       ;
; CORTEXM3INTEGRATIONDS:u_CORTEXM3INTEGRATION|cortexm3ds_logic:u_cortexm3ds_logic|Rk1g07                                                          ; 1       ;
; CORTEXM3INTEGRATIONDS:u_CORTEXM3INTEGRATION|cortexm3ds_logic:u_cortexm3ds_logic|Dhqh07                                                          ; 1       ;
; cmsdk_apb_subsystem:u_apb_subsystem|cmsdk_apb_uart:gen_apb_uart_1.u_apb_uart_1|rxd_lpf[1]                                                       ; 2       ;
; cmsdk_apb_subsystem:u_apb_subsystem|cmsdk_apb_uart:gen_apb_uart_1.u_apb_uart_1|rxd_lpf[0]                                                       ; 2       ;
; cmsdk_apb_subsystem:u_apb_subsystem|cmsdk_apb_uart:gen_apb_uart_1.u_apb_uart_1|rxd_lpf[2]                                                       ; 1       ;
; CORTEXM3INTEGRATIONDS:u_CORTEXM3INTEGRATION|cortexm3ds_logic:u_cortexm3ds_logic|Aqta17                                                          ; 2       ;
; CORTEXM3INTEGRATIONDS:u_CORTEXM3INTEGRATION|cortexm3ds_logic:u_cortexm3ds_logic|Ky6g07                                                          ; 1       ;
; cmsdk_apb_subsystem:u_apb_subsystem|cmsdk_apb_uart:gen_apb_uart_1.u_apb_uart_1|rxd_sync_2                                                       ; 1       ;
; cmsdk_apb_subsystem:u_apb_subsystem|cmsdk_apb_uart:gen_apb_uart_1.u_apb_uart_1|rxd_sync_1                                                       ; 1       ;
; Total number of inverted registers = 87                                                                                                         ;         ;
+-------------------------------------------------------------------------------------------------------------------------------------------------+---------+


+-------------------------------------------------------------------+
; Registers Packed Into Inferred Megafunctions                      ;
+------------------------------+-----------------------------+------+
; Register Name                ; Megafunction                ; Type ;
+------------------------------+-----------------------------+------+
; AHB2MEM:U_SRAM|HRDATA[0..31] ; AHB2MEM:U_SRAM|memory_rtl_0 ; RAM  ;
+------------------------------+-----------------------------+------+


+--------------------------------------------------------------------------------------------------------------------------------------------------+
; Registers Added for RAM Pass-Through Logic                                                                                                       ;
+------------------------------------------------------------------------------+-------------------------------------------------------------------+
; Register Name                                                                ; RAM Name                                                          ;
+------------------------------------------------------------------------------+-------------------------------------------------------------------+
; audio_ctrl_apb:u_audio_ctrl_apb|audio_fifo:u_audio_fifo|mem_rtl_0_bypass[0]  ; audio_ctrl_apb:u_audio_ctrl_apb|audio_fifo:u_audio_fifo|mem_rtl_0 ;
; audio_ctrl_apb:u_audio_ctrl_apb|audio_fifo:u_audio_fifo|mem_rtl_0_bypass[1]  ; audio_ctrl_apb:u_audio_ctrl_apb|audio_fifo:u_audio_fifo|mem_rtl_0 ;
; audio_ctrl_apb:u_audio_ctrl_apb|audio_fifo:u_audio_fifo|mem_rtl_0_bypass[2]  ; audio_ctrl_apb:u_audio_ctrl_apb|audio_fifo:u_audio_fifo|mem_rtl_0 ;
; audio_ctrl_apb:u_audio_ctrl_apb|audio_fifo:u_audio_fifo|mem_rtl_0_bypass[3]  ; audio_ctrl_apb:u_audio_ctrl_apb|audio_fifo:u_audio_fifo|mem_rtl_0 ;
; audio_ctrl_apb:u_audio_ctrl_apb|audio_fifo:u_audio_fifo|mem_rtl_0_bypass[4]  ; audio_ctrl_apb:u_audio_ctrl_apb|audio_fifo:u_audio_fifo|mem_rtl_0 ;
; audio_ctrl_apb:u_audio_ctrl_apb|audio_fifo:u_audio_fifo|mem_rtl_0_bypass[5]  ; audio_ctrl_apb:u_audio_ctrl_apb|audio_fifo:u_audio_fifo|mem_rtl_0 ;
; audio_ctrl_apb:u_audio_ctrl_apb|audio_fifo:u_audio_fifo|mem_rtl_0_bypass[6]  ; audio_ctrl_apb:u_audio_ctrl_apb|audio_fifo:u_audio_fifo|mem_rtl_0 ;
; audio_ctrl_apb:u_audio_ctrl_apb|audio_fifo:u_audio_fifo|mem_rtl_0_bypass[7]  ; audio_ctrl_apb:u_audio_ctrl_apb|audio_fifo:u_audio_fifo|mem_rtl_0 ;
; audio_ctrl_apb:u_audio_ctrl_apb|audio_fifo:u_audio_fifo|mem_rtl_0_bypass[8]  ; audio_ctrl_apb:u_audio_ctrl_apb|audio_fifo:u_audio_fifo|mem_rtl_0 ;
; audio_ctrl_apb:u_audio_ctrl_apb|audio_fifo:u_audio_fifo|mem_rtl_0_bypass[9]  ; audio_ctrl_apb:u_audio_ctrl_apb|audio_fifo:u_audio_fifo|mem_rtl_0 ;
; audio_ctrl_apb:u_audio_ctrl_apb|audio_fifo:u_audio_fifo|mem_rtl_0_bypass[10] ; audio_ctrl_apb:u_audio_ctrl_apb|audio_fifo:u_audio_fifo|mem_rtl_0 ;
; audio_ctrl_apb:u_audio_ctrl_apb|audio_fifo:u_audio_fifo|mem_rtl_0_bypass[11] ; audio_ctrl_apb:u_audio_ctrl_apb|audio_fifo:u_audio_fifo|mem_rtl_0 ;
; audio_ctrl_apb:u_audio_ctrl_apb|audio_fifo:u_audio_fifo|mem_rtl_0_bypass[12] ; audio_ctrl_apb:u_audio_ctrl_apb|audio_fifo:u_audio_fifo|mem_rtl_0 ;
; audio_ctrl_apb:u_audio_ctrl_apb|audio_fifo:u_audio_fifo|mem_rtl_0_bypass[13] ; audio_ctrl_apb:u_audio_ctrl_apb|audio_fifo:u_audio_fifo|mem_rtl_0 ;
; audio_ctrl_apb:u_audio_ctrl_apb|audio_fifo:u_audio_fifo|mem_rtl_0_bypass[14] ; audio_ctrl_apb:u_audio_ctrl_apb|audio_fifo:u_audio_fifo|mem_rtl_0 ;
; audio_ctrl_apb:u_audio_ctrl_apb|audio_fifo:u_audio_fifo|mem_rtl_0_bypass[15] ; audio_ctrl_apb:u_audio_ctrl_apb|audio_fifo:u_audio_fifo|mem_rtl_0 ;
; audio_ctrl_apb:u_audio_ctrl_apb|audio_fifo:u_audio_fifo|mem_rtl_0_bypass[16] ; audio_ctrl_apb:u_audio_ctrl_apb|audio_fifo:u_audio_fifo|mem_rtl_0 ;
; audio_ctrl_apb:u_audio_ctrl_apb|audio_fifo:u_audio_fifo|mem_rtl_0_bypass[17] ; audio_ctrl_apb:u_audio_ctrl_apb|audio_fifo:u_audio_fifo|mem_rtl_0 ;
; audio_ctrl_apb:u_audio_ctrl_apb|audio_fifo:u_audio_fifo|mem_rtl_0_bypass[18] ; audio_ctrl_apb:u_audio_ctrl_apb|audio_fifo:u_audio_fifo|mem_rtl_0 ;
; audio_ctrl_apb:u_audio_ctrl_apb|audio_fifo:u_audio_fifo|mem_rtl_0_bypass[19] ; audio_ctrl_apb:u_audio_ctrl_apb|audio_fifo:u_audio_fifo|mem_rtl_0 ;
; audio_ctrl_apb:u_audio_ctrl_apb|audio_fifo:u_audio_fifo|mem_rtl_0_bypass[20] ; audio_ctrl_apb:u_audio_ctrl_apb|audio_fifo:u_audio_fifo|mem_rtl_0 ;
; audio_ctrl_apb:u_audio_ctrl_apb|audio_fifo:u_audio_fifo|mem_rtl_0_bypass[21] ; audio_ctrl_apb:u_audio_ctrl_apb|audio_fifo:u_audio_fifo|mem_rtl_0 ;
; audio_ctrl_apb:u_audio_ctrl_apb|audio_fifo:u_audio_fifo|mem_rtl_0_bypass[22] ; audio_ctrl_apb:u_audio_ctrl_apb|audio_fifo:u_audio_fifo|mem_rtl_0 ;
; audio_ctrl_apb:u_audio_ctrl_apb|audio_fifo:u_audio_fifo|mem_rtl_0_bypass[23] ; audio_ctrl_apb:u_audio_ctrl_apb|audio_fifo:u_audio_fifo|mem_rtl_0 ;
; audio_ctrl_apb:u_audio_ctrl_apb|audio_fifo:u_audio_fifo|mem_rtl_0_bypass[24] ; audio_ctrl_apb:u_audio_ctrl_apb|audio_fifo:u_audio_fifo|mem_rtl_0 ;
; audio_ctrl_apb:u_audio_ctrl_apb|audio_fifo:u_audio_fifo|mem_rtl_0_bypass[25] ; audio_ctrl_apb:u_audio_ctrl_apb|audio_fifo:u_audio_fifo|mem_rtl_0 ;
; audio_ctrl_apb:u_audio_ctrl_apb|audio_fifo:u_audio_fifo|mem_rtl_0_bypass[26] ; audio_ctrl_apb:u_audio_ctrl_apb|audio_fifo:u_audio_fifo|mem_rtl_0 ;
; audio_ctrl_apb:u_audio_ctrl_apb|audio_fifo:u_audio_fifo|mem_rtl_0_bypass[27] ; audio_ctrl_apb:u_audio_ctrl_apb|audio_fifo:u_audio_fifo|mem_rtl_0 ;
; audio_ctrl_apb:u_audio_ctrl_apb|audio_fifo:u_audio_fifo|mem_rtl_0_bypass[28] ; audio_ctrl_apb:u_audio_ctrl_apb|audio_fifo:u_audio_fifo|mem_rtl_0 ;
; audio_ctrl_apb:u_audio_ctrl_apb|audio_fifo:u_audio_fifo|mem_rtl_0_bypass[29] ; audio_ctrl_apb:u_audio_ctrl_apb|audio_fifo:u_audio_fifo|mem_rtl_0 ;
; audio_ctrl_apb:u_audio_ctrl_apb|audio_fifo:u_audio_fifo|mem_rtl_0_bypass[30] ; audio_ctrl_apb:u_audio_ctrl_apb|audio_fifo:u_audio_fifo|mem_rtl_0 ;
; audio_ctrl_apb:u_audio_ctrl_apb|audio_fifo:u_audio_fifo|mem_rtl_0_bypass[31] ; audio_ctrl_apb:u_audio_ctrl_apb|audio_fifo:u_audio_fifo|mem_rtl_0 ;
; audio_ctrl_apb:u_audio_ctrl_apb|audio_fifo:u_audio_fifo|mem_rtl_0_bypass[32] ; audio_ctrl_apb:u_audio_ctrl_apb|audio_fifo:u_audio_fifo|mem_rtl_0 ;
+------------------------------------------------------------------------------+-------------------------------------------------------------------+


+-----------------------------------------------------------------------------------------------------------------------------------------------------------------------------------------------------------------------------------------+
; Multiplexer Restructuring Statistics (Restructuring Performed)                                                                                                                                                                          ;
+--------------------+-----------+---------------+----------------------+------------------------+------------+---------------------------------------------------------------------------------------------------------------------------+
; Multiplexer Inputs ; Bus Width ; Baseline Area ; Area if Restructured ; Saving if Restructured ; Registered ; Example Multiplexer Output                                                                                                ;
+--------------------+-----------+---------------+----------------------+------------------------+------------+---------------------------------------------------------------------------------------------------------------------------+
; 3:1                ; 8 bits    ; 16 LEs        ; 8 LEs                ; 8 LEs                  ; Yes        ; |top|spi_flash_apb_ctrl:u_spi_flash_apb_ctrl|spi_module:u_spi_module|tx_shift_reg[6]                                      ;
; 3:1                ; 24 bits   ; 48 LEs        ; 0 LEs                ; 48 LEs                 ; Yes        ; |top|spi_flash_apb_ctrl:u_spi_flash_apb_ctrl|total_len_reg[4]                                                             ;
; 3:1                ; 4 bits    ; 8 LEs         ; 8 LEs                ; 0 LEs                  ; Yes        ; |top|cmsdk_apb_subsystem:u_apb_subsystem|cmsdk_apb_timer:gen_apb_timer_0.u_apb_timer_0|read_mux_byte0_reg[6]              ;
; 3:1                ; 2 bits    ; 4 LEs         ; 2 LEs                ; 2 LEs                  ; Yes        ; |top|BusMatrix3x3:u_BusMatrix3x3|OutputStage:u_outputstage_1|cmsdk_ahb_bm_output_arb:u_output_arb|reg_early_incr_count[1] ;
; 3:1                ; 2 bits    ; 4 LEs         ; 2 LEs                ; 2 LEs                  ; Yes        ; |top|BusMatrix3x3:u_BusMatrix3x3|OutputStage:u_outputstage_0|cmsdk_ahb_bm_output_arb:u_output_arb|reg_early_incr_count[1] ;
; 3:1                ; 2 bits    ; 4 LEs         ; 2 LEs                ; 2 LEs                  ; Yes        ; |top|BusMatrix3x3:u_BusMatrix3x3|OutputStage:u_outputstage_2|cmsdk_ahb_bm_output_arb:u_output_arb|reg_early_incr_count[0] ;
; 3:1                ; 16 bits   ; 32 LEs        ; 16 LEs               ; 16 LEs                 ; Yes        ; |top|audio_ctrl_apb:u_audio_ctrl_apb|audio_fifo:u_audio_fifo|item_cnt[3]                                                  ;
; 5:1                ; 2 bits    ; 6 LEs         ; 4 LEs                ; 2 LEs                  ; Yes        ; |top|cmsdk_apb_subsystem:u_apb_subsystem|cmsdk_apb_timer:gen_apb_timer_0.u_apb_timer_0|read_mux_byte0_reg[3]              ;
; 4:1                ; 16 bits   ; 32 LEs        ; 32 LEs               ; 0 LEs                  ; Yes        ; |top|spi_flash_apb_ctrl:u_spi_flash_apb_ctrl|spi_module:u_spi_module|bit_idx_reg[8]                                       ;
; 4:1                ; 14 bits   ; 28 LEs        ; 28 LEs               ; 0 LEs                  ; Yes        ; |top|cmsdk_apb_subsystem:u_apb_subsystem|cmsdk_ahb_to_apb:u_ahb_to_apb|addr_reg[10]                                       ;
; 3:1                ; 32 bits   ; 64 LEs        ; 32 LEs               ; 32 LEs                 ; Yes        ; |top|spi_flash_apb_ctrl:u_spi_flash_apb_ctrl|wbuf_reg[29]                                                                 ;
; 4:1                ; 32 bits   ; 64 LEs        ; 64 LEs               ; 0 LEs                  ; Yes        ; |top|cmsdk_apb_subsystem:u_apb_subsystem|cmsdk_apb_timer:gen_apb_timer_0.u_apb_timer_0|reg_curr_val[25]                   ;
; 4:1                ; 4 bits    ; 8 LEs         ; 4 LEs                ; 4 LEs                  ; Yes        ; |top|audio_ctrl_apb:u_audio_ctrl_apb|audio_fifo:u_audio_fifo|wr_ptr[1]                                                    ;
; 9:1                ; 3 bits    ; 18 LEs        ; 6 LEs                ; 12 LEs                 ; Yes        ; |top|cmsdk_apb_subsystem:u_apb_subsystem|cmsdk_apb_uart:gen_apb_uart_1.u_apb_uart_1|read_mux_byte0_reg[5]                 ;
; 9:1                ; 2 bits    ; 12 LEs        ; 8 LEs                ; 4 LEs                  ; Yes        ; |top|cmsdk_apb_subsystem:u_apb_subsystem|cmsdk_apb_uart:gen_apb_uart_1.u_apb_uart_1|read_mux_byte0_reg[2]                 ;
; 5:1                ; 16 bits   ; 48 LEs        ; 16 LEs               ; 32 LEs                 ; Yes        ; |top|spi_flash_apb_ctrl:u_spi_flash_apb_ctrl|spi_module:u_spi_module|div_cnt_reg[15]                                      ;
; 6:1                ; 2 bits    ; 8 LEs         ; 4 LEs                ; 4 LEs                  ; Yes        ; |top|BusMatrix3x3:u_BusMatrix3x3|OutputStage:u_outputstage_1|cmsdk_ahb_bm_output_arb:u_output_arb|reg_burst_remain[2]     ;
; 6:1                ; 2 bits    ; 8 LEs         ; 4 LEs                ; 4 LEs                  ; Yes        ; |top|BusMatrix3x3:u_BusMatrix3x3|OutputStage:u_outputstage_0|cmsdk_ahb_bm_output_arb:u_output_arb|reg_burst_remain[2]     ;
; 6:1                ; 2 bits    ; 8 LEs         ; 4 LEs                ; 4 LEs                  ; Yes        ; |top|BusMatrix3x3:u_BusMatrix3x3|OutputStage:u_outputstage_2|cmsdk_ahb_bm_output_arb:u_output_arb|reg_burst_remain[3]     ;
; 5:1                ; 12 bits   ; 36 LEs        ; 12 LEs               ; 24 LEs                 ; Yes        ; |top|spi_flash_apb_ctrl:u_spi_flash_apb_ctrl|erase_addr_reg[16]                                                           ;
; 10:1               ; 2 bits    ; 12 LEs        ; 10 LEs               ; 2 LEs                  ; Yes        ; |top|cmsdk_apb_subsystem:u_apb_subsystem|cmsdk_apb_uart:gen_apb_uart_1.u_apb_uart_1|read_mux_byte0_reg[0]                 ;
; 6:1                ; 24 bits   ; 96 LEs        ; 24 LEs               ; 72 LEs                 ; Yes        ; |top|spi_flash_apb_ctrl:u_spi_flash_apb_ctrl|debug_cnt_reg[11]                                                            ;
; 6:1                ; 24 bits   ; 96 LEs        ; 24 LEs               ; 72 LEs                 ; Yes        ; |top|spi_flash_apb_ctrl:u_spi_flash_apb_ctrl|curr_addr_reg[13]                                                            ;
; 6:1                ; 24 bits   ; 96 LEs        ; 24 LEs               ; 72 LEs                 ; Yes        ; |top|spi_flash_apb_ctrl:u_spi_flash_apb_ctrl|bytes_left_reg[16]                                                           ;
; 7:1                ; 8 bits    ; 32 LEs        ; 16 LEs               ; 16 LEs                 ; Yes        ; |top|spi_flash_apb_ctrl:u_spi_flash_apb_ctrl|page_chunk_left_reg[1]                                                       ;
; 7:1                ; 2 bits    ; 8 LEs         ; 4 LEs                ; 4 LEs                  ; Yes        ; |top|cmsdk_apb_subsystem:u_apb_subsystem|cmsdk_apb_uart:gen_apb_uart_1.u_apb_uart_1|rx_state[3]                           ;
; 6:1                ; 2 bits    ; 8 LEs         ; 2 LEs                ; 6 LEs                  ; Yes        ; |top|spi_flash_apb_ctrl:u_spi_flash_apb_ctrl|wbuf_byte_idx_reg[1]                                                         ;
; 10:1               ; 32 bits   ; 192 LEs       ; 32 LEs               ; 160 LEs                ; Yes        ; |top|spi_flash_apb_ctrl:u_spi_flash_apb_ctrl|poll_count_reg[24]                                                           ;
; 7:1                ; 2 bits    ; 8 LEs         ; 2 LEs                ; 6 LEs                  ; Yes        ; |top|spi_flash_apb_ctrl:u_spi_flash_apb_ctrl|rbuf_byte_idx_reg[0]                                                         ;
; 6:1                ; 8 bits    ; 32 LEs        ; 8 LEs                ; 24 LEs                 ; Yes        ; |top|spi_flash_apb_ctrl:u_spi_flash_apb_ctrl|rbuf_reg[7]                                                                  ;
; 8:1                ; 8 bits    ; 40 LEs        ; 8 LEs                ; 32 LEs                 ; Yes        ; |top|spi_flash_apb_ctrl:u_spi_flash_apb_ctrl|rbuf_reg[31]                                                                 ;
; 7:1                ; 8 bits    ; 32 LEs        ; 8 LEs                ; 24 LEs                 ; Yes        ; |top|spi_flash_apb_ctrl:u_spi_flash_apb_ctrl|rbuf_reg[11]                                                                 ;
; 7:1                ; 8 bits    ; 32 LEs        ; 8 LEs                ; 24 LEs                 ; Yes        ; |top|spi_flash_apb_ctrl:u_spi_flash_apb_ctrl|rbuf_reg[23]                                                                 ;
; 13:1               ; 2 bits    ; 16 LEs        ; 2 LEs                ; 14 LEs                 ; Yes        ; |top|spi_flash_apb_ctrl:u_spi_flash_apb_ctrl|cmd_idx_reg[0]                                                               ;
; 18:1               ; 4 bits    ; 48 LEs        ; 24 LEs               ; 24 LEs                 ; Yes        ; |top|spi_flash_apb_ctrl:u_spi_flash_apb_ctrl|spi_tx_data_reg[7]                                                           ;
; 3:1                ; 32 bits   ; 64 LEs        ; 64 LEs               ; 0 LEs                  ; No         ; |top|BusMatrix3x3:u_BusMatrix3x3|OutputStage:u_outputstage_1|Mux110                                                       ;
; 3:1                ; 3 bits    ; 6 LEs         ; 6 LEs                ; 0 LEs                  ; No         ; |top|CORTEXM3INTEGRATIONDS:u_CORTEXM3INTEGRATION|cortexm3ds_logic:u_cortexm3ds_logic|V9fnv6                               ;
; 3:1                ; 3 bits    ; 6 LEs         ; 6 LEs                ; 0 LEs                  ; No         ; |top|CORTEXM3INTEGRATIONDS:u_CORTEXM3INTEGRATION|cortexm3ds_logic:u_cortexm3ds_logic|Nb9nv6                               ;
; 3:1                ; 3 bits    ; 6 LEs         ; 6 LEs                ; 0 LEs                  ; No         ; |top|CORTEXM3INTEGRATIONDS:u_CORTEXM3INTEGRATION|cortexm3ds_logic:u_cortexm3ds_logic|Fu7nv6                               ;
; 3:1                ; 3 bits    ; 6 LEs         ; 6 LEs                ; 0 LEs                  ; No         ; |top|CORTEXM3INTEGRATIONDS:u_CORTEXM3INTEGRATION|cortexm3ds_logic:u_cortexm3ds_logic|Xc6nv6                               ;
; 3:1                ; 3 bits    ; 6 LEs         ; 6 LEs                ; 0 LEs                  ; No         ; |top|CORTEXM3INTEGRATIONDS:u_CORTEXM3INTEGRATION|cortexm3ds_logic:u_cortexm3ds_logic|Gu4nv6                               ;
; 3:1                ; 3 bits    ; 6 LEs         ; 6 LEs                ; 0 LEs                  ; No         ; |top|CORTEXM3INTEGRATIONDS:u_CORTEXM3INTEGRATION|cortexm3ds_logic:u_cortexm3ds_logic|Srdnv6                               ;
; 3:1                ; 3 bits    ; 6 LEs         ; 6 LEs                ; 0 LEs                  ; No         ; |top|CORTEXM3INTEGRATIONDS:u_CORTEXM3INTEGRATION|cortexm3ds_logic:u_cortexm3ds_logic|Kacnv6                               ;
; 3:1                ; 3 bits    ; 6 LEs         ; 6 LEs                ; 0 LEs                  ; No         ; |top|CORTEXM3INTEGRATIONDS:u_CORTEXM3INTEGRATION|cortexm3ds_logic:u_cortexm3ds_logic|Ctanv6                               ;
; 3:1                ; 2 bits    ; 4 LEs         ; 2 LEs                ; 2 LEs                  ; No         ; |top|BusMatrix3x3:u_BusMatrix3x3|cmsdk_ahb_bm_decodeSI0:u_cmsdk_ahb_bm_decodesi0|addr_out_port.010                        ;
; 3:1                ; 2 bits    ; 4 LEs         ; 4 LEs                ; 0 LEs                  ; No         ; |top|CORTEXM3INTEGRATIONDS:u_CORTEXM3INTEGRATION|cortexm3ds_logic:u_cortexm3ds_logic|Bmo8v6                               ;
; 3:1                ; 12 bits   ; 24 LEs        ; 12 LEs               ; 12 LEs                 ; No         ; |top|cmsdk_apb_subsystem:u_apb_subsystem|cmsdk_apb_uart:gen_apb_uart_1.u_apb_uart_1|PRDATA[8]                             ;
; 3:1                ; 8 bits    ; 16 LEs        ; 16 LEs               ; 0 LEs                  ; No         ; |top|cmsdk_apb_subsystem:u_apb_subsystem|cmsdk_apb_timer:gen_apb_timer_0.u_apb_timer_0|PRDATA[3]                          ;
; 3:1                ; 2 bits    ; 4 LEs         ; 4 LEs                ; 0 LEs                  ; No         ; |top|CORTEXM3INTEGRATIONDS:u_CORTEXM3INTEGRATION|cortexm3ds_logic:u_cortexm3ds_logic|Jms8v6                               ;
; 3:1                ; 3 bits    ; 6 LEs         ; 6 LEs                ; 0 LEs                  ; No         ; |top|CORTEXM3INTEGRATIONDS:u_CORTEXM3INTEGRATION|cortexm3ds_logic:u_cortexm3ds_logic|Cufhw6                               ;
; 3:1                ; 15 bits   ; 30 LEs        ; 30 LEs               ; 0 LEs                  ; No         ; |top|CORTEXM3INTEGRATIONDS:u_CORTEXM3INTEGRATION|cortexm3ds_logic:u_cortexm3ds_logic|ShiftLeft3                           ;
; 3:1                ; 15 bits   ; 30 LEs        ; 15 LEs               ; 15 LEs                 ; No         ; |top|CORTEXM3INTEGRATIONDS:u_CORTEXM3INTEGRATION|cortexm3ds_logic:u_cortexm3ds_logic|ShiftLeft3                           ;
; 3:1                ; 32 bits   ; 64 LEs        ; 32 LEs               ; 32 LEs                 ; No         ; |top|CORTEXM3INTEGRATIONDS:u_CORTEXM3INTEGRATION|cortexm3ds_logic:u_cortexm3ds_logic|ShiftLeft2                           ;
; 3:1                ; 32 bits   ; 64 LEs        ; 32 LEs               ; 32 LEs                 ; No         ; |top|CORTEXM3INTEGRATIONDS:u_CORTEXM3INTEGRATION|cortexm3ds_logic:u_cortexm3ds_logic|ShiftLeft2                           ;
; 4:1                ; 32 bits   ; 64 LEs        ; 64 LEs               ; 0 LEs                  ; No         ; |top|BusMatrix3x3:u_BusMatrix3x3|cmsdk_ahb_bm_decodeSI0:u_cmsdk_ahb_bm_decodesi0|Mux29                                    ;
; 4:1                ; 2 bits    ; 4 LEs         ; 4 LEs                ; 0 LEs                  ; No         ; |top|BusMatrix3x3:u_BusMatrix3x3|OutputStage:u_outputstage_1|i_htransm[0]                                                 ;
; 4:1                ; 8 bits    ; 16 LEs        ; 8 LEs                ; 8 LEs                  ; No         ; |top|spi_flash_apb_ctrl:u_spi_flash_apb_ctrl|prdata[30]                                                                   ;
; 4:1                ; 3 bits    ; 6 LEs         ; 6 LEs                ; 0 LEs                  ; No         ; |top|BusMatrix3x3:u_BusMatrix3x3|OutputStage:u_outputstage_0|i_htransm[0]                                                 ;
; 4:1                ; 16 bits   ; 32 LEs        ; 32 LEs               ; 0 LEs                  ; No         ; |top|BusMatrix3x3:u_BusMatrix3x3|OutputStage:u_outputstage_0|HADDRM[2]                                                    ;
; 4:1                ; 2 bits    ; 4 LEs         ; 4 LEs                ; 0 LEs                  ; No         ; |top|BusMatrix3x3:u_BusMatrix3x3|OutputStage:u_outputstage_2|i_htransm[0]                                                 ;
; 4:1                ; 2 bits    ; 4 LEs         ; 4 LEs                ; 0 LEs                  ; No         ; |top|AHB2MEM:U_SRAM|Mux15                                                                                                 ;
; 4:1                ; 2 bits    ; 4 LEs         ; 4 LEs                ; 0 LEs                  ; No         ; |top|AHB2MEM:U_SRAM|Mux31                                                                                                 ;
; 4:1                ; 4 bits    ; 8 LEs         ; 8 LEs                ; 0 LEs                  ; No         ; |top|audio_ctrl_apb:u_audio_ctrl_apb|audio_fifo:u_audio_fifo|rd_ptr                                                       ;
; 4:1                ; 11 bits   ; 22 LEs        ; 22 LEs               ; 0 LEs                  ; No         ; |top|audio_ctrl_apb:u_audio_ctrl_apb|prdata                                                                               ;
; 6:1                ; 24 bits   ; 96 LEs        ; 72 LEs               ; 24 LEs                 ; No         ; |top|cmsdk_apb_subsystem:u_apb_subsystem|cmsdk_apb_timer:gen_apb_timer_0.u_apb_timer_0|PRDATA[11]                         ;
; 6:1                ; 8 bits    ; 32 LEs        ; 16 LEs               ; 16 LEs                 ; No         ; |top|audio_ctrl_apb:u_audio_ctrl_apb|prdata[23]                                                                           ;
; 6:1                ; 3 bits    ; 12 LEs        ; 9 LEs                ; 3 LEs                  ; No         ; |top|BusMatrix3x3:u_BusMatrix3x3|OutputStage:u_outputstage_0|HADDRM[0]                                                    ;
; 7:1                ; 17 bits   ; 68 LEs        ; 51 LEs               ; 17 LEs                 ; No         ; |top|spi_flash_apb_ctrl:u_spi_flash_apb_ctrl|prdata[17]                                                                   ;
; 8:1                ; 7 bits    ; 35 LEs        ; 35 LEs               ; 0 LEs                  ; No         ; |top|spi_flash_apb_ctrl:u_spi_flash_apb_ctrl|prdata[4]                                                                    ;
; 8:1                ; 4 bits    ; 20 LEs        ; 16 LEs               ; 4 LEs                  ; No         ; |top|audio_ctrl_apb:u_audio_ctrl_apb|prdata[4]                                                                            ;
+--------------------+-----------+---------------+----------------------+------------------------+------------+---------------------------------------------------------------------------------------------------------------------------+


+----------------------------------------------------------------------------------------------+
; Source assignments for AHB2MEM:U_SRAM|altsyncram:memory_rtl_0|altsyncram_6kg1:auto_generated ;
+---------------------------------+--------------------+------+--------------------------------+
; Assignment                      ; Value              ; From ; To                             ;
+---------------------------------+--------------------+------+--------------------------------+
; OPTIMIZE_POWER_DURING_SYNTHESIS ; NORMAL_COMPILATION ; -    ; -                              ;
+---------------------------------+--------------------+------+--------------------------------+


+------------------------------------------------------------------------------------------------------------------------------------+
; Source assignments for audio_ctrl_apb:u_audio_ctrl_apb|audio_fifo:u_audio_fifo|altsyncram:mem_rtl_0|altsyncram_gnb1:auto_generated ;
+---------------------------------+--------------------+------+----------------------------------------------------------------------+
; Assignment                      ; Value              ; From ; To                                                                   ;
+---------------------------------+--------------------+------+----------------------------------------------------------------------+
; OPTIMIZE_POWER_DURING_SYNTHESIS ; NORMAL_COMPILATION ; -    ; -                                                                    ;
+---------------------------------+--------------------+------+----------------------------------------------------------------------+


+-------------------------------------------------------------+
; Parameter Settings for User Entity Instance: AHB2MEM:U_SRAM ;
+----------------+-------+------------------------------------+
; Parameter Name ; Value ; Type                               ;
+----------------+-------+------------------------------------+
; MEMWIDTH       ; 16    ; Signed Integer                     ;
+----------------+-------+------------------------------------+
Note: In order to hide this table in the UI and the text report file, please set the "Show Parameter Settings in Synthesis Report" option in "Analysis and Synthesis Settings -> More Settings" to "Off".


+------------------------------------------------------------------------+
; Parameter Settings for User Entity Instance: i2s_rx_core:u_i2s_rx_core ;
+----------------+-------+-----------------------------------------------+
; Parameter Name ; Value ; Type                                          ;
+----------------+-------+-----------------------------------------------+
; SAMPLE_WIDTH   ; 24    ; Signed Integer                                ;
; SLOT_WIDTH     ; 32    ; Signed Integer                                ;
; WS_POL_LEFT    ; 0     ; Unsigned Binary                               ;
+----------------+-------+-----------------------------------------------+
Note: In order to hide this table in the UI and the text report file, please set the "Show Parameter Settings in Synthesis Report" option in "Analysis and Synthesis Settings -> More Settings" to "Off".


+------------------------------------------------------------------------------+
; Parameter Settings for User Entity Instance: audio_ctrl_apb:u_audio_ctrl_apb ;
+----------------+-------+-----------------------------------------------------+
; Parameter Name ; Value ; Type                                                ;
+----------------+-------+-----------------------------------------------------+
; FIFO_DEPTH     ; 16    ; Signed Integer                                      ;
+----------------+-------+-----------------------------------------------------+
Note: In order to hide this table in the UI and the text report file, please set the "Show Parameter Settings in Synthesis Report" option in "Analysis and Synthesis Settings -> More Settings" to "Off".


+------------------------------------------------------------------------------------------------------+
; Parameter Settings for User Entity Instance: audio_ctrl_apb:u_audio_ctrl_apb|audio_fifo:u_audio_fifo ;
+----------------+-------+-----------------------------------------------------------------------------+
; Parameter Name ; Value ; Type                                                                        ;
+----------------+-------+-----------------------------------------------------------------------------+
; DATA_WIDTH     ; 24    ; Signed Integer                                                              ;
; FIFO_DEPTH     ; 16    ; Signed Integer                                                              ;
+----------------+-------+-----------------------------------------------------------------------------+
Note: In order to hide this table in the UI and the text report file, please set the "Show Parameter Settings in Synthesis Report" option in "Analysis and Synthesis Settings -> More Settings" to "Off".


+--------------------------------------------------------------------------------------+
; Parameter Settings for User Entity Instance: spi_flash_apb_ctrl:u_spi_flash_apb_ctrl ;
+----------------+----------------------------------+----------------------------------+
; Parameter Name ; Value                            ; Type                             ;
+----------------+----------------------------------+----------------------------------+
; SPI_HALF_DIV   ; 4                                ; Signed Integer                   ;
; POLL_TIMEOUT   ; 00000000000011110100001001000000 ; Unsigned Binary                  ;
+----------------+----------------------------------+----------------------------------+
Note: In order to hide this table in the UI and the text report file, please set the "Show Parameter Settings in Synthesis Report" option in "Analysis and Synthesis Settings -> More Settings" to "Off".


+--------------------------------------------------------------------------------------------------------------+
; Parameter Settings for User Entity Instance: spi_flash_apb_ctrl:u_spi_flash_apb_ctrl|spi_module:u_spi_module ;
+-------------------+-------+----------------------------------------------------------------------------------+
; Parameter Name    ; Value ; Type                                                                             ;
+-------------------+-------+----------------------------------------------------------------------------------+
; CPOL              ; 0     ; Unsigned Binary                                                                  ;
; CPHA              ; 0     ; Unsigned Binary                                                                  ;
; INVERT_DATA_ORDER ; 0     ; Unsigned Binary                                                                  ;
; SPI_WORD_LEN      ; 8     ; Signed Integer                                                                   ;
; SPI_HALF_DIV      ; 4     ; Signed Integer                                                                   ;
+-------------------+-------+----------------------------------------------------------------------------------+
Note: In order to hide this table in the UI and the text report file, please set the "Show Parameter Settings in Synthesis Report" option in "Analysis and Synthesis Settings -> More Settings" to "Off".


+----------------------------------------------------------------------------------+
; Parameter Settings for User Entity Instance: cmsdk_apb_subsystem:u_apb_subsystem ;
+--------------------------+-------+-----------------------------------------------+
; Parameter Name           ; Value ; Type                                          ;
+--------------------------+-------+-----------------------------------------------+
; APB_EXT_PORT12_ENABLE    ; 1     ; Signed Integer                                ;
; APB_EXT_PORT13_ENABLE    ; 1     ; Signed Integer                                ;
; APB_EXT_PORT14_ENABLE    ; 0     ; Signed Integer                                ;
; APB_EXT_PORT15_ENABLE    ; 0     ; Signed Integer                                ;
; INCLUDE_IRQ_SYNCHRONIZER ; 0     ; Signed Integer                                ;
; INCLUDE_APB_TEST_SLAVE   ; 0     ; Signed Integer                                ;
; INCLUDE_APB_TIMER0       ; 1     ; Signed Integer                                ;
; INCLUDE_APB_TIMER1       ; 0     ; Signed Integer                                ;
; INCLUDE_APB_DUALTIMER0   ; 0     ; Signed Integer                                ;
; INCLUDE_APB_GPIO0        ; 1     ; Signed Integer                                ;
; INCLUDE_APB_UART1        ; 1     ; Signed Integer                                ;
; INCLUDE_APB_UART2        ; 0     ; Signed Integer                                ;
; INCLUDE_APB_WATCHDOG     ; 0     ; Signed Integer                                ;
; BE                       ; 0     ; Signed Integer                                ;
+--------------------------+-------+-----------------------------------------------+
Note: In order to hide this table in the UI and the text report file, please set the "Show Parameter Settings in Synthesis Report" option in "Analysis and Synthesis Settings -> More Settings" to "Off".


+----------------------------------------------------------------------------------------------------------------+
; Parameter Settings for User Entity Instance: cmsdk_apb_subsystem:u_apb_subsystem|cmsdk_ahb_to_apb:u_ahb_to_apb ;
+----------------+-------+---------------------------------------------------------------------------------------+
; Parameter Name ; Value ; Type                                                                                  ;
+----------------+-------+---------------------------------------------------------------------------------------+
; ADDRWIDTH      ; 16    ; Signed Integer                                                                        ;
; REGISTER_RDATA ; 1     ; Signed Integer                                                                        ;
; REGISTER_WDATA ; 0     ; Signed Integer                                                                        ;
+----------------+-------+---------------------------------------------------------------------------------------+
Note: In order to hide this table in the UI and the text report file, please set the "Show Parameter Settings in Synthesis Report" option in "Analysis and Synthesis Settings -> More Settings" to "Off".


+----------------------------------------------------------------------------------------------------------------------+
; Parameter Settings for User Entity Instance: cmsdk_apb_subsystem:u_apb_subsystem|cmsdk_apb_slave_mux:u_apb_slave_mux ;
+----------------+-------+---------------------------------------------------------------------------------------------+
; Parameter Name ; Value ; Type                                                                                        ;
+----------------+-------+---------------------------------------------------------------------------------------------+
; PORT0_ENABLE   ; 1     ; Signed Integer                                                                              ;
; PORT1_ENABLE   ; 0     ; Signed Integer                                                                              ;
; PORT2_ENABLE   ; 0     ; Signed Integer                                                                              ;
; PORT3_ENABLE   ; 0     ; Signed Integer                                                                              ;
; PORT4_ENABLE   ; 1     ; Signed Integer                                                                              ;
; PORT5_ENABLE   ; 1     ; Signed Integer                                                                              ;
; PORT6_ENABLE   ; 0     ; Signed Integer                                                                              ;
; PORT7_ENABLE   ; 0     ; Signed Integer                                                                              ;
; PORT8_ENABLE   ; 0     ; Signed Integer                                                                              ;
; PORT9_ENABLE   ; 0     ; Signed Integer                                                                              ;
; PORT10_ENABLE  ; 0     ; Signed Integer                                                                              ;
; PORT11_ENABLE  ; 0     ; Signed Integer                                                                              ;
; PORT12_ENABLE  ; 1     ; Signed Integer                                                                              ;
; PORT13_ENABLE  ; 1     ; Signed Integer                                                                              ;
; PORT14_ENABLE  ; 0     ; Signed Integer                                                                              ;
; PORT15_ENABLE  ; 0     ; Signed Integer                                                                              ;
+----------------+-------+---------------------------------------------------------------------------------------------+
Note: In order to hide this table in the UI and the text report file, please set the "Show Parameter Settings in Synthesis Report" option in "Analysis and Synthesis Settings -> More Settings" to "Off".


+-----------------------------------------------------------------------------------------+
; Parameter Settings for Inferred Entity Instance: AHB2MEM:U_SRAM|altsyncram:memory_rtl_0 ;
+------------------------------------+----------------------+-----------------------------+
; Parameter Name                     ; Value                ; Type                        ;
+------------------------------------+----------------------+-----------------------------+
; BYTE_SIZE_BLOCK                    ; 8                    ; Untyped                     ;
; AUTO_CARRY_CHAINS                  ; ON                   ; AUTO_CARRY                  ;
; IGNORE_CARRY_BUFFERS               ; OFF                  ; IGNORE_CARRY                ;
; AUTO_CASCADE_CHAINS                ; ON                   ; AUTO_CASCADE                ;
; IGNORE_CASCADE_BUFFERS             ; OFF                  ; IGNORE_CASCADE              ;
; WIDTH_BYTEENA                      ; 1                    ; Untyped                     ;
; OPERATION_MODE                     ; DUAL_PORT            ; Untyped                     ;
; WIDTH_A                            ; 32                   ; Untyped                     ;
; WIDTHAD_A                          ; 14                   ; Untyped                     ;
; NUMWORDS_A                         ; 16384                ; Untyped                     ;
; OUTDATA_REG_A                      ; UNREGISTERED         ; Untyped                     ;
; ADDRESS_ACLR_A                     ; NONE                 ; Untyped                     ;
; OUTDATA_ACLR_A                     ; NONE                 ; Untyped                     ;
; WRCONTROL_ACLR_A                   ; NONE                 ; Untyped                     ;
; INDATA_ACLR_A                      ; NONE                 ; Untyped                     ;
; BYTEENA_ACLR_A                     ; NONE                 ; Untyped                     ;
; WIDTH_B                            ; 32                   ; Untyped                     ;
; WIDTHAD_B                          ; 14                   ; Untyped                     ;
; NUMWORDS_B                         ; 16384                ; Untyped                     ;
; INDATA_REG_B                       ; CLOCK1               ; Untyped                     ;
; WRCONTROL_WRADDRESS_REG_B          ; CLOCK1               ; Untyped                     ;
; RDCONTROL_REG_B                    ; CLOCK1               ; Untyped                     ;
; ADDRESS_REG_B                      ; CLOCK0               ; Untyped                     ;
; OUTDATA_REG_B                      ; UNREGISTERED         ; Untyped                     ;
; BYTEENA_REG_B                      ; CLOCK1               ; Untyped                     ;
; INDATA_ACLR_B                      ; NONE                 ; Untyped                     ;
; WRCONTROL_ACLR_B                   ; NONE                 ; Untyped                     ;
; ADDRESS_ACLR_B                     ; NONE                 ; Untyped                     ;
; OUTDATA_ACLR_B                     ; NONE                 ; Untyped                     ;
; RDCONTROL_ACLR_B                   ; NONE                 ; Untyped                     ;
; BYTEENA_ACLR_B                     ; NONE                 ; Untyped                     ;
; WIDTH_BYTEENA_A                    ; 1                    ; Untyped                     ;
; WIDTH_BYTEENA_B                    ; 1                    ; Untyped                     ;
; RAM_BLOCK_TYPE                     ; AUTO                 ; Untyped                     ;
; BYTE_SIZE                          ; 8                    ; Untyped                     ;
; READ_DURING_WRITE_MODE_MIXED_PORTS ; OLD_DATA             ; Untyped                     ;
; READ_DURING_WRITE_MODE_PORT_A      ; NEW_DATA_NO_NBE_READ ; Untyped                     ;
; READ_DURING_WRITE_MODE_PORT_B      ; NEW_DATA_NO_NBE_READ ; Untyped                     ;
; INIT_FILE                          ; UNUSED               ; Untyped                     ;
; INIT_FILE_LAYOUT                   ; PORT_A               ; Untyped                     ;
; MAXIMUM_DEPTH                      ; 0                    ; Untyped                     ;
; CLOCK_ENABLE_INPUT_A               ; NORMAL               ; Untyped                     ;
; CLOCK_ENABLE_INPUT_B               ; NORMAL               ; Untyped                     ;
; CLOCK_ENABLE_OUTPUT_A              ; NORMAL               ; Untyped                     ;
; CLOCK_ENABLE_OUTPUT_B              ; NORMAL               ; Untyped                     ;
; CLOCK_ENABLE_CORE_A                ; USE_INPUT_CLKEN      ; Untyped                     ;
; CLOCK_ENABLE_CORE_B                ; USE_INPUT_CLKEN      ; Untyped                     ;
; ENABLE_ECC                         ; FALSE                ; Untyped                     ;
; ECC_PIPELINE_STAGE_ENABLED         ; FALSE                ; Untyped                     ;
; WIDTH_ECCSTATUS                    ; 3                    ; Untyped                     ;
; DEVICE_FAMILY                      ; MAX 10               ; Untyped                     ;
; CBXI_PARAMETER                     ; altsyncram_6kg1      ; Untyped                     ;
+------------------------------------+----------------------+-----------------------------+
Note: In order to hide this table in the UI and the text report file, please set the "Show Parameter Settings in Synthesis Report" option in "Analysis and Synthesis Settings -> More Settings" to "Off".


+-------------------------------------------------------------------------------------------------------------------------------+
; Parameter Settings for Inferred Entity Instance: audio_ctrl_apb:u_audio_ctrl_apb|audio_fifo:u_audio_fifo|altsyncram:mem_rtl_0 ;
+------------------------------------+----------------------+-------------------------------------------------------------------+
; Parameter Name                     ; Value                ; Type                                                              ;
+------------------------------------+----------------------+-------------------------------------------------------------------+
; BYTE_SIZE_BLOCK                    ; 8                    ; Untyped                                                           ;
; AUTO_CARRY_CHAINS                  ; ON                   ; AUTO_CARRY                                                        ;
; IGNORE_CARRY_BUFFERS               ; OFF                  ; IGNORE_CARRY                                                      ;
; AUTO_CASCADE_CHAINS                ; ON                   ; AUTO_CASCADE                                                      ;
; IGNORE_CASCADE_BUFFERS             ; OFF                  ; IGNORE_CASCADE                                                    ;
; WIDTH_BYTEENA                      ; 1                    ; Untyped                                                           ;
; OPERATION_MODE                     ; DUAL_PORT            ; Untyped                                                           ;
; WIDTH_A                            ; 24                   ; Untyped                                                           ;
; WIDTHAD_A                          ; 4                    ; Untyped                                                           ;
; NUMWORDS_A                         ; 16                   ; Untyped                                                           ;
; OUTDATA_REG_A                      ; UNREGISTERED         ; Untyped                                                           ;
; ADDRESS_ACLR_A                     ; NONE                 ; Untyped                                                           ;
; OUTDATA_ACLR_A                     ; NONE                 ; Untyped                                                           ;
; WRCONTROL_ACLR_A                   ; NONE                 ; Untyped                                                           ;
; INDATA_ACLR_A                      ; NONE                 ; Untyped                                                           ;
; BYTEENA_ACLR_A                     ; NONE                 ; Untyped                                                           ;
; WIDTH_B                            ; 24                   ; Untyped                                                           ;
; WIDTHAD_B                          ; 4                    ; Untyped                                                           ;
; NUMWORDS_B                         ; 16                   ; Untyped                                                           ;
; INDATA_REG_B                       ; CLOCK1               ; Untyped                                                           ;
; WRCONTROL_WRADDRESS_REG_B          ; CLOCK1               ; Untyped                                                           ;
; RDCONTROL_REG_B                    ; CLOCK1               ; Untyped                                                           ;
; ADDRESS_REG_B                      ; CLOCK0               ; Untyped                                                           ;
; OUTDATA_REG_B                      ; UNREGISTERED         ; Untyped                                                           ;
; BYTEENA_REG_B                      ; CLOCK1               ; Untyped                                                           ;
; INDATA_ACLR_B                      ; NONE                 ; Untyped                                                           ;
; WRCONTROL_ACLR_B                   ; NONE                 ; Untyped                                                           ;
; ADDRESS_ACLR_B                     ; NONE                 ; Untyped                                                           ;
; OUTDATA_ACLR_B                     ; NONE                 ; Untyped                                                           ;
; RDCONTROL_ACLR_B                   ; NONE                 ; Untyped                                                           ;
; BYTEENA_ACLR_B                     ; NONE                 ; Untyped                                                           ;
; WIDTH_BYTEENA_A                    ; 1                    ; Untyped                                                           ;
; WIDTH_BYTEENA_B                    ; 1                    ; Untyped                                                           ;
; RAM_BLOCK_TYPE                     ; AUTO                 ; Untyped                                                           ;
; BYTE_SIZE                          ; 8                    ; Untyped                                                           ;
; READ_DURING_WRITE_MODE_MIXED_PORTS ; DONT_CARE            ; Untyped                                                           ;
; READ_DURING_WRITE_MODE_PORT_A      ; NEW_DATA_NO_NBE_READ ; Untyped                                                           ;
; READ_DURING_WRITE_MODE_PORT_B      ; NEW_DATA_NO_NBE_READ ; Untyped                                                           ;
; INIT_FILE                          ; UNUSED               ; Untyped                                                           ;
; INIT_FILE_LAYOUT                   ; PORT_A               ; Untyped                                                           ;
; MAXIMUM_DEPTH                      ; 0                    ; Untyped                                                           ;
; CLOCK_ENABLE_INPUT_A               ; NORMAL               ; Untyped                                                           ;
; CLOCK_ENABLE_INPUT_B               ; NORMAL               ; Untyped                                                           ;
; CLOCK_ENABLE_OUTPUT_A              ; NORMAL               ; Untyped                                                           ;
; CLOCK_ENABLE_OUTPUT_B              ; NORMAL               ; Untyped                                                           ;
; CLOCK_ENABLE_CORE_A                ; USE_INPUT_CLKEN      ; Untyped                                                           ;
; CLOCK_ENABLE_CORE_B                ; USE_INPUT_CLKEN      ; Untyped                                                           ;
; ENABLE_ECC                         ; FALSE                ; Untyped                                                           ;
; ECC_PIPELINE_STAGE_ENABLED         ; FALSE                ; Untyped                                                           ;
; WIDTH_ECCSTATUS                    ; 3                    ; Untyped                                                           ;
; DEVICE_FAMILY                      ; MAX 10               ; Untyped                                                           ;
; CBXI_PARAMETER                     ; altsyncram_gnb1      ; Untyped                                                           ;
+------------------------------------+----------------------+-------------------------------------------------------------------+
Note: In order to hide this table in the UI and the text report file, please set the "Show Parameter Settings in Synthesis Report" option in "Analysis and Synthesis Settings -> More Settings" to "Off".


+-------------------------------------------------------------------------------------------------------------------------------------------------+
; Parameter Settings for Inferred Entity Instance: CORTEXM3INTEGRATIONDS:u_CORTEXM3INTEGRATION|cortexm3ds_logic:u_cortexm3ds_logic|lpm_mult:Mult0 ;
+------------------------------------------------+----------+-------------------------------------------------------------------------------------+
; Parameter Name                                 ; Value    ; Type                                                                                ;
+------------------------------------------------+----------+-------------------------------------------------------------------------------------+
; AUTO_CARRY_CHAINS                              ; ON       ; AUTO_CARRY                                                                          ;
; IGNORE_CARRY_BUFFERS                           ; OFF      ; IGNORE_CARRY                                                                        ;
; AUTO_CASCADE_CHAINS                            ; ON       ; AUTO_CASCADE                                                                        ;
; IGNORE_CASCADE_BUFFERS                         ; OFF      ; IGNORE_CASCADE                                                                      ;
; LPM_WIDTHA                                     ; 32       ; Untyped                                                                             ;
; LPM_WIDTHB                                     ; 32       ; Untyped                                                                             ;
; LPM_WIDTHP                                     ; 64       ; Untyped                                                                             ;
; LPM_WIDTHR                                     ; 64       ; Untyped                                                                             ;
; LPM_WIDTHS                                     ; 1        ; Untyped                                                                             ;
; LPM_REPRESENTATION                             ; UNSIGNED ; Untyped                                                                             ;
; LPM_PIPELINE                                   ; 0        ; Untyped                                                                             ;
; LATENCY                                        ; 0        ; Untyped                                                                             ;
; INPUT_A_IS_CONSTANT                            ; NO       ; Untyped                                                                             ;
; INPUT_B_IS_CONSTANT                            ; NO       ; Untyped                                                                             ;
; USE_EAB                                        ; OFF      ; Untyped                                                                             ;
; MAXIMIZE_SPEED                                 ; 5        ; Untyped                                                                             ;
; DEVICE_FAMILY                                  ; MAX 10   ; Untyped                                                                             ;
; CARRY_CHAIN                                    ; MANUAL   ; Untyped                                                                             ;
; APEX20K_TECHNOLOGY_MAPPER                      ; LUT      ; TECH_MAPPER_APEX20K                                                                 ;
; DEDICATED_MULTIPLIER_CIRCUITRY                 ; AUTO     ; Untyped                                                                             ;
; DEDICATED_MULTIPLIER_MIN_INPUT_WIDTH_FOR_AUTO  ; 0        ; Untyped                                                                             ;
; DEDICATED_MULTIPLIER_MIN_OUTPUT_WIDTH_FOR_AUTO ; 0        ; Untyped                                                                             ;
; CBXI_PARAMETER                                 ; mult_tns ; Untyped                                                                             ;
; INPUT_A_FIXED_VALUE                            ; Bx       ; Untyped                                                                             ;
; INPUT_B_FIXED_VALUE                            ; Bx       ; Untyped                                                                             ;
; USE_AHDL_IMPLEMENTATION                        ; OFF      ; Untyped                                                                             ;
+------------------------------------------------+----------+-------------------------------------------------------------------------------------+
Note: In order to hide this table in the UI and the text report file, please set the "Show Parameter Settings in Synthesis Report" option in "Analysis and Synthesis Settings -> More Settings" to "Off".


+----------------------------------------------------------------------------------------------------------------------------------------------------+
; Parameter Settings for Inferred Entity Instance: CORTEXM3INTEGRATIONDS:u_CORTEXM3INTEGRATION|cortexm3ds_logic:u_cortexm3ds_logic|lpm_add_sub:Add25 ;
+------------------------+-------------+-------------------------------------------------------------------------------------------------------------+
; Parameter Name         ; Value       ; Type                                                                                                        ;
+------------------------+-------------+-------------------------------------------------------------------------------------------------------------+
; LPM_WIDTH              ; 32          ; Untyped                                                                                                     ;
; LPM_REPRESENTATION     ; UNSIGNED    ; Untyped                                                                                                     ;
; LPM_DIRECTION          ; DEFAULT     ; Untyped                                                                                                     ;
; ONE_INPUT_IS_CONSTANT  ; NO          ; Untyped                                                                                                     ;
; LPM_PIPELINE           ; 0           ; Untyped                                                                                                     ;
; MAXIMIZE_SPEED         ; 5           ; Untyped                                                                                                     ;
; REGISTERED_AT_END      ; 0           ; Untyped                                                                                                     ;
; OPTIMIZE_FOR_SPEED     ; 5           ; Untyped                                                                                                     ;
; USE_CS_BUFFERS         ; 1           ; Untyped                                                                                                     ;
; CARRY_CHAIN            ; MANUAL      ; Untyped                                                                                                     ;
; CARRY_CHAIN_LENGTH     ; 48          ; CARRY_CHAIN_LENGTH                                                                                          ;
; DEVICE_FAMILY          ; MAX 10      ; Untyped                                                                                                     ;
; USE_WYS                ; OFF         ; Untyped                                                                                                     ;
; STYLE                  ; FAST        ; Untyped                                                                                                     ;
; CBXI_PARAMETER         ; add_sub_fai ; Untyped                                                                                                     ;
; AUTO_CARRY_CHAINS      ; ON          ; AUTO_CARRY                                                                                                  ;
; IGNORE_CARRY_BUFFERS   ; OFF         ; IGNORE_CARRY                                                                                                ;
; AUTO_CASCADE_CHAINS    ; ON          ; AUTO_CASCADE                                                                                                ;
; IGNORE_CASCADE_BUFFERS ; OFF         ; IGNORE_CASCADE                                                                                              ;
+------------------------+-------------+-------------------------------------------------------------------------------------------------------------+
Note: In order to hide this table in the UI and the text report file, please set the "Show Parameter Settings in Synthesis Report" option in "Analysis and Synthesis Settings -> More Settings" to "Off".


+--------------------------------------------------------------------------------------------------------------------------+
; altsyncram Parameter Settings by Entity Instance                                                                         ;
+-------------------------------------------+------------------------------------------------------------------------------+
; Name                                      ; Value                                                                        ;
+-------------------------------------------+------------------------------------------------------------------------------+
; Number of entity instances                ; 2                                                                            ;
; Entity Instance                           ; AHB2MEM:U_SRAM|altsyncram:memory_rtl_0                                       ;
;     -- OPERATION_MODE                     ; DUAL_PORT                                                                    ;
;     -- WIDTH_A                            ; 32                                                                           ;
;     -- NUMWORDS_A                         ; 16384                                                                        ;
;     -- OUTDATA_REG_A                      ; UNREGISTERED                                                                 ;
;     -- WIDTH_B                            ; 32                                                                           ;
;     -- NUMWORDS_B                         ; 16384                                                                        ;
;     -- ADDRESS_REG_B                      ; CLOCK0                                                                       ;
;     -- OUTDATA_REG_B                      ; UNREGISTERED                                                                 ;
;     -- RAM_BLOCK_TYPE                     ; AUTO                                                                         ;
;     -- READ_DURING_WRITE_MODE_MIXED_PORTS ; OLD_DATA                                                                     ;
; Entity Instance                           ; audio_ctrl_apb:u_audio_ctrl_apb|audio_fifo:u_audio_fifo|altsyncram:mem_rtl_0 ;
;     -- OPERATION_MODE                     ; DUAL_PORT                                                                    ;
;     -- WIDTH_A                            ; 24                                                                           ;
;     -- NUMWORDS_A                         ; 16                                                                           ;
;     -- OUTDATA_REG_A                      ; UNREGISTERED                                                                 ;
;     -- WIDTH_B                            ; 24                                                                           ;
;     -- NUMWORDS_B                         ; 16                                                                           ;
;     -- ADDRESS_REG_B                      ; CLOCK0                                                                       ;
;     -- OUTDATA_REG_B                      ; UNREGISTERED                                                                 ;
;     -- RAM_BLOCK_TYPE                     ; AUTO                                                                         ;
;     -- READ_DURING_WRITE_MODE_MIXED_PORTS ; DONT_CARE                                                                    ;
+-------------------------------------------+------------------------------------------------------------------------------+


+----------------------------------------------------------------------------------------------------------------------------------------+
; lpm_mult Parameter Settings by Entity Instance                                                                                         ;
+---------------------------------------+------------------------------------------------------------------------------------------------+
; Name                                  ; Value                                                                                          ;
+---------------------------------------+------------------------------------------------------------------------------------------------+
; Number of entity instances            ; 1                                                                                              ;
; Entity Instance                       ; CORTEXM3INTEGRATIONDS:u_CORTEXM3INTEGRATION|cortexm3ds_logic:u_cortexm3ds_logic|lpm_mult:Mult0 ;
;     -- LPM_WIDTHA                     ; 32                                                                                             ;
;     -- LPM_WIDTHB                     ; 32                                                                                             ;
;     -- LPM_WIDTHP                     ; 64                                                                                             ;
;     -- LPM_REPRESENTATION             ; UNSIGNED                                                                                       ;
;     -- INPUT_A_IS_CONSTANT            ; NO                                                                                             ;
;     -- INPUT_B_IS_CONSTANT            ; NO                                                                                             ;
;     -- USE_EAB                        ; OFF                                                                                            ;
;     -- DEDICATED_MULTIPLIER_CIRCUITRY ; AUTO                                                                                           ;
;     -- INPUT_A_FIXED_VALUE            ; Bx                                                                                             ;
;     -- INPUT_B_FIXED_VALUE            ; Bx                                                                                             ;
+---------------------------------------+------------------------------------------------------------------------------------------------+


+---------------------------------------------------------------------------------------------------------------------+
; Port Connectivity Checks: "cmsdk_apb_subsystem:u_apb_subsystem|cmsdk_apb_uart:gen_apb_uart_1.u_apb_uart_1"          ;
+-----------+--------+----------+-------------------------------------------------------------------------------------+
; Port      ; Type   ; Severity ; Details                                                                             ;
+-----------+--------+----------+-------------------------------------------------------------------------------------+
; ECOREVNUM ; Input  ; Info     ; Stuck at GND                                                                        ;
; BAUDTICK  ; Output ; Info     ; Explicitly unconnected                                                              ;
; UARTINT   ; Output ; Info     ; Connected to dangling logic. Logic that only feeds a dangling port will be removed. ;
+-----------+--------+----------+-------------------------------------------------------------------------------------+


+------------------------------------------------------------------------------------------------------------------------------+
; Port Connectivity Checks: "cmsdk_apb_subsystem:u_apb_subsystem|gpio:gen_apb_gpio_0.u_gpio_0|gpio_ctrl:x_gpio_ctrl"           ;
+--------------------+--------+----------+-------------------------------------------------------------------------------------+
; Port               ; Type   ; Severity ; Details                                                                             ;
+--------------------+--------+----------+-------------------------------------------------------------------------------------+
; gpio_intr_flag_int ; Output ; Info     ; Connected to dangling logic. Logic that only feeds a dangling port will be removed. ;
; gpio_intrclk_en    ; Output ; Info     ; Connected to dangling logic. Logic that only feeds a dangling port will be removed. ;
+--------------------+--------+----------+-------------------------------------------------------------------------------------+


+----------------------------------------------------------------------------------------------+
; Port Connectivity Checks: "cmsdk_apb_subsystem:u_apb_subsystem|gpio:gen_apb_gpio_0.u_gpio_0" ;
+-----------+-------+----------+---------------------------------------------------------------+
; Port      ; Type  ; Severity ; Details                                                       ;
+-----------+-------+----------+---------------------------------------------------------------+
; pclk_intr ; Input ; Info     ; Stuck at VCC                                                  ;
+-----------+-------+----------+---------------------------------------------------------------+


+---------------------------------------------------------------------------------------------------------------+
; Port Connectivity Checks: "cmsdk_apb_subsystem:u_apb_subsystem|cmsdk_apb_timer:gen_apb_timer_0.u_apb_timer_0" ;
+-----------+-------+----------+--------------------------------------------------------------------------------+
; Port      ; Type  ; Severity ; Details                                                                        ;
+-----------+-------+----------+--------------------------------------------------------------------------------+
; ECOREVNUM ; Input ; Info     ; Stuck at GND                                                                   ;
+-----------+-------+----------+--------------------------------------------------------------------------------+


+---------------------------------------------------------------------------------------------------------------------+
; Port Connectivity Checks: "cmsdk_apb_subsystem:u_apb_subsystem|cmsdk_apb_slave_mux:u_apb_slave_mux"                 ;
+-----------+--------+----------+-------------------------------------------------------------------------------------+
; Port      ; Type   ; Severity ; Details                                                                             ;
+-----------+--------+----------+-------------------------------------------------------------------------------------+
; PSEL1     ; Output ; Info     ; Connected to dangling logic. Logic that only feeds a dangling port will be removed. ;
; PREADY1   ; Input  ; Info     ; Stuck at VCC                                                                        ;
; PRDATA1   ; Input  ; Info     ; Stuck at GND                                                                        ;
; PSLVERR1  ; Input  ; Info     ; Stuck at GND                                                                        ;
; PSEL2     ; Output ; Info     ; Connected to dangling logic. Logic that only feeds a dangling port will be removed. ;
; PREADY2   ; Input  ; Info     ; Stuck at VCC                                                                        ;
; PRDATA2   ; Input  ; Info     ; Stuck at GND                                                                        ;
; PSLVERR2  ; Input  ; Info     ; Stuck at GND                                                                        ;
; PSEL3     ; Output ; Info     ; Connected to dangling logic. Logic that only feeds a dangling port will be removed. ;
; PREADY3   ; Input  ; Info     ; Stuck at VCC                                                                        ;
; PRDATA3   ; Input  ; Info     ; Stuck at GND                                                                        ;
; PSLVERR3  ; Input  ; Info     ; Stuck at GND                                                                        ;
; PSEL6     ; Output ; Info     ; Connected to dangling logic. Logic that only feeds a dangling port will be removed. ;
; PREADY6   ; Input  ; Info     ; Stuck at VCC                                                                        ;
; PRDATA6   ; Input  ; Info     ; Stuck at GND                                                                        ;
; PSLVERR6  ; Input  ; Info     ; Stuck at GND                                                                        ;
; PSEL7     ; Output ; Info     ; Connected to dangling logic. Logic that only feeds a dangling port will be removed. ;
; PREADY7   ; Input  ; Info     ; Stuck at VCC                                                                        ;
; PRDATA7   ; Input  ; Info     ; Stuck at GND                                                                        ;
; PSLVERR7  ; Input  ; Info     ; Stuck at GND                                                                        ;
; PSEL8     ; Output ; Info     ; Connected to dangling logic. Logic that only feeds a dangling port will be removed. ;
; PREADY8   ; Input  ; Info     ; Stuck at VCC                                                                        ;
; PRDATA8   ; Input  ; Info     ; Stuck at GND                                                                        ;
; PSLVERR8  ; Input  ; Info     ; Stuck at GND                                                                        ;
; PSEL9     ; Output ; Info     ; Connected to dangling logic. Logic that only feeds a dangling port will be removed. ;
; PREADY9   ; Input  ; Info     ; Stuck at VCC                                                                        ;
; PRDATA9   ; Input  ; Info     ; Stuck at GND                                                                        ;
; PSLVERR9  ; Input  ; Info     ; Stuck at GND                                                                        ;
; PSEL10    ; Output ; Info     ; Connected to dangling logic. Logic that only feeds a dangling port will be removed. ;
; PREADY10  ; Input  ; Info     ; Stuck at VCC                                                                        ;
; PRDATA10  ; Input  ; Info     ; Stuck at GND                                                                        ;
; PSLVERR10 ; Input  ; Info     ; Stuck at GND                                                                        ;
; PSEL11    ; Output ; Info     ; Connected to dangling logic. Logic that only feeds a dangling port will be removed. ;
; PREADY11  ; Input  ; Info     ; Stuck at VCC                                                                        ;
; PRDATA11  ; Input  ; Info     ; Stuck at GND                                                                        ;
; PSLVERR11 ; Input  ; Info     ; Stuck at GND                                                                        ;
+-----------+--------+----------+-------------------------------------------------------------------------------------+


+-----------------------------------------------------------------------------------------------------------------+
; Port Connectivity Checks: "cmsdk_apb_subsystem:u_apb_subsystem|cmsdk_ahb_to_apb:u_ahb_to_apb"                   ;
+-------+--------+----------+-------------------------------------------------------------------------------------+
; Port  ; Type   ; Severity ; Details                                                                             ;
+-------+--------+----------+-------------------------------------------------------------------------------------+
; PSTRB ; Output ; Info     ; Connected to dangling logic. Logic that only feeds a dangling port will be removed. ;
; PPROT ; Output ; Info     ; Connected to dangling logic. Logic that only feeds a dangling port will be removed. ;
+-------+--------+----------+-------------------------------------------------------------------------------------+


+---------------------------------------------------------------------------------------------------------------------------------------------------+
; Port Connectivity Checks: "cmsdk_apb_subsystem:u_apb_subsystem"                                                                                   ;
+--------------------+--------+----------+----------------------------------------------------------------------------------------------------------+
; Port               ; Type   ; Severity ; Details                                                                                                  ;
+--------------------+--------+----------+----------------------------------------------------------------------------------------------------------+
; HRESP              ; Output ; Info     ; Connected to dangling logic. Logic that only feeds a dangling port will be removed.                      ;
; PCLKEN             ; Input  ; Info     ; Stuck at VCC                                                                                             ;
; ext14_psel         ; Output ; Info     ; Explicitly unconnected                                                                                   ;
; ext15_psel         ; Output ; Info     ; Explicitly unconnected                                                                                   ;
; ext14_prdata       ; Input  ; Info     ; Explicitly unconnected                                                                                   ;
; ext14_pready       ; Input  ; Info     ; Explicitly unconnected                                                                                   ;
; ext14_pslverr      ; Input  ; Info     ; Explicitly unconnected                                                                                   ;
; ext15_prdata       ; Input  ; Info     ; Explicitly unconnected                                                                                   ;
; ext15_pready       ; Input  ; Info     ; Explicitly unconnected                                                                                   ;
; ext15_pslverr      ; Input  ; Info     ; Explicitly unconnected                                                                                   ;
; uart1_txen         ; Output ; Info     ; Connected to dangling logic. Logic that only feeds a dangling port will be removed.                      ;
; uart2_txen         ; Output ; Info     ; Connected to dangling logic. Logic that only feeds a dangling port will be removed.                      ;
; APBACTIVE          ; Output ; Warning  ; Declared by entity but not connected by instance. Logic that only feeds a dangling port will be removed. ;
; watchdog_interrupt ; Output ; Warning  ; Declared by entity but not connected by instance. Logic that only feeds a dangling port will be removed. ;
; watchdog_reset     ; Output ; Warning  ; Declared by entity but not connected by instance. Logic that only feeds a dangling port will be removed. ;
+--------------------+--------+----------+----------------------------------------------------------------------------------------------------------+


+--------------------------------------------------------------------------------------------------------------------+
; Port Connectivity Checks: "spi_flash_apb_ctrl:u_spi_flash_apb_ctrl|spi_module:u_spi_module"                        ;
+----------+--------+----------+-------------------------------------------------------------------------------------+
; Port     ; Type   ; Severity ; Details                                                                             ;
+----------+--------+----------+-------------------------------------------------------------------------------------+
; spi_busy ; Output ; Info     ; Connected to dangling logic. Logic that only feeds a dangling port will be removed. ;
+----------+--------+----------+-------------------------------------------------------------------------------------+


+----------------------------------------------------------------------------------------------------------------------+
; Port Connectivity Checks: "audio_ctrl_apb:u_audio_ctrl_apb"                                                          ;
+------------+--------+----------+-------------------------------------------------------------------------------------+
; Port       ; Type   ; Severity ; Details                                                                             ;
+------------+--------+----------+-------------------------------------------------------------------------------------+
; fifo_empty ; Output ; Info     ; Connected to dangling logic. Logic that only feeds a dangling port will be removed. ;
; fifo_full  ; Output ; Info     ; Connected to dangling logic. Logic that only feeds a dangling port will be removed. ;
; fifo_level ; Output ; Info     ; Connected to dangling logic. Logic that only feeds a dangling port will be removed. ;
+------------+--------+----------+-------------------------------------------------------------------------------------+


+----------------------------------------------------------------------------------------------------------------------------+
; Port Connectivity Checks: "BusMatrix3x3:u_BusMatrix3x3"                                                                    ;
+------------------+--------+----------+-------------------------------------------------------------------------------------+
; Port             ; Type   ; Severity ; Details                                                                             ;
+------------------+--------+----------+-------------------------------------------------------------------------------------+
; REMAP            ; Input  ; Info     ; Stuck at GND                                                                        ;
; HMASTERSI0       ; Input  ; Info     ; Stuck at GND                                                                        ;
; HMASTLOCKSI0     ; Input  ; Info     ; Stuck at GND                                                                        ;
; HAUSERSI0        ; Input  ; Info     ; Stuck at GND                                                                        ;
; HWUSERSI0        ; Input  ; Info     ; Stuck at GND                                                                        ;
; HMASTERSI1[3..1] ; Input  ; Info     ; Stuck at GND                                                                        ;
; HMASTERSI1[0]    ; Input  ; Info     ; Stuck at VCC                                                                        ;
; HMASTLOCKSI1     ; Input  ; Info     ; Stuck at GND                                                                        ;
; HAUSERSI1        ; Input  ; Info     ; Stuck at GND                                                                        ;
; HWUSERSI1        ; Input  ; Info     ; Stuck at GND                                                                        ;
; HWRITESI2        ; Input  ; Info     ; Stuck at GND                                                                        ;
; HMASTERSI2[3..2] ; Input  ; Info     ; Stuck at GND                                                                        ;
; HMASTERSI2[1]    ; Input  ; Info     ; Stuck at VCC                                                                        ;
; HMASTERSI2[0]    ; Input  ; Info     ; Stuck at GND                                                                        ;
; HWDATASI2        ; Input  ; Info     ; Stuck at GND                                                                        ;
; HMASTLOCKSI2     ; Input  ; Info     ; Stuck at GND                                                                        ;
; HAUSERSI2        ; Input  ; Info     ; Stuck at GND                                                                        ;
; HWUSERSI2        ; Input  ; Info     ; Stuck at GND                                                                        ;
; HRESPMI0         ; Input  ; Info     ; Stuck at GND                                                                        ;
; HRUSERMI0        ; Input  ; Info     ; Stuck at GND                                                                        ;
; HRESPMI1         ; Input  ; Info     ; Stuck at GND                                                                        ;
; HRUSERMI1        ; Input  ; Info     ; Stuck at GND                                                                        ;
; HRDATAMI2        ; Input  ; Info     ; Stuck at GND                                                                        ;
; HREADYOUTMI2     ; Input  ; Info     ; Stuck at VCC                                                                        ;
; HRESPMI2         ; Input  ; Info     ; Stuck at GND                                                                        ;
; HRUSERMI2        ; Input  ; Info     ; Stuck at GND                                                                        ;
; SCANENABLE       ; Input  ; Info     ; Stuck at GND                                                                        ;
; SCANINHCLK       ; Input  ; Info     ; Stuck at GND                                                                        ;
; HBURSTMI0        ; Output ; Info     ; Connected to dangling logic. Logic that only feeds a dangling port will be removed. ;
; HPROTMI0         ; Output ; Info     ; Connected to dangling logic. Logic that only feeds a dangling port will be removed. ;
; HMASTERMI0       ; Output ; Info     ; Connected to dangling logic. Logic that only feeds a dangling port will be removed. ;
; HMASTLOCKMI0     ; Output ; Info     ; Connected to dangling logic. Logic that only feeds a dangling port will be removed. ;
; HAUSERMI0        ; Output ; Info     ; Connected to dangling logic. Logic that only feeds a dangling port will be removed. ;
; HWUSERMI0        ; Output ; Info     ; Connected to dangling logic. Logic that only feeds a dangling port will be removed. ;
; HADDRMI1[31..16] ; Output ; Info     ; Connected to dangling logic. Logic that only feeds a dangling port will be removed. ;
; HBURSTMI1        ; Output ; Info     ; Connected to dangling logic. Logic that only feeds a dangling port will be removed. ;
; HMASTERMI1       ; Output ; Info     ; Connected to dangling logic. Logic that only feeds a dangling port will be removed. ;
; HMASTLOCKMI1     ; Output ; Info     ; Connected to dangling logic. Logic that only feeds a dangling port will be removed. ;
; HAUSERMI1        ; Output ; Info     ; Connected to dangling logic. Logic that only feeds a dangling port will be removed. ;
; HWUSERMI1        ; Output ; Info     ; Connected to dangling logic. Logic that only feeds a dangling port will be removed. ;
; HSELMI2          ; Output ; Info     ; Connected to dangling logic. Logic that only feeds a dangling port will be removed. ;
; HADDRMI2         ; Output ; Info     ; Connected to dangling logic. Logic that only feeds a dangling port will be removed. ;
; HTRANSMI2        ; Output ; Info     ; Connected to dangling logic. Logic that only feeds a dangling port will be removed. ;
; HWRITEMI2        ; Output ; Info     ; Connected to dangling logic. Logic that only feeds a dangling port will be removed. ;
; HSIZEMI2         ; Output ; Info     ; Connected to dangling logic. Logic that only feeds a dangling port will be removed. ;
; HBURSTMI2        ; Output ; Info     ; Connected to dangling logic. Logic that only feeds a dangling port will be removed. ;
; HPROTMI2         ; Output ; Info     ; Connected to dangling logic. Logic that only feeds a dangling port will be removed. ;
; HMASTERMI2       ; Output ; Info     ; Connected to dangling logic. Logic that only feeds a dangling port will be removed. ;
; HWDATAMI2        ; Output ; Info     ; Connected to dangling logic. Logic that only feeds a dangling port will be removed. ;
; HMASTLOCKMI2     ; Output ; Info     ; Connected to dangling logic. Logic that only feeds a dangling port will be removed. ;
; HREADYMUXMI2     ; Output ; Info     ; Connected to dangling logic. Logic that only feeds a dangling port will be removed. ;
; HAUSERMI2        ; Output ; Info     ; Connected to dangling logic. Logic that only feeds a dangling port will be removed. ;
; HWUSERMI2        ; Output ; Info     ; Connected to dangling logic. Logic that only feeds a dangling port will be removed. ;
; HRESPSI0         ; Output ; Info     ; Explicitly unconnected                                                              ;
; HRUSERSI0        ; Output ; Info     ; Explicitly unconnected                                                              ;
; HRESPSI1         ; Output ; Info     ; Explicitly unconnected                                                              ;
; HRUSERSI1        ; Output ; Info     ; Explicitly unconnected                                                              ;
; HRESPSI2         ; Output ; Info     ; Explicitly unconnected                                                              ;
; HRUSERSI2        ; Output ; Info     ; Explicitly unconnected                                                              ;
; SCANOUTHCLK      ; Output ; Info     ; Explicitly unconnected                                                              ;
+------------------+--------+----------+-------------------------------------------------------------------------------------+


+---------------------------------------------------------------------------------------------------------------------+
; Port Connectivity Checks: "CORTEXM3INTEGRATIONDS:u_CORTEXM3INTEGRATION|cortexm3ds_logic:u_cortexm3ds_logic"         ;
+-----------+--------+----------+-------------------------------------------------------------------------------------+
; Port      ; Type   ; Severity ; Details                                                                             ;
+-----------+--------+----------+-------------------------------------------------------------------------------------+
; vis_r0_o  ; Output ; Info     ; Connected to dangling logic. Logic that only feeds a dangling port will be removed. ;
; vis_r1_o  ; Output ; Info     ; Connected to dangling logic. Logic that only feeds a dangling port will be removed. ;
; vis_r2_o  ; Output ; Info     ; Connected to dangling logic. Logic that only feeds a dangling port will be removed. ;
; vis_r3_o  ; Output ; Info     ; Connected to dangling logic. Logic that only feeds a dangling port will be removed. ;
; vis_r4_o  ; Output ; Info     ; Connected to dangling logic. Logic that only feeds a dangling port will be removed. ;
; vis_r5_o  ; Output ; Info     ; Connected to dangling logic. Logic that only feeds a dangling port will be removed. ;
; vis_r6_o  ; Output ; Info     ; Connected to dangling logic. Logic that only feeds a dangling port will be removed. ;
; vis_r7_o  ; Output ; Info     ; Connected to dangling logic. Logic that only feeds a dangling port will be removed. ;
; vis_r8_o  ; Output ; Info     ; Connected to dangling logic. Logic that only feeds a dangling port will be removed. ;
; vis_r9_o  ; Output ; Info     ; Connected to dangling logic. Logic that only feeds a dangling port will be removed. ;
; vis_r10_o ; Output ; Info     ; Connected to dangling logic. Logic that only feeds a dangling port will be removed. ;
; vis_r11_o ; Output ; Info     ; Connected to dangling logic. Logic that only feeds a dangling port will be removed. ;
; vis_r12_o ; Output ; Info     ; Connected to dangling logic. Logic that only feeds a dangling port will be removed. ;
; vis_msp_o ; Output ; Info     ; Connected to dangling logic. Logic that only feeds a dangling port will be removed. ;
; vis_psp_o ; Output ; Info     ; Connected to dangling logic. Logic that only feeds a dangling port will be removed. ;
; vis_pc_o  ; Output ; Info     ; Connected to dangling logic. Logic that only feeds a dangling port will be removed. ;
+-----------+--------+----------+-------------------------------------------------------------------------------------+


+---------------------------------------------------------------------------------------------------------------------------+
; Port Connectivity Checks: "CORTEXM3INTEGRATIONDS:u_CORTEXM3INTEGRATION"                                                   ;
+-----------------+--------+----------+-------------------------------------------------------------------------------------+
; Port            ; Type   ; Severity ; Details                                                                             ;
+-----------------+--------+----------+-------------------------------------------------------------------------------------+
; ISOLATEn        ; Input  ; Info     ; Stuck at VCC                                                                        ;
; RETAINn         ; Input  ; Info     ; Stuck at VCC                                                                        ;
; RSTBYPASS       ; Input  ; Info     ; Stuck at GND                                                                        ;
; CGBYPASS        ; Input  ; Info     ; Stuck at GND                                                                        ;
; SE              ; Input  ; Info     ; Stuck at GND                                                                        ;
; TRACECLKIN      ; Input  ; Info     ; Stuck at GND                                                                        ;
; STCALIB[3..0]   ; Input  ; Info     ; Stuck at VCC                                                                        ;
; STCALIB[24..8]  ; Input  ; Info     ; Stuck at GND                                                                        ;
; STCALIB[6..4]   ; Input  ; Info     ; Stuck at GND                                                                        ;
; STCALIB[25]     ; Input  ; Info     ; Stuck at VCC                                                                        ;
; STCALIB[7]      ; Input  ; Info     ; Stuck at VCC                                                                        ;
; AUXFAULT        ; Input  ; Info     ; Stuck at GND                                                                        ;
; BIGEND          ; Input  ; Info     ; Stuck at GND                                                                        ;
; DNOTITRANS      ; Input  ; Info     ; Stuck at VCC                                                                        ;
; nTRST           ; Input  ; Info     ; Stuck at VCC                                                                        ;
; INTISR[239..32] ; Input  ; Info     ; Stuck at GND                                                                        ;
; INTNMI          ; Input  ; Info     ; Stuck at GND                                                                        ;
; HRESPI          ; Input  ; Info     ; Stuck at GND                                                                        ;
; IFLUSH          ; Input  ; Info     ; Stuck at GND                                                                        ;
; HRESPD          ; Input  ; Info     ; Stuck at GND                                                                        ;
; EXRESPD         ; Input  ; Info     ; Stuck at GND                                                                        ;
; HRESPS          ; Input  ; Info     ; Stuck at GND                                                                        ;
; EXRESPS         ; Input  ; Info     ; Stuck at GND                                                                        ;
; RXEV            ; Input  ; Info     ; Stuck at GND                                                                        ;
; SLEEPHOLDREQn   ; Input  ; Info     ; Stuck at VCC                                                                        ;
; EDBGRQ          ; Input  ; Info     ; Stuck at GND                                                                        ;
; DBGRESTART      ; Input  ; Info     ; Stuck at GND                                                                        ;
; FIXMASTERTYPE   ; Input  ; Info     ; Stuck at GND                                                                        ;
; WICENREQ        ; Input  ; Info     ; Stuck at GND                                                                        ;
; TSVALUEB        ; Input  ; Info     ; Stuck at GND                                                                        ;
; DBGEN           ; Input  ; Info     ; Stuck at VCC                                                                        ;
; NIDEN           ; Input  ; Info     ; Stuck at VCC                                                                        ;
; MPUDISABLE      ; Input  ; Info     ; Stuck at GND                                                                        ;
; TRACECLK        ; Output ; Info     ; Explicitly unconnected                                                              ;
; TRACEDATA       ; Output ; Info     ; Explicitly unconnected                                                              ;
; HTMDHADDR       ; Output ; Info     ; Explicitly unconnected                                                              ;
; HTMDHTRANS      ; Output ; Info     ; Explicitly unconnected                                                              ;
; HTMDHSIZE       ; Output ; Info     ; Explicitly unconnected                                                              ;
; HTMDHBURST      ; Output ; Info     ; Explicitly unconnected                                                              ;
; HTMDHPROT       ; Output ; Info     ; Explicitly unconnected                                                              ;
; HTMDHWDATA      ; Output ; Info     ; Explicitly unconnected                                                              ;
; HTMDHWRITE      ; Output ; Info     ; Explicitly unconnected                                                              ;
; HTMDHRDATA      ; Output ; Info     ; Explicitly unconnected                                                              ;
; HTMDHREADY      ; Output ; Info     ; Explicitly unconnected                                                              ;
; HTMDHRESP       ; Output ; Info     ; Explicitly unconnected                                                              ;
; MEMATTRI        ; Output ; Info     ; Connected to dangling logic. Logic that only feeds a dangling port will be removed. ;
; MEMATTRD        ; Output ; Info     ; Connected to dangling logic. Logic that only feeds a dangling port will be removed. ;
; HMASTERD        ; Output ; Info     ; Connected to dangling logic. Logic that only feeds a dangling port will be removed. ;
; EXREQD          ; Output ; Info     ; Connected to dangling logic. Logic that only feeds a dangling port will be removed. ;
; HMASTLOCKS      ; Output ; Info     ; Connected to dangling logic. Logic that only feeds a dangling port will be removed. ;
; MEMATTRS        ; Output ; Info     ; Explicitly unconnected                                                              ;
; HMASTERS        ; Output ; Info     ; Explicitly unconnected                                                              ;
; EXREQS          ; Output ; Info     ; Explicitly unconnected                                                              ;
; BRCHSTAT        ; Output ; Info     ; Explicitly unconnected                                                              ;
; HALTED          ; Output ; Info     ; Explicitly unconnected                                                              ;
; DBGRESTARTED    ; Output ; Info     ; Explicitly unconnected                                                              ;
; LOCKUP          ; Output ; Info     ; Connected to dangling logic. Logic that only feeds a dangling port will be removed. ;
; SLEEPING        ; Output ; Info     ; Explicitly unconnected                                                              ;
; SLEEPDEEP       ; Output ; Info     ; Explicitly unconnected                                                              ;
; SLEEPHOLDACKn   ; Output ; Info     ; Explicitly unconnected                                                              ;
; ETMINTNUM       ; Output ; Info     ; Explicitly unconnected                                                              ;
; ETMINTSTAT      ; Output ; Info     ; Explicitly unconnected                                                              ;
; CURRPRI         ; Output ; Info     ; Explicitly unconnected                                                              ;
; TRCENA          ; Output ; Info     ; Explicitly unconnected                                                              ;
; SYSRESETREQ     ; Output ; Info     ; Explicitly unconnected                                                              ;
; TXEV            ; Output ; Info     ; Explicitly unconnected                                                              ;
; GATEHCLK        ; Output ; Info     ; Explicitly unconnected                                                              ;
; WAKEUP          ; Output ; Info     ; Explicitly unconnected                                                              ;
; WICENACK        ; Output ; Info     ; Explicitly unconnected                                                              ;
+-----------------+--------+----------+-------------------------------------------------------------------------------------+


+-----------------------------------------------------+
; Post-Synthesis Netlist Statistics for Top Partition ;
+-----------------------+-----------------------------+
; Type                  ; Count                       ;
+-----------------------+-----------------------------+
; boundary_port         ; 27                          ;
; cycloneiii_ff         ; 6080                        ;
;     CLR               ; 1231                        ;
;     CLR SCLR          ; 25                          ;
;     CLR SLD           ; 136                         ;
;     ENA               ; 1706                        ;
;     ENA CLR           ; 2248                        ;
;     ENA CLR SCLR      ; 85                          ;
;     ENA CLR SCLR SLD  ; 4                           ;
;     ENA CLR SLD       ; 116                         ;
;     SLD               ; 29                          ;
;     plain             ; 500                         ;
; cycloneiii_io_obuf    ; 10                          ;
; cycloneiii_lcell_comb ; 22983                       ;
;     arith             ; 1112                        ;
;         2 data inputs ; 586                         ;
;         3 data inputs ; 526                         ;
;     normal            ; 21871                       ;
;         0 data inputs ; 6                           ;
;         1 data inputs ; 81                          ;
;         2 data inputs ; 1057                        ;
;         3 data inputs ; 4507                        ;
;         4 data inputs ; 16220                       ;
; cycloneiii_mac_mult   ; 3                           ;
; cycloneiii_mac_out    ; 3                           ;
; cycloneiii_ram_block  ; 88                          ;
;                       ;                             ;
; Max LUT depth         ; 36.00                       ;
; Average LUT depth     ; 17.10                       ;
+-----------------------+-----------------------------+


+-------------------------------+
; Elapsed Time Per Partition    ;
+----------------+--------------+
; Partition Name ; Elapsed Time ;
+----------------+--------------+
; Top            ; 00:00:57     ;
+----------------+--------------+


+-------------------------------+
; Analysis & Synthesis Messages ;
+-------------------------------+
Info: *******************************************************************
Info: Running Quartus Prime Analysis & Synthesis
    Info: Version 16.1.1 Build 200 11/30/2016 SJ Standard Edition
    Info: Processing started: Mon May 04 10:10:47 2026
Info: Command: quartus_map --read_settings_files=on --write_settings_files=off top -c top
Warning (18236): Number of processors has not been specified which may cause overloading on shared machines.  Set the global assignment NUM_PARALLEL_PROCESSORS in your QSF to an appropriate value for best performance.
Info (20030): Parallel compilation is enabled and will use 16 of the 16 processors detected
Info (12021): Found 1 design units, including 1 entities, in source file /soc26prj/soc-wuxi-arm/audio/rtl/spi_module.v
    Info (12023): Found entity 1: spi_module File: E:/soc26prj/soc-wuxi-arm/audio/rtl/spi_module.v Line: 4
Info (12021): Found 1 design units, including 1 entities, in source file /soc26prj/soc-wuxi-arm/audio/rtl/spi_controller.v
    Info (12023): Found entity 1: spi_flash_apb_ctrl File: E:/soc26prj/soc-wuxi-arm/audio/rtl/spi_controller.v Line: 4
Info (12021): Found 1 design units, including 1 entities, in source file /soc26prj/soc-wuxi-arm/audio/rtl/i2s_rx_core.v
    Info (12023): Found entity 1: i2s_rx_core File: E:/soc26prj/soc-wuxi-arm/audio/rtl/i2s_rx_core.v Line: 1
Info (12021): Found 1 design units, including 1 entities, in source file /soc26prj/soc-wuxi-arm/audio/rtl/audio_fifo.v
    Info (12023): Found entity 1: audio_fifo File: E:/soc26prj/soc-wuxi-arm/audio/rtl/audio_fifo.v Line: 1
Info (12021): Found 1 design units, including 1 entities, in source file /soc26prj/soc-wuxi-arm/audio/rtl/audio_ctrl_apb.v
    Info (12023): Found entity 1: audio_ctrl_apb File: E:/soc26prj/soc-wuxi-arm/audio/rtl/audio_ctrl_apb.v Line: 1
Info (12021): Found 1 design units, including 1 entities, in source file /soc26prj/soc-wuxi-arm/arm-soc/sram/ram16x32.v
    Info (12023): Found entity 1: ram16x32 File: E:/soc26prj/soc-wuxi-arm/arm-soc/sram/ram16x32.v Line: 39
Info (12021): Found 1 design units, including 1 entities, in source file /soc26prj/soc-wuxi-arm/arm-soc/sram/max10_16kx32.v
    Info (12023): Found entity 1: max10_16Kx32 File: E:/soc26prj/soc-wuxi-arm/arm-soc/sram/max10_16Kx32.v Line: 39
Info (12021): Found 1 design units, including 1 entities, in source file /soc26prj/soc-wuxi-arm/arm-soc/sram/cmsdk_ahb_to_sram.v
    Info (12023): Found entity 1: cmsdk_ahb_to_sram File: E:/soc26prj/soc-wuxi-arm/arm-soc/sram/cmsdk_ahb_to_sram.v Line: 26
Info (12021): Found 1 design units, including 1 entities, in source file /soc26prj/soc-wuxi-arm/arm-soc/sram/ahb_to_sram.v
    Info (12023): Found entity 1: ahb_to_sram File: E:/soc26prj/soc-wuxi-arm/arm-soc/sram/ahb_to_sram.v Line: 8
Info (12021): Found 1 design units, including 1 entities, in source file /soc26prj/soc-wuxi-arm/arm-soc/sram/ahb_sram_top.v
    Info (12023): Found entity 1: ahb_sram_top File: E:/soc26prj/soc-wuxi-arm/arm-soc/sram/ahb_sram_top.v Line: 8
Info (12021): Found 1 design units, including 1 entities, in source file /soc26prj/soc-wuxi-arm/arm-soc/matrix/outputstage.v
    Info (12023): Found entity 1: OutputStage File: E:/soc26prj/soc-wuxi-arm/arm-soc/matrix/OutputStage.v Line: 35
Info (12021): Found 1 design units, including 1 entities, in source file /soc26prj/soc-wuxi-arm/arm-soc/matrix/inputstage.v
    Info (12023): Found entity 1: InputStage File: E:/soc26prj/soc-wuxi-arm/arm-soc/matrix/InputStage.v Line: 32
Warning (10274): Verilog HDL macro warning at cmsdk_ahb_bm_output_arb.v(83): overriding existing definition for macro "TRN_IDLE", which was defined in "../soc-wuxi-arm/arm-soc/matrix/InputStage.v", line 118 File: E:/soc26prj/soc-wuxi-arm/arm-soc/matrix/cmsdk_ahb_bm_output_arb.v Line: 83
Warning (10274): Verilog HDL macro warning at cmsdk_ahb_bm_output_arb.v(84): overriding existing definition for macro "TRN_BUSY", which was defined in "../soc-wuxi-arm/arm-soc/matrix/InputStage.v", line 119 File: E:/soc26prj/soc-wuxi-arm/arm-soc/matrix/cmsdk_ahb_bm_output_arb.v Line: 84
Warning (10274): Verilog HDL macro warning at cmsdk_ahb_bm_output_arb.v(85): overriding existing definition for macro "TRN_NONSEQ", which was defined in "../soc-wuxi-arm/arm-soc/matrix/InputStage.v", line 120 File: E:/soc26prj/soc-wuxi-arm/arm-soc/matrix/cmsdk_ahb_bm_output_arb.v Line: 85
Warning (10274): Verilog HDL macro warning at cmsdk_ahb_bm_output_arb.v(86): overriding existing definition for macro "TRN_SEQ", which was defined in "../soc-wuxi-arm/arm-soc/matrix/InputStage.v", line 121 File: E:/soc26prj/soc-wuxi-arm/arm-soc/matrix/cmsdk_ahb_bm_output_arb.v Line: 86
Warning (10274): Verilog HDL macro warning at cmsdk_ahb_bm_output_arb.v(89): overriding existing definition for macro "BUR_SINGLE", which was defined in "../soc-wuxi-arm/arm-soc/matrix/InputStage.v", line 124 File: E:/soc26prj/soc-wuxi-arm/arm-soc/matrix/cmsdk_ahb_bm_output_arb.v Line: 89
Warning (10274): Verilog HDL macro warning at cmsdk_ahb_bm_output_arb.v(90): overriding existing definition for macro "BUR_INCR", which was defined in "../soc-wuxi-arm/arm-soc/matrix/InputStage.v", line 125 File: E:/soc26prj/soc-wuxi-arm/arm-soc/matrix/cmsdk_ahb_bm_output_arb.v Line: 90
Warning (10274): Verilog HDL macro warning at cmsdk_ahb_bm_output_arb.v(91): overriding existing definition for macro "BUR_WRAP4", which was defined in "../soc-wuxi-arm/arm-soc/matrix/InputStage.v", line 126 File: E:/soc26prj/soc-wuxi-arm/arm-soc/matrix/cmsdk_ahb_bm_output_arb.v Line: 91
Warning (10274): Verilog HDL macro warning at cmsdk_ahb_bm_output_arb.v(92): overriding existing definition for macro "BUR_INCR4", which was defined in "../soc-wuxi-arm/arm-soc/matrix/InputStage.v", line 127 File: E:/soc26prj/soc-wuxi-arm/arm-soc/matrix/cmsdk_ahb_bm_output_arb.v Line: 92
Warning (10274): Verilog HDL macro warning at cmsdk_ahb_bm_output_arb.v(93): overriding existing definition for macro "BUR_WRAP8", which was defined in "../soc-wuxi-arm/arm-soc/matrix/InputStage.v", line 128 File: E:/soc26prj/soc-wuxi-arm/arm-soc/matrix/cmsdk_ahb_bm_output_arb.v Line: 93
Warning (10274): Verilog HDL macro warning at cmsdk_ahb_bm_output_arb.v(94): overriding existing definition for macro "BUR_INCR8", which was defined in "../soc-wuxi-arm/arm-soc/matrix/InputStage.v", line 129 File: E:/soc26prj/soc-wuxi-arm/arm-soc/matrix/cmsdk_ahb_bm_output_arb.v Line: 94
Warning (10274): Verilog HDL macro warning at cmsdk_ahb_bm_output_arb.v(95): overriding existing definition for macro "BUR_WRAP16", which was defined in "../soc-wuxi-arm/arm-soc/matrix/InputStage.v", line 130 File: E:/soc26prj/soc-wuxi-arm/arm-soc/matrix/cmsdk_ahb_bm_output_arb.v Line: 95
Warning (10274): Verilog HDL macro warning at cmsdk_ahb_bm_output_arb.v(96): overriding existing definition for macro "BUR_INCR16", which was defined in "../soc-wuxi-arm/arm-soc/matrix/InputStage.v", line 131 File: E:/soc26prj/soc-wuxi-arm/arm-soc/matrix/cmsdk_ahb_bm_output_arb.v Line: 96
Info (12021): Found 1 design units, including 1 entities, in source file /soc26prj/soc-wuxi-arm/arm-soc/matrix/cmsdk_ahb_bm_output_arb.v
    Info (12023): Found entity 1: cmsdk_ahb_bm_output_arb File: E:/soc26prj/soc-wuxi-arm/arm-soc/matrix/cmsdk_ahb_bm_output_arb.v Line: 35
Info (12021): Found 1 design units, including 1 entities, in source file /soc26prj/soc-wuxi-arm/arm-soc/matrix/cmsdk_ahb_bm_decodesi2.v
    Info (12023): Found entity 1: cmsdk_ahb_bm_decodeSI2 File: E:/soc26prj/soc-wuxi-arm/arm-soc/matrix/cmsdk_ahb_bm_decodeSI2.v Line: 36
Info (12021): Found 1 design units, including 1 entities, in source file /soc26prj/soc-wuxi-arm/arm-soc/matrix/cmsdk_ahb_bm_decodesi1.v
    Info (12023): Found entity 1: cmsdk_ahb_bm_decodeSI1 File: E:/soc26prj/soc-wuxi-arm/arm-soc/matrix/cmsdk_ahb_bm_decodeSI1.v Line: 36
Info (12021): Found 1 design units, including 1 entities, in source file /soc26prj/soc-wuxi-arm/arm-soc/matrix/cmsdk_ahb_bm_decodesi0.v
    Info (12023): Found entity 1: cmsdk_ahb_bm_decodeSI0 File: E:/soc26prj/soc-wuxi-arm/arm-soc/matrix/cmsdk_ahb_bm_decodeSI0.v Line: 36
Info (12021): Found 1 design units, including 1 entities, in source file /soc26prj/soc-wuxi-arm/arm-soc/matrix/busmatrix3x3_lite.v
    Info (12023): Found entity 1: BusMatrix3x3_lite File: E:/soc26prj/soc-wuxi-arm/arm-soc/matrix/BusMatrix3x3_lite.v Line: 33
Info (12021): Found 1 design units, including 1 entities, in source file /soc26prj/soc-wuxi-arm/arm-soc/matrix/busmatrix3x3_default_slave.v
    Info (12023): Found entity 1: BusMatrix3x3_default_slave File: E:/soc26prj/soc-wuxi-arm/arm-soc/matrix/BusMatrix3x3_default_slave.v Line: 31
Info (12021): Found 1 design units, including 1 entities, in source file /soc26prj/soc-wuxi-arm/arm-soc/matrix/busmatrix3x3.v
    Info (12023): Found entity 1: BusMatrix3x3 File: E:/soc26prj/soc-wuxi-arm/arm-soc/matrix/BusMatrix3x3.v Line: 46
Info (12021): Found 1 design units, including 1 entities, in source file /soc26prj/soc-wuxi-arm/arm-soc/apb/gpio_ctrl.v
    Info (12023): Found entity 1: gpio_ctrl File: E:/soc26prj/soc-wuxi-arm/arm-soc/apb/gpio_ctrl.v Line: 22
Info (12021): Found 1 design units, including 1 entities, in source file /soc26prj/soc-wuxi-arm/arm-soc/apb/gpio_apbif.v
    Info (12023): Found entity 1: gpio_apbif File: E:/soc26prj/soc-wuxi-arm/arm-soc/apb/gpio_apbif.v Line: 39
Info (12021): Found 1 design units, including 1 entities, in source file /soc26prj/soc-wuxi-arm/arm-soc/apb/gpio.v
    Info (12023): Found entity 1: gpio File: E:/soc26prj/soc-wuxi-arm/arm-soc/apb/gpio.v Line: 23
Info (12021): Found 1 design units, including 1 entities, in source file /soc26prj/soc-wuxi-arm/arm-soc/apb/cmsdk_apb_uart.v
    Info (12023): Found entity 1: cmsdk_apb_uart File: E:/soc26prj/soc-wuxi-arm/arm-soc/apb/cmsdk_apb_uart.v Line: 53
Info (12021): Found 1 design units, including 1 entities, in source file /soc26prj/soc-wuxi-arm/arm-soc/apb/cmsdk_apb_timer.v
    Info (12023): Found entity 1: cmsdk_apb_timer File: E:/soc26prj/soc-wuxi-arm/arm-soc/apb/cmsdk_apb_timer.v Line: 41
Info (12021): Found 1 design units, including 1 entities, in source file /soc26prj/soc-wuxi-arm/arm-soc/apb/cmsdk_apb_subsystem_speed.v
    Info (12023): Found entity 1: cmsdk_apb_subsystem_speed File: E:/soc26prj/soc-wuxi-arm/arm-soc/apb/cmsdk_apb_subsystem_speed.v Line: 26
Info (12021): Found 1 design units, including 1 entities, in source file /soc26prj/soc-wuxi-arm/arm-soc/apb/cmsdk_apb_slave_mux.v
    Info (12023): Found entity 1: cmsdk_apb_slave_mux File: E:/soc26prj/soc-wuxi-arm/arm-soc/apb/cmsdk_apb_slave_mux.v Line: 26
Info (12021): Found 1 design units, including 1 entities, in source file /soc26prj/soc-wuxi-arm/arm-soc/apb/cmsdk_ahb_to_apb.v
    Info (12023): Found entity 1: cmsdk_ahb_to_apb File: E:/soc26prj/soc-wuxi-arm/arm-soc/apb/cmsdk_ahb_to_apb.v Line: 31
Info (12021): Found 1 design units, including 1 entities, in source file /soc26prj/soc-wuxi-arm/arm-soc/apb/apb_subsystem.v
    Info (12023): Found entity 1: cmsdk_apb_subsystem File: E:/soc26prj/soc-wuxi-arm/arm-soc/apb/apb_subsystem.v Line: 26
Info (12021): Found 1 design units, including 1 entities, in source file /soc26prj/soc-wuxi-arm/arm-soc/top.v
    Info (12023): Found entity 1: top File: E:/soc26prj/soc-wuxi-arm/arm-soc/top.v Line: 4
Info (12021): Found 1 design units, including 1 entities, in source file /soc26prj/soc-wuxi-arm/arm-soc/cortexm3integrationds.v
    Info (12023): Found entity 1: CORTEXM3INTEGRATIONDS File: E:/soc26prj/soc-wuxi-arm/arm-soc/CORTEXM3INTEGRATIONDS.v Line: 24
Info (12021): Found 1 design units, including 1 entities, in source file /soc26prj/soc-wuxi-arm/arm-soc/cortexm3ds_logic.v
    Info (12023): Found entity 1: cortexm3ds_logic File: E:/soc26prj/soc-wuxi-arm/arm-soc/cortexm3ds_logic.v Line: 27
Info (12021): Found 1 design units, including 1 entities, in source file /soc26prj/soc-wuxi-arm/arm-soc/ahb2mem.v
    Info (12023): Found entity 1: AHB2MEM File: E:/soc26prj/soc-wuxi-arm/arm-soc/AHB2MEM.v Line: 5
Warning (10236): Verilog HDL Implicit Net warning at top.v(373): created implicit net for "lockup" File: E:/soc26prj/soc-wuxi-arm/arm-soc/top.v Line: 373
Warning (10236): Verilog HDL Implicit Net warning at top.v(489): created implicit net for "hreadymi0" File: E:/soc26prj/soc-wuxi-arm/arm-soc/top.v Line: 489
Warning (10236): Verilog HDL Implicit Net warning at top.v(504): created implicit net for "hreadymi1" File: E:/soc26prj/soc-wuxi-arm/arm-soc/top.v Line: 504
Warning (10236): Verilog HDL Implicit Net warning at top.v(519): created implicit net for "hreadymi2" File: E:/soc26prj/soc-wuxi-arm/arm-soc/top.v Line: 519
Warning (10236): Verilog HDL Implicit Net warning at top.v(723): created implicit net for "uart1_txen" File: E:/soc26prj/soc-wuxi-arm/arm-soc/top.v Line: 723
Warning (10236): Verilog HDL Implicit Net warning at top.v(727): created implicit net for "uart2_txen" File: E:/soc26prj/soc-wuxi-arm/arm-soc/top.v Line: 727
Info (12127): Elaborating entity "top" for the top level hierarchy
Warning (10036): Verilog HDL or VHDL warning at top.v(168): object "hrespmi0" assigned a value but never read File: E:/soc26prj/soc-wuxi-arm/arm-soc/top.v Line: 168
Warning (10240): Verilog HDL Always Construct warning at top.v(568): inferring latch(es) for variable "i2s_div_acc", which holds its previous value in one or more paths through the always construct File: E:/soc26prj/soc-wuxi-arm/arm-soc/top.v Line: 568
Info (10041): Inferred latch for "i2s_div_acc[0]" at top.v(568) File: E:/soc26prj/soc-wuxi-arm/arm-soc/top.v Line: 568
Info (10041): Inferred latch for "i2s_div_acc[1]" at top.v(568) File: E:/soc26prj/soc-wuxi-arm/arm-soc/top.v Line: 568
Info (10041): Inferred latch for "i2s_div_acc[2]" at top.v(568) File: E:/soc26prj/soc-wuxi-arm/arm-soc/top.v Line: 568
Info (10041): Inferred latch for "i2s_div_acc[3]" at top.v(568) File: E:/soc26prj/soc-wuxi-arm/arm-soc/top.v Line: 568
Info (10041): Inferred latch for "i2s_div_acc[4]" at top.v(568) File: E:/soc26prj/soc-wuxi-arm/arm-soc/top.v Line: 568
Info (10041): Inferred latch for "i2s_div_acc[5]" at top.v(568) File: E:/soc26prj/soc-wuxi-arm/arm-soc/top.v Line: 568
Info (10041): Inferred latch for "i2s_div_acc[6]" at top.v(568) File: E:/soc26prj/soc-wuxi-arm/arm-soc/top.v Line: 568
Info (12128): Elaborating entity "CORTEXM3INTEGRATIONDS" for hierarchy "CORTEXM3INTEGRATIONDS:u_CORTEXM3INTEGRATION" File: E:/soc26prj/soc-wuxi-arm/arm-soc/top.v Line: 394
Info (12128): Elaborating entity "cortexm3ds_logic" for hierarchy "CORTEXM3INTEGRATIONDS:u_CORTEXM3INTEGRATION|cortexm3ds_logic:u_cortexm3ds_logic" File: E:/soc26prj/soc-wuxi-arm/arm-soc/CORTEXM3INTEGRATIONDS.v Line: 350
Warning (10036): Verilog HDL or VHDL warning at cortexm3ds_logic.v(6061): object "Aka7z6" assigned a value but never read File: E:/soc26prj/soc-wuxi-arm/arm-soc/cortexm3ds_logic.v Line: 6061
Warning (10036): Verilog HDL or VHDL warning at cortexm3ds_logic.v(6061): object "Xka7z6" assigned a value but never read File: E:/soc26prj/soc-wuxi-arm/arm-soc/cortexm3ds_logic.v Line: 6061
Warning (10036): Verilog HDL or VHDL warning at cortexm3ds_logic.v(6061): object "Ula7z6" assigned a value but never read File: E:/soc26prj/soc-wuxi-arm/arm-soc/cortexm3ds_logic.v Line: 6061
Warning (10036): Verilog HDL or VHDL warning at cortexm3ds_logic.v(6061): object "Rma7z6" assigned a value but never read File: E:/soc26prj/soc-wuxi-arm/arm-soc/cortexm3ds_logic.v Line: 6061
Warning (10036): Verilog HDL or VHDL warning at cortexm3ds_logic.v(6062): object "Ona7z6" assigned a value but never read File: E:/soc26prj/soc-wuxi-arm/arm-soc/cortexm3ds_logic.v Line: 6062
Warning (10036): Verilog HDL or VHDL warning at cortexm3ds_logic.v(6062): object "Loa7z6" assigned a value but never read File: E:/soc26prj/soc-wuxi-arm/arm-soc/cortexm3ds_logic.v Line: 6062
Warning (10036): Verilog HDL or VHDL warning at cortexm3ds_logic.v(6062): object "Ipa7z6" assigned a value but never read File: E:/soc26prj/soc-wuxi-arm/arm-soc/cortexm3ds_logic.v Line: 6062
Warning (10036): Verilog HDL or VHDL warning at cortexm3ds_logic.v(6062): object "Fqa7z6" assigned a value but never read File: E:/soc26prj/soc-wuxi-arm/arm-soc/cortexm3ds_logic.v Line: 6062
Warning (10036): Verilog HDL or VHDL warning at cortexm3ds_logic.v(6062): object "Cra7z6" assigned a value but never read File: E:/soc26prj/soc-wuxi-arm/arm-soc/cortexm3ds_logic.v Line: 6062
Warning (10036): Verilog HDL or VHDL warning at cortexm3ds_logic.v(6062): object "Zra7z6" assigned a value but never read File: E:/soc26prj/soc-wuxi-arm/arm-soc/cortexm3ds_logic.v Line: 6062
Warning (10036): Verilog HDL or VHDL warning at cortexm3ds_logic.v(6062): object "Xsa7z6" assigned a value but never read File: E:/soc26prj/soc-wuxi-arm/arm-soc/cortexm3ds_logic.v Line: 6062
Warning (10036): Verilog HDL or VHDL warning at cortexm3ds_logic.v(6062): object "Vta7z6" assigned a value but never read File: E:/soc26prj/soc-wuxi-arm/arm-soc/cortexm3ds_logic.v Line: 6062
Warning (10036): Verilog HDL or VHDL warning at cortexm3ds_logic.v(6062): object "Tua7z6" assigned a value but never read File: E:/soc26prj/soc-wuxi-arm/arm-soc/cortexm3ds_logic.v Line: 6062
Warning (10036): Verilog HDL or VHDL warning at cortexm3ds_logic.v(6062): object "Rva7z6" assigned a value but never read File: E:/soc26prj/soc-wuxi-arm/arm-soc/cortexm3ds_logic.v Line: 6062
Warning (10036): Verilog HDL or VHDL warning at cortexm3ds_logic.v(6063): object "Pwa7z6" assigned a value but never read File: E:/soc26prj/soc-wuxi-arm/arm-soc/cortexm3ds_logic.v Line: 6063
Warning (10036): Verilog HDL or VHDL warning at cortexm3ds_logic.v(6063): object "Nxa7z6" assigned a value but never read File: E:/soc26prj/soc-wuxi-arm/arm-soc/cortexm3ds_logic.v Line: 6063
Warning (10036): Verilog HDL or VHDL warning at cortexm3ds_logic.v(6063): object "Lya7z6" assigned a value but never read File: E:/soc26prj/soc-wuxi-arm/arm-soc/cortexm3ds_logic.v Line: 6063
Warning (10036): Verilog HDL or VHDL warning at cortexm3ds_logic.v(6063): object "Jza7z6" assigned a value but never read File: E:/soc26prj/soc-wuxi-arm/arm-soc/cortexm3ds_logic.v Line: 6063
Warning (10036): Verilog HDL or VHDL warning at cortexm3ds_logic.v(6063): object "H0b7z6" assigned a value but never read File: E:/soc26prj/soc-wuxi-arm/arm-soc/cortexm3ds_logic.v Line: 6063
Warning (10036): Verilog HDL or VHDL warning at cortexm3ds_logic.v(6063): object "F1b7z6" assigned a value but never read File: E:/soc26prj/soc-wuxi-arm/arm-soc/cortexm3ds_logic.v Line: 6063
Warning (10036): Verilog HDL or VHDL warning at cortexm3ds_logic.v(6063): object "D2b7z6" assigned a value but never read File: E:/soc26prj/soc-wuxi-arm/arm-soc/cortexm3ds_logic.v Line: 6063
Warning (10036): Verilog HDL or VHDL warning at cortexm3ds_logic.v(6063): object "B3b7z6" assigned a value but never read File: E:/soc26prj/soc-wuxi-arm/arm-soc/cortexm3ds_logic.v Line: 6063
Warning (10036): Verilog HDL or VHDL warning at cortexm3ds_logic.v(6063): object "Z3b7z6" assigned a value but never read File: E:/soc26prj/soc-wuxi-arm/arm-soc/cortexm3ds_logic.v Line: 6063
Warning (10036): Verilog HDL or VHDL warning at cortexm3ds_logic.v(6063): object "X4b7z6" assigned a value but never read File: E:/soc26prj/soc-wuxi-arm/arm-soc/cortexm3ds_logic.v Line: 6063
Warning (10036): Verilog HDL or VHDL warning at cortexm3ds_logic.v(6064): object "V5b7z6" assigned a value but never read File: E:/soc26prj/soc-wuxi-arm/arm-soc/cortexm3ds_logic.v Line: 6064
Warning (10036): Verilog HDL or VHDL warning at cortexm3ds_logic.v(6064): object "T6b7z6" assigned a value but never read File: E:/soc26prj/soc-wuxi-arm/arm-soc/cortexm3ds_logic.v Line: 6064
Warning (10036): Verilog HDL or VHDL warning at cortexm3ds_logic.v(6064): object "R7b7z6" assigned a value but never read File: E:/soc26prj/soc-wuxi-arm/arm-soc/cortexm3ds_logic.v Line: 6064
Warning (10036): Verilog HDL or VHDL warning at cortexm3ds_logic.v(6064): object "P8b7z6" assigned a value but never read File: E:/soc26prj/soc-wuxi-arm/arm-soc/cortexm3ds_logic.v Line: 6064
Warning (10036): Verilog HDL or VHDL warning at cortexm3ds_logic.v(6064): object "N9b7z6" assigned a value but never read File: E:/soc26prj/soc-wuxi-arm/arm-soc/cortexm3ds_logic.v Line: 6064
Warning (10036): Verilog HDL or VHDL warning at cortexm3ds_logic.v(6064): object "Lab7z6" assigned a value but never read File: E:/soc26prj/soc-wuxi-arm/arm-soc/cortexm3ds_logic.v Line: 6064
Warning (10036): Verilog HDL or VHDL warning at cortexm3ds_logic.v(6064): object "Jbb7z6" assigned a value but never read File: E:/soc26prj/soc-wuxi-arm/arm-soc/cortexm3ds_logic.v Line: 6064
Warning (10036): Verilog HDL or VHDL warning at cortexm3ds_logic.v(6064): object "Hcb7z6" assigned a value but never read File: E:/soc26prj/soc-wuxi-arm/arm-soc/cortexm3ds_logic.v Line: 6064
Warning (10036): Verilog HDL or VHDL warning at cortexm3ds_logic.v(6064): object "Fdb7z6" assigned a value but never read File: E:/soc26prj/soc-wuxi-arm/arm-soc/cortexm3ds_logic.v Line: 6064
Warning (10036): Verilog HDL or VHDL warning at cortexm3ds_logic.v(6064): object "Deb7z6" assigned a value but never read File: E:/soc26prj/soc-wuxi-arm/arm-soc/cortexm3ds_logic.v Line: 6064
Warning (10036): Verilog HDL or VHDL warning at cortexm3ds_logic.v(6065): object "Bfb7z6" assigned a value but never read File: E:/soc26prj/soc-wuxi-arm/arm-soc/cortexm3ds_logic.v Line: 6065
Warning (10036): Verilog HDL or VHDL warning at cortexm3ds_logic.v(6065): object "Zfb7z6" assigned a value but never read File: E:/soc26prj/soc-wuxi-arm/arm-soc/cortexm3ds_logic.v Line: 6065
Warning (10036): Verilog HDL or VHDL warning at cortexm3ds_logic.v(6065): object "Xgb7z6" assigned a value but never read File: E:/soc26prj/soc-wuxi-arm/arm-soc/cortexm3ds_logic.v Line: 6065
Warning (10036): Verilog HDL or VHDL warning at cortexm3ds_logic.v(6065): object "Vhb7z6" assigned a value but never read File: E:/soc26prj/soc-wuxi-arm/arm-soc/cortexm3ds_logic.v Line: 6065
Warning (10230): Verilog HDL assignment warning at cortexm3ds_logic.v(12998): truncated value with size 33 to match size of target (5) File: E:/soc26prj/soc-wuxi-arm/arm-soc/cortexm3ds_logic.v Line: 12998
Warning (10230): Verilog HDL assignment warning at cortexm3ds_logic.v(13001): truncated value with size 33 to match size of target (5) File: E:/soc26prj/soc-wuxi-arm/arm-soc/cortexm3ds_logic.v Line: 13001
Warning (10230): Verilog HDL assignment warning at cortexm3ds_logic.v(13008): truncated value with size 33 to match size of target (31) File: E:/soc26prj/soc-wuxi-arm/arm-soc/cortexm3ds_logic.v Line: 13008
Warning (10230): Verilog HDL assignment warning at cortexm3ds_logic.v(13043): truncated value with size 33 to match size of target (12) File: E:/soc26prj/soc-wuxi-arm/arm-soc/cortexm3ds_logic.v Line: 13043
Warning (10230): Verilog HDL assignment warning at cortexm3ds_logic.v(13067): truncated value with size 33 to match size of target (32) File: E:/soc26prj/soc-wuxi-arm/arm-soc/cortexm3ds_logic.v Line: 13067
Warning (10230): Verilog HDL assignment warning at cortexm3ds_logic.v(13072): truncated value with size 33 to match size of target (30) File: E:/soc26prj/soc-wuxi-arm/arm-soc/cortexm3ds_logic.v Line: 13072
Warning (10230): Verilog HDL assignment warning at cortexm3ds_logic.v(13110): truncated value with size 33 to match size of target (31) File: E:/soc26prj/soc-wuxi-arm/arm-soc/cortexm3ds_logic.v Line: 13110
Warning (10230): Verilog HDL assignment warning at cortexm3ds_logic.v(13119): truncated value with size 33 to match size of target (31) File: E:/soc26prj/soc-wuxi-arm/arm-soc/cortexm3ds_logic.v Line: 13119
Warning (10230): Verilog HDL assignment warning at cortexm3ds_logic.v(13128): truncated value with size 33 to match size of target (32) File: E:/soc26prj/soc-wuxi-arm/arm-soc/cortexm3ds_logic.v Line: 13128
Warning (10230): Verilog HDL assignment warning at cortexm3ds_logic.v(13134): truncated value with size 33 to match size of target (32) File: E:/soc26prj/soc-wuxi-arm/arm-soc/cortexm3ds_logic.v Line: 13134
Warning (10230): Verilog HDL assignment warning at cortexm3ds_logic.v(13142): truncated value with size 33 to match size of target (10) File: E:/soc26prj/soc-wuxi-arm/arm-soc/cortexm3ds_logic.v Line: 13142
Warning (10230): Verilog HDL assignment warning at cortexm3ds_logic.v(13146): truncated value with size 33 to match size of target (10) File: E:/soc26prj/soc-wuxi-arm/arm-soc/cortexm3ds_logic.v Line: 13146
Warning (10230): Verilog HDL assignment warning at cortexm3ds_logic.v(13157): truncated value with size 33 to match size of target (32) File: E:/soc26prj/soc-wuxi-arm/arm-soc/cortexm3ds_logic.v Line: 13157
Warning (10230): Verilog HDL assignment warning at cortexm3ds_logic.v(13170): truncated value with size 33 to match size of target (32) File: E:/soc26prj/soc-wuxi-arm/arm-soc/cortexm3ds_logic.v Line: 13170
Warning (10230): Verilog HDL assignment warning at cortexm3ds_logic.v(13185): truncated value with size 33 to match size of target (16) File: E:/soc26prj/soc-wuxi-arm/arm-soc/cortexm3ds_logic.v Line: 13185
Warning (10230): Verilog HDL assignment warning at cortexm3ds_logic.v(13187): truncated value with size 33 to match size of target (16) File: E:/soc26prj/soc-wuxi-arm/arm-soc/cortexm3ds_logic.v Line: 13187
Warning (10230): Verilog HDL assignment warning at cortexm3ds_logic.v(13223): truncated value with size 33 to match size of target (5) File: E:/soc26prj/soc-wuxi-arm/arm-soc/cortexm3ds_logic.v Line: 13223
Warning (10230): Verilog HDL assignment warning at cortexm3ds_logic.v(13233): truncated value with size 33 to match size of target (31) File: E:/soc26prj/soc-wuxi-arm/arm-soc/cortexm3ds_logic.v Line: 13233
Warning (10230): Verilog HDL assignment warning at cortexm3ds_logic.v(13240): truncated value with size 33 to match size of target (31) File: E:/soc26prj/soc-wuxi-arm/arm-soc/cortexm3ds_logic.v Line: 13240
Warning (10230): Verilog HDL assignment warning at cortexm3ds_logic.v(13244): truncated value with size 33 to match size of target (31) File: E:/soc26prj/soc-wuxi-arm/arm-soc/cortexm3ds_logic.v Line: 13244
Warning (10230): Verilog HDL assignment warning at cortexm3ds_logic.v(13253): truncated value with size 33 to match size of target (32) File: E:/soc26prj/soc-wuxi-arm/arm-soc/cortexm3ds_logic.v Line: 13253
Warning (10230): Verilog HDL assignment warning at cortexm3ds_logic.v(13255): truncated value with size 33 to match size of target (32) File: E:/soc26prj/soc-wuxi-arm/arm-soc/cortexm3ds_logic.v Line: 13255
Info (12128): Elaborating entity "BusMatrix3x3" for hierarchy "BusMatrix3x3:u_BusMatrix3x3" File: E:/soc26prj/soc-wuxi-arm/arm-soc/top.v Line: 543
Warning (10034): Output port "SCANOUTHCLK" at BusMatrix3x3.v(335) has no driver File: E:/soc26prj/soc-wuxi-arm/arm-soc/matrix/BusMatrix3x3.v Line: 335
Info (12128): Elaborating entity "InputStage" for hierarchy "BusMatrix3x3:u_BusMatrix3x3|InputStage:u_InputStage_0" File: E:/soc26prj/soc-wuxi-arm/arm-soc/matrix/BusMatrix3x3.v Line: 609
Info (12128): Elaborating entity "cmsdk_ahb_bm_decodeSI0" for hierarchy "BusMatrix3x3:u_BusMatrix3x3|cmsdk_ahb_bm_decodeSI0:u_cmsdk_ahb_bm_decodesi0" File: E:/soc26prj/soc-wuxi-arm/arm-soc/matrix/BusMatrix3x3.v Line: 746
Info (12128): Elaborating entity "BusMatrix3x3_default_slave" for hierarchy "BusMatrix3x3:u_BusMatrix3x3|cmsdk_ahb_bm_decodeSI0:u_cmsdk_ahb_bm_decodesi0|BusMatrix3x3_default_slave:u_BusMatrix3x3_default_slave" File: E:/soc26prj/soc-wuxi-arm/arm-soc/matrix/cmsdk_ahb_bm_decodeSI0.v Line: 212
Info (12128): Elaborating entity "cmsdk_ahb_bm_decodeSI1" for hierarchy "BusMatrix3x3:u_BusMatrix3x3|cmsdk_ahb_bm_decodeSI1:u_cmsdk_ahb_bm_decodesi1" File: E:/soc26prj/soc-wuxi-arm/arm-soc/matrix/BusMatrix3x3.v Line: 793
Info (12128): Elaborating entity "cmsdk_ahb_bm_decodeSI2" for hierarchy "BusMatrix3x3:u_BusMatrix3x3|cmsdk_ahb_bm_decodeSI2:u_cmsdk_ahb_bm_decodesi2" File: E:/soc26prj/soc-wuxi-arm/arm-soc/matrix/BusMatrix3x3.v Line: 840
Info (12128): Elaborating entity "OutputStage" for hierarchy "BusMatrix3x3:u_BusMatrix3x3|OutputStage:u_outputstage_0" File: E:/soc26prj/soc-wuxi-arm/arm-soc/matrix/BusMatrix3x3.v Line: 917
Info (12128): Elaborating entity "cmsdk_ahb_bm_output_arb" for hierarchy "BusMatrix3x3:u_BusMatrix3x3|OutputStage:u_outputstage_0|cmsdk_ahb_bm_output_arb:u_output_arb" File: E:/soc26prj/soc-wuxi-arm/arm-soc/matrix/OutputStage.v Line: 311
Info (12128): Elaborating entity "AHB2MEM" for hierarchy "AHB2MEM:U_SRAM" File: E:/soc26prj/soc-wuxi-arm/arm-soc/top.v Line: 561
Info (12128): Elaborating entity "i2s_rx_core" for hierarchy "i2s_rx_core:u_i2s_rx_core" File: E:/soc26prj/soc-wuxi-arm/arm-soc/top.v Line: 618
Warning (10230): Verilog HDL assignment warning at i2s_rx_core.v(116): truncated value with size 32 to match size of target (6) File: E:/soc26prj/soc-wuxi-arm/audio/rtl/i2s_rx_core.v Line: 116
Warning (10230): Verilog HDL assignment warning at i2s_rx_core.v(143): truncated value with size 32 to match size of target (6) File: E:/soc26prj/soc-wuxi-arm/audio/rtl/i2s_rx_core.v Line: 143
Info (12128): Elaborating entity "audio_ctrl_apb" for hierarchy "audio_ctrl_apb:u_audio_ctrl_apb" File: E:/soc26prj/soc-wuxi-arm/arm-soc/top.v Line: 645
Info (12128): Elaborating entity "audio_fifo" for hierarchy "audio_ctrl_apb:u_audio_ctrl_apb|audio_fifo:u_audio_fifo" File: E:/soc26prj/soc-wuxi-arm/audio/rtl/audio_ctrl_apb.v Line: 144
Info (10264): Verilog HDL Case Statement information at audio_fifo.v(81): all case item expressions in this case statement are onehot File: E:/soc26prj/soc-wuxi-arm/audio/rtl/audio_fifo.v Line: 81
Info (12128): Elaborating entity "spi_flash_apb_ctrl" for hierarchy "spi_flash_apb_ctrl:u_spi_flash_apb_ctrl" File: E:/soc26prj/soc-wuxi-arm/arm-soc/top.v Line: 665
Info (12128): Elaborating entity "spi_module" for hierarchy "spi_flash_apb_ctrl:u_spi_flash_apb_ctrl|spi_module:u_spi_module" File: E:/soc26prj/soc-wuxi-arm/audio/rtl/spi_controller.v Line: 191
Warning (10230): Verilog HDL assignment warning at spi_module.v(36): truncated value with size 32 to match size of target (16) File: E:/soc26prj/soc-wuxi-arm/audio/rtl/spi_module.v Line: 36
Warning (10230): Verilog HDL assignment warning at spi_module.v(37): truncated value with size 32 to match size of target (16) File: E:/soc26prj/soc-wuxi-arm/audio/rtl/spi_module.v Line: 37
Info (12128): Elaborating entity "cmsdk_apb_subsystem" for hierarchy "cmsdk_apb_subsystem:u_apb_subsystem" File: E:/soc26prj/soc-wuxi-arm/arm-soc/top.v Line: 732
Warning (10036): Verilog HDL or VHDL warning at apb_subsystem.v(223): object "dualtimer2a_int" assigned a value but never read File: E:/soc26prj/soc-wuxi-arm/arm-soc/apb/apb_subsystem.v Line: 223
Warning (10036): Verilog HDL or VHDL warning at apb_subsystem.v(224): object "dualtimer2b_int" assigned a value but never read File: E:/soc26prj/soc-wuxi-arm/arm-soc/apb/apb_subsystem.v Line: 224
Warning (10036): Verilog HDL or VHDL warning at apb_subsystem.v(244): object "uart2_combined_int" assigned a value but never read File: E:/soc26prj/soc-wuxi-arm/arm-soc/apb/apb_subsystem.v Line: 244
Info (12128): Elaborating entity "cmsdk_ahb_to_apb" for hierarchy "cmsdk_apb_subsystem:u_apb_subsystem|cmsdk_ahb_to_apb:u_ahb_to_apb" File: E:/soc26prj/soc-wuxi-arm/arm-soc/apb/apb_subsystem.v Line: 344
Info (12128): Elaborating entity "cmsdk_apb_slave_mux" for hierarchy "cmsdk_apb_subsystem:u_apb_subsystem|cmsdk_apb_slave_mux:u_apb_slave_mux" File: E:/soc26prj/soc-wuxi-arm/arm-soc/apb/apb_subsystem.v Line: 457
Info (12128): Elaborating entity "cmsdk_apb_timer" for hierarchy "cmsdk_apb_subsystem:u_apb_subsystem|cmsdk_apb_timer:gen_apb_timer_0.u_apb_timer_0" File: E:/soc26prj/soc-wuxi-arm/arm-soc/apb/apb_subsystem.v Line: 483
Info (12128): Elaborating entity "gpio" for hierarchy "cmsdk_apb_subsystem:u_apb_subsystem|gpio:gen_apb_gpio_0.u_gpio_0" File: E:/soc26prj/soc-wuxi-arm/arm-soc/apb/apb_subsystem.v Line: 621
Info (12128): Elaborating entity "gpio_apbif" for hierarchy "cmsdk_apb_subsystem:u_apb_subsystem|gpio:gen_apb_gpio_0.u_gpio_0|gpio_apbif:x_gpio_apbif" File: E:/soc26prj/soc-wuxi-arm/arm-soc/apb/gpio.v Line: 119
Info (12128): Elaborating entity "gpio_ctrl" for hierarchy "cmsdk_apb_subsystem:u_apb_subsystem|gpio:gen_apb_gpio_0.u_gpio_0|gpio_ctrl:x_gpio_ctrl" File: E:/soc26prj/soc-wuxi-arm/arm-soc/apb/gpio.v Line: 144
Info (12128): Elaborating entity "cmsdk_apb_uart" for hierarchy "cmsdk_apb_subsystem:u_apb_subsystem|cmsdk_apb_uart:gen_apb_uart_1.u_apb_uart_1" File: E:/soc26prj/soc-wuxi-arm/arm-soc/apb/apb_subsystem.v Line: 705
Warning (276020): Inferred RAM node "audio_ctrl_apb:u_audio_ctrl_apb|audio_fifo:u_audio_fifo|mem_rtl_0" from synchronous design logic.  Pass-through logic has been added to match the read-during-write behavior of the original design.
Info (19000): Inferred 2 megafunctions from design logic
    Info (276029): Inferred altsyncram megafunction from the following design logic: "AHB2MEM:U_SRAM|memory_rtl_0" 
        Info (286033): Parameter OPERATION_MODE set to DUAL_PORT
        Info (286033): Parameter WIDTH_A set to 32
        Info (286033): Parameter WIDTHAD_A set to 14
        Info (286033): Parameter NUMWORDS_A set to 16384
        Info (286033): Parameter WIDTH_B set to 32
        Info (286033): Parameter WIDTHAD_B set to 14
        Info (286033): Parameter NUMWORDS_B set to 16384
        Info (286033): Parameter ADDRESS_ACLR_A set to NONE
        Info (286033): Parameter OUTDATA_REG_B set to UNREGISTERED
        Info (286033): Parameter ADDRESS_ACLR_B set to NONE
        Info (286033): Parameter OUTDATA_ACLR_B set to NONE
        Info (286033): Parameter ADDRESS_REG_B set to CLOCK0
        Info (286033): Parameter INDATA_ACLR_A set to NONE
        Info (286033): Parameter WRCONTROL_ACLR_A set to NONE
        Info (286033): Parameter READ_DURING_WRITE_MODE_MIXED_PORTS set to OLD_DATA
    Info (276029): Inferred altsyncram megafunction from the following design logic: "audio_ctrl_apb:u_audio_ctrl_apb|audio_fifo:u_audio_fifo|mem_rtl_0" 
        Info (286033): Parameter OPERATION_MODE set to DUAL_PORT
        Info (286033): Parameter WIDTH_A set to 24
        Info (286033): Parameter WIDTHAD_A set to 4
        Info (286033): Parameter NUMWORDS_A set to 16
        Info (286033): Parameter WIDTH_B set to 24
        Info (286033): Parameter WIDTHAD_B set to 4
        Info (286033): Parameter NUMWORDS_B set to 16
        Info (286033): Parameter ADDRESS_ACLR_A set to NONE
        Info (286033): Parameter OUTDATA_REG_B set to UNREGISTERED
        Info (286033): Parameter ADDRESS_ACLR_B set to NONE
        Info (286033): Parameter OUTDATA_ACLR_B set to NONE
        Info (286033): Parameter ADDRESS_REG_B set to CLOCK0
        Info (286033): Parameter INDATA_ACLR_A set to NONE
        Info (286033): Parameter WRCONTROL_ACLR_A set to NONE
Info (278001): Inferred 2 megafunctions from design logic
    Info (278003): Inferred multiplier megafunction ("lpm_mult") from the following logic: "CORTEXM3INTEGRATIONDS:u_CORTEXM3INTEGRATION|cortexm3ds_logic:u_cortexm3ds_logic|Mult0" File: E:/soc26prj/soc-wuxi-arm/arm-soc/cortexm3ds_logic.v Line: 13205
    Info (278002): Inferred adder/subtractor megafunction ("lpm_add_sub") from the following logic: "CORTEXM3INTEGRATIONDS:u_CORTEXM3INTEGRATION|cortexm3ds_logic:u_cortexm3ds_logic|Add25" File: E:/soc26prj/soc-wuxi-arm/arm-soc/cortexm3ds_logic.v Line: 13168
Info (12130): Elaborated megafunction instantiation "AHB2MEM:U_SRAM|altsyncram:memory_rtl_0"
Info (12133): Instantiated megafunction "AHB2MEM:U_SRAM|altsyncram:memory_rtl_0" with the following parameter:
    Info (12134): Parameter "OPERATION_MODE" = "DUAL_PORT"
    Info (12134): Parameter "WIDTH_A" = "32"
    Info (12134): Parameter "WIDTHAD_A" = "14"
    Info (12134): Parameter "NUMWORDS_A" = "16384"
    Info (12134): Parameter "WIDTH_B" = "32"
    Info (12134): Parameter "WIDTHAD_B" = "14"
    Info (12134): Parameter "NUMWORDS_B" = "16384"
    Info (12134): Parameter "ADDRESS_ACLR_A" = "NONE"
    Info (12134): Parameter "OUTDATA_REG_B" = "UNREGISTERED"
    Info (12134): Parameter "ADDRESS_ACLR_B" = "NONE"
    Info (12134): Parameter "OUTDATA_ACLR_B" = "NONE"
    Info (12134): Parameter "ADDRESS_REG_B" = "CLOCK0"
    Info (12134): Parameter "INDATA_ACLR_A" = "NONE"
    Info (12134): Parameter "WRCONTROL_ACLR_A" = "NONE"
    Info (12134): Parameter "READ_DURING_WRITE_MODE_MIXED_PORTS" = "OLD_DATA"
Info (12021): Found 1 design units, including 1 entities, in source file db/altsyncram_6kg1.tdf
    Info (12023): Found entity 1: altsyncram_6kg1 File: E:/soc26prj/Quartus/db/altsyncram_6kg1.tdf Line: 32
Info (12021): Found 1 design units, including 1 entities, in source file db/decode_97a.tdf
    Info (12023): Found entity 1: decode_97a File: E:/soc26prj/Quartus/db/decode_97a.tdf Line: 23
Info (12021): Found 1 design units, including 1 entities, in source file db/mux_63b.tdf
    Info (12023): Found entity 1: mux_63b File: E:/soc26prj/Quartus/db/mux_63b.tdf Line: 23
Info (12130): Elaborated megafunction instantiation "audio_ctrl_apb:u_audio_ctrl_apb|audio_fifo:u_audio_fifo|altsyncram:mem_rtl_0"
Info (12133): Instantiated megafunction "audio_ctrl_apb:u_audio_ctrl_apb|audio_fifo:u_audio_fifo|altsyncram:mem_rtl_0" with the following parameter:
    Info (12134): Parameter "OPERATION_MODE" = "DUAL_PORT"
    Info (12134): Parameter "WIDTH_A" = "24"
    Info (12134): Parameter "WIDTHAD_A" = "4"
    Info (12134): Parameter "NUMWORDS_A" = "16"
    Info (12134): Parameter "WIDTH_B" = "24"
    Info (12134): Parameter "WIDTHAD_B" = "4"
    Info (12134): Parameter "NUMWORDS_B" = "16"
    Info (12134): Parameter "ADDRESS_ACLR_A" = "NONE"
    Info (12134): Parameter "OUTDATA_REG_B" = "UNREGISTERED"
    Info (12134): Parameter "ADDRESS_ACLR_B" = "NONE"
    Info (12134): Parameter "OUTDATA_ACLR_B" = "NONE"
    Info (12134): Parameter "ADDRESS_REG_B" = "CLOCK0"
    Info (12134): Parameter "INDATA_ACLR_A" = "NONE"
    Info (12134): Parameter "WRCONTROL_ACLR_A" = "NONE"
Info (12021): Found 1 design units, including 1 entities, in source file db/altsyncram_gnb1.tdf
    Info (12023): Found entity 1: altsyncram_gnb1 File: E:/soc26prj/Quartus/db/altsyncram_gnb1.tdf Line: 28
Info (12130): Elaborated megafunction instantiation "CORTEXM3INTEGRATIONDS:u_CORTEXM3INTEGRATION|cortexm3ds_logic:u_cortexm3ds_logic|lpm_mult:Mult0" File: E:/soc26prj/soc-wuxi-arm/arm-soc/cortexm3ds_logic.v Line: 13205
Info (12133): Instantiated megafunction "CORTEXM3INTEGRATIONDS:u_CORTEXM3INTEGRATION|cortexm3ds_logic:u_cortexm3ds_logic|lpm_mult:Mult0" with the following parameter: File: E:/soc26prj/soc-wuxi-arm/arm-soc/cortexm3ds_logic.v Line: 13205
    Info (12134): Parameter "LPM_WIDTHA" = "32"
    Info (12134): Parameter "LPM_WIDTHB" = "32"
    Info (12134): Parameter "LPM_WIDTHP" = "64"
    Info (12134): Parameter "LPM_WIDTHR" = "64"
    Info (12134): Parameter "LPM_WIDTHS" = "1"
    Info (12134): Parameter "LPM_REPRESENTATION" = "UNSIGNED"
    Info (12134): Parameter "INPUT_A_IS_CONSTANT" = "NO"
    Info (12134): Parameter "INPUT_B_IS_CONSTANT" = "NO"
    Info (12134): Parameter "MAXIMIZE_SPEED" = "5"
Info (12021): Found 1 design units, including 1 entities, in source file db/mult_tns.tdf
    Info (12023): Found entity 1: mult_tns File: E:/soc26prj/Quartus/db/mult_tns.tdf Line: 31
Info (12130): Elaborated megafunction instantiation "CORTEXM3INTEGRATIONDS:u_CORTEXM3INTEGRATION|cortexm3ds_logic:u_cortexm3ds_logic|lpm_add_sub:Add25" File: E:/soc26prj/soc-wuxi-arm/arm-soc/cortexm3ds_logic.v Line: 13168
Info (12133): Instantiated megafunction "CORTEXM3INTEGRATIONDS:u_CORTEXM3INTEGRATION|cortexm3ds_logic:u_cortexm3ds_logic|lpm_add_sub:Add25" with the following parameter: File: E:/soc26prj/soc-wuxi-arm/arm-soc/cortexm3ds_logic.v Line: 13168
    Info (12134): Parameter "LPM_WIDTH" = "32"
    Info (12134): Parameter "LPM_DIRECTION" = "DEFAULT"
    Info (12134): Parameter "LPM_REPRESENTATION" = "UNSIGNED"
    Info (12134): Parameter "ONE_INPUT_IS_CONSTANT" = "NO"
Info (12021): Found 1 design units, including 1 entities, in source file db/add_sub_fai.tdf
    Info (12023): Found entity 1: add_sub_fai File: E:/soc26prj/Quartus/db/add_sub_fai.tdf Line: 23
Warning (14284): Synthesized away the following node(s):
    Warning (14285): Synthesized away the following DSP element node(s):
        Warning (14320): Synthesized away node "CORTEXM3INTEGRATIONDS:u_CORTEXM3INTEGRATION|cortexm3ds_logic:u_cortexm3ds_logic|lpm_mult:Mult0|mult_tns:auto_generated|mac_mult7" File: E:/soc26prj/Quartus/db/mult_tns.tdf Line: 67
        Warning (14320): Synthesized away node "CORTEXM3INTEGRATIONDS:u_CORTEXM3INTEGRATION|cortexm3ds_logic:u_cortexm3ds_logic|lpm_mult:Mult0|mult_tns:auto_generated|mac_out8" File: E:/soc26prj/Quartus/db/mult_tns.tdf Line: 91
Warning (12241): 1 hierarchies have connectivity warnings - see the Connectivity Checks report folder
Info (13014): Ignored 84 buffer(s)
    Info (13019): Ignored 84 SOFT buffer(s)
Info (13000): Registers with preset signals will power-up high File: E:/soc26prj/soc-wuxi-arm/arm-soc/apb/cmsdk_apb_uart.v Line: 475
Info (13003): DEV_CLRn pin will set, and not reset, register with preset signal due to NOT Gate Push-Back
Warning (13024): Output pins are stuck at VCC or GND
    Warning (13410): Pin "uart2_txd" is stuck at VCC File: E:/soc26prj/soc-wuxi-arm/arm-soc/top.v Line: 22
Info (286030): Timing-Driven Synthesis is running
Info (17049): 48 registers lost all their fanouts during netlist optimizations.
Info (144001): Generated suppressed messages file E:/soc26prj/Quartus/output_files/top.map.smsg
Info (16010): Generating hard_block partition "hard_block:auto_generated_inst"
    Info (16011): Adding 0 node(s), including 0 DDIO, 0 PLL, 0 transceiver and 0 LCELL
Warning (21074): Design contains 2 input pin(s) that do not drive logic
    Warning (15610): No output dependent on input pin "uart2_rxd" File: E:/soc26prj/soc-wuxi-arm/arm-soc/top.v Line: 21
    Warning (15610): No output dependent on input pin "timer1_extin" File: E:/soc26prj/soc-wuxi-arm/arm-soc/top.v Line: 26
Info (21057): Implemented 26616 device resources after synthesis - the final resource count might be different
    Info (21058): Implemented 10 input pins
    Info (21059): Implemented 8 output pins
    Info (21060): Implemented 9 bidirectional pins
    Info (21061): Implemented 26495 logic cells
    Info (21064): Implemented 88 RAM segments
    Info (21062): Implemented 6 DSP elements
Info: Quartus Prime Analysis & Synthesis was successful. 0 errors, 100 warnings
    Info: Peak virtual memory: 5094 megabytes
    Info: Processing ended: Mon May 04 10:11:54 2026
    Info: Elapsed time: 00:01:07
    Info: Total CPU time (on all processors): 00:01:14


+------------------------------------------+
; Analysis & Synthesis Suppressed Messages ;
+------------------------------------------+
The suppressed messages can be found in E:/soc26prj/Quartus/output_files/top.map.smsg.


